Ticker,1w,1m,3m,6m,1y,Price,Value,Exchange
INTS,-13.16195446550883,-17.730151328323608,-22.487378914764143,-40.60972498656752,,3.450000047683716,99256.5013718605,NASDAQ
NOC,-4.917671794033551,-9.214153388637037,-9.377734185330011,-29.715406100068485,,476.1099853515625,571458627.6779785,NYSE
HELE,-7.779146723524521,-6.395835261929883,-5.1576145424783615,84.34080615581114,,25.639999389648438,14909710.925079346,NASDAQ
INTG,-17.07351692305178,-17.04532417967366,-36.4352684180412,-21.78685619137194,,28.2450008392334,1030518.8556194305,NASDAQ
DG,-2.530203114192908,-6.761757507390554,3.314490542433157,0.1537211652030468,,119.31999969482422,204943792.8358307,NYSE
EAT,-4.9169701517325475,-14.699578996169349,13.086636944066331,37.09803034381724,,194.16000366210938,314195736.8861389,NYSE
APPF,-1.4704135623549996,-11.737401834072148,18.348894920888426,28.483642167302015,,204.25,104925880.25,NASDAQ
IDN,-3.865548511588879,-17.638590839443314,-45.23695599847567,-68.6231491858679,,2.259999990463257,354338.61850476265,NASDAQ
PTCT,0.5576449349262491,-9.168600876592347,-23.73416982644129,-5.368672237683514,,63.650001525878906,66452065.54305267,NASDAQ
CBIO,-2.071126198024942,-21.212454589128427,-16.585422454921517,-22.795144733318484,,13.9399995803833,2606807.801530838,NASDAQ
CJMB,10.82331471698128,11.85807607965601,199.20080057194255,90.46105453334165,,2.4000000953674316,86304.00342941284,NASDAQ
PWRL,2.7362727252391084,12.165879651062417,-23.35482084806366,,,12.399999618530273,3784132.6835861206,NASDAQ
UTF,1.8652427930235582,-8.163568024630418,-9.741536971936092,-4.520949501182214,,25.170000076293945,10705656.812450409,NYSE
LGIH,-4.818938793572903,-13.914940848966339,-22.402437576439404,23.04255358577485,,46.45000076293945,12483159.0050354,NASDAQ
BRX,-1.3845038949181654,-5.8360164881986805,-12.058599088804222,-4.640677400900895,,27.049999237060547,107969558.00474167,NYSE
ATHR,-2.9817778298235065,16.589248394851275,-27.426683578858846,61.26663574118372,,3.1600000858306885,28174.56076526642,NASDAQ
CLFD,3.3836015664254315,11.527495041231717,-10.739528437537093,21.0184812946153,,33.15999984741211,4498982.979297638,NASDAQ
APH,2.811763734919026,6.643106666584653,2.2097648861810537,36.545108836561035,,87.2699966430664,821392102.7342758,NYSE
EAI,-1.2965125315739345,-4.419722136473403,-6.565555746146623,-6.45354741978319,,18.799999237060547,647998.3737030029,NYSE
RXT,-2.954321072143029,25.44929162061078,-38.77838771776223,302.3260534525813,,3.9000000953674316,17518753.62838936,NASDAQ
OXBR,-22.11472039638317,-15.769803541303595,-13.44086023474379,16.473750732583948,,1.1399999856948853,10660.139866232872,NASDAQ
OSPRW,3.5502960666806027,-5.405408235428677,,,,0.3499999940395355,0.0,NASDAQ
GFF,-3.401641051220039,-3.2680297345248355,0.07902670182151628,30.195337006652867,,94.08999633789062,40685267.13647461,NYSE
NAD,-1.0786451001985498,-12.839122723119045,-16.40702907586037,-12.324005189460351,,9.960000038146973,20924416.280140877,NYSE
ALNY,-6.94719010961612,-6.704889054278174,-24.41826747073793,-27.896213715300643,,219.88999938964844,281120348.72969055,NASDAQ
AIV,-9.39226908683909,-22.580644616693167,-33.42354685733184,-51.19047740126591,,1.8799999952316284,3624833.6308060884,NYSE
NSAI,0.17217134295792746,0.21276889726937753,,,,9.885000228881836,14264.05533027649,NASDAQ
XXII,-45.67778505745517,-68.17182944871048,-79.4578783266398,-98.07239844612337,,0.911899983882904,58699.001962542534,NASDAQ
BAERW,,,,,,0.07249999791383743,552.2324841096997,NASDAQ
TJX,1.9057955391734716,0.14869183385961549,-12.555572324555131,-16.716835251292792,,134.41000366210938,1298093777.337616,NYSE
PNC,-1.6600879781856204,-8.368823352912857,-11.84118263181687,5.953075119689544,,220.27999877929688,635054460.2407837,NYSE
ASND,-0.6922119849568475,-13.02047170855094,-15.238486500734972,0.6939157025760201,,228.02999877929688,178595375.3439331,NASDAQ
MS,-3.6036316178397643,-11.117874223406787,-12.013308692885449,15.567213584670636,,190.19000244140625,817361695.6322021,NYSE
GSRV,0.04046218339939234,-0.020216892452495916,-0.20181134608774354,,,9.890000343322754,87219.91302776337,NASDAQ
CHAD,2.37987351191844,,,,,9.460000038146973,403601.44162750244,NASDAQ
SI,9.340847492483872,-8.332527337958972,-9.39853249969479,31.121535997410056,,19.600000381469727,2902485.656490326,NYSE
JHS,-0.6897884779990315,-4.741775282009608,-5.900508359661805,-5.316037553165732,,10.300000190734863,89589.40165901184,NYSE
OIS,-1.3996183001445894,-7.2838668705240135,4.341161548046246,-28.151928784895507,,8.479999542236328,6416696.933616638,NYSE
AVLN,-6.05153983613117,-21.36922256090843,-7.199944648585454,,,27.030000686645508,11544837.653274536,NASDAQ
DTIL,-2.9375380914968607,-17.13305130202667,-24.1970547677008,10.372711944555956,,6.309999942779541,1380419.7574820518,NASDAQ
ZKH,-4.625086610520956,-7.351942673982304,16.723840436629068,-10.636900255355231,,2.4700000286102295,565597.8965513706,NYSE
FWRG,1.6264940780898796,-15.088006846280777,-20.350177898121167,-3.336438122506924,,10.510000228881836,16559861.150632858,NASDAQ
CHRD,-0.525507748148224,-8.04884541967641,20.0412241049734,-3.962962755884758,,139.11000061035156,78706351.69532776,NASDAQ
BZUN,4.4451853057402735,9.957776085824243,10.973010271641392,28.284069589019435,,3.2899999618530273,932228.069190979,NASDAQ
DFDVW,-13.731657795571362,10.203534536254244,132.48587875027712,50.18248157716152,,0.8100000023841858,1381.860004067421,NASDAQ
UYSC,0.0,0.49333173766117344,2.765322327399411,5.769230769230771,,11.0,0.0,NASDAQ
APD,-2.258014504850303,-9.682142227754586,-9.158328059058773,-4.891885388007955,,279.45001220703125,304734369.86151123,NYSE
MXL,10.358359362795166,62.85226644446311,-5.527726229049257,455.5086183892971,,105.48999786376953,281624326.5169525,NASDAQ
LOOP,-6.683804151292428,-13.947055979747702,-51.220604347315856,-69.75000015729003,,0.4300000071525574,31761.520528316498,NASDAQ
DSY,-1.1098768708267537,-8.849106090095837,-7.859358778036485,46.787477588604666,,3.5299999713897705,21331.789827108383,NASDAQ
CWST,-3.208763914596824,-13.491048464084232,-16.551228364764704,-1.9046715958566662,,83.41999816894531,72142198.35649109,NASDAQ
NRDS,3.584227079218527,-12.335691747151056,-7.863976084888636,-16.26424754783937,,8.829999923706055,6425891.164478302,NASDAQ
BEKE,0.0964551762610677,-6.8237933756176705,11.361502676537171,11.108135842429313,,16.5,54552580.5,NYSE
WEA,-0.44363836731573514,-5.25810571030767,-7.111945200849645,-6.407584847408043,,9.829999923706055,456672.3064556122,NYSE
CIIT,-3.399327037954736,-11.800817180501532,-55.30591105993202,-84.32727264635491,,2.5799999237060547,52015.37846183777,NASDAQ
VPG,7.365597380700661,21.928004219826725,-41.78001833526458,72.0222825987538,,78.05999755859375,23279364.711914062,NYSE
BKHAU,3.511651391628212,4.31618925938777,3.3082238137168263,7.921303999974549,,12.789999961853027,0.0,NASDAQ
AYA,-4.529715099317655,-3.7954852325878696,40.174306091132905,74.16527125561423,,27.030000686645508,22023395.83946228,NASDAQ
ONBPO,-0.15698869643919755,-0.4950395881545888,-0.23248789078580412,0.12109130767479215,,24.799999237060547,279619.99139785767,NASDAQ
HURA,-5.157592862216697,-5.066921429611638,-16.06086312443701,24.124997854232767,,1.8700000047683716,624793.1815931797,NASDAQ
DMB,-2.4891136526160706,-10.508281907146033,-14.92942767064742,-10.559361200776141,,9.399999618530273,986670.9599590302,NYSE
CHCO,0.586416296570591,-1.7586392154192776,5.148706853683005,16.541032387796427,,141.77000427246094,14583455.02949524,NASDAQ
FRGT,-35.157385052191515,-79.11076484212795,-93.54698787252586,-93.90116150297246,,0.24500000476837158,295226.2307459116,NASDAQ
CRBD,-1.2740048161732465,-2.3509497803392287,-9.246633617958711,-9.845459387516886,,21.1200008392334,1203544.3678245544,NYSE
PLD,-3.217519018358783,-6.849432683113365,-6.8855947100523895,-1.9366769846002607,,128.0800018310547,356466369.4161072,NYSE
ACB,-3.023028649562143,0.898649933135065,46.237341625239424,21.89385167660891,,4.460000038146973,20302749.733652115,NASDAQ
NBBK,-1.054682821513464,-0.6761550926268067,5.549778589229959,4.8853821278172616,,22.40999984741211,4880270.48677063,NASDAQ
STLN,-5.893704390412968,5.369018380614077,15.42243282626119,106.21340848725475,,6.300000190734863,8413713.254728317,NASDAQ
NIM,-1.5415991192381684,-6.5016194908603,-7.635049320397513,-7.517039109378687,,8.609999656677246,290062.27843379974,NYSE
WMS,-2.213650330186623,-4.796257164198625,-16.008995765395674,-6.611306727265765,,129.42999267578125,114524575.85925293,NYSE
MOH,-1.1997424214963193,-6.396917402276603,-18.129404289167596,37.98896431382144,,194.0500030517578,175373660.50804138,NYSE
BAOS,-11.351753676391386,-24.730498744995256,-91.01438318254216,-90.6483887070023,,0.2370000034570694,44630.18165101111,NASDAQ
MTEKW,,,,,,0.07370000332593918,24.17360109090805,NASDAQ
PAYC,0.21116432392833673,-6.866273322169869,62.70053848190755,82.09366202665687,,225.7899932861328,135860774.23017883,NYSE
CMCM,2.1903301964003585,-17.90048570551862,-14.095238276890342,-51.330935688629864,,2.619999885559082,111868.75511360168,NYSE
ECL,-0.9762028057668348,-2.4548103471151106,-2.3210159403894703,3.3941164268483037,,277.07000732421875,258540673.5144043,NYSE
KLRS,-6.745639101362643,-28.542613262348805,-37.93254565183105,-51.24720437503054,,2.8299999237060547,77508.03791046143,NASDAQ
SVCC,0.3557414122350666,0.5062842899385966,1.3424106394639646,2.5444841088062997,,10.720000267028809,0.0,NASDAQ
AGO,-1.2823829338306059,-8.782019576383915,-17.029573083565243,-15.469465488112089,,69.12999725341797,36412013.893325806,NYSE
HODO,-10.093897953489906,-37.315876765299826,-93.98271809447182,-94.06017369540677,,0.13699999451637268,254667.91980654,NASDAQ
YDESW,,,,,,0.6202999949455261,11236.734408438206,NASDAQ
CAR,1.6259247561186907,-23.322799746577193,-30.21888328589689,-36.94792313777554,,107.9800033569336,38724544.663887024,NASDAQ
MITK,-1.2255992163506924,-5.350150302226419,-11.884994947205952,27.92475156426626,,17.700000762939453,6739806.290512085,NASDAQ
KN,3.7695109499138013,11.734604967105344,1.1102949154063069,49.6029280028909,,39.400001525878906,33089854.881500244,NYSE
ATRC,-5.736461509498936,11.35693296754452,80.58698102922352,94.85909408816656,,56.369998931884766,61755306.77984238,NASDAQ
EVAC,0.04850056849496909,0.17482546954334932,1.3163066183928818,2.2402856908733115,,10.319999694824219,217029.59358215332,NYSE
ASLE,-6.206391967953895,-7.731213571612727,-20.33687220563729,-17.506461713349218,,4.949999809265137,4575265.023704529,NASDAQ
SLRC,-1.3950334108873808,-8.34914571802794,-7.456490607952526,-19.444060242789963,,11.4399995803833,3673818.5852451324,NASDAQ
EFSCP,-1.1575310888483958,-12.280700764169094,-17.421152312215682,-14.406516873544595,,16.020000457763672,107926.74308395386,NASDAQ
UMH,-0.6325026145104107,-5.126942055070815,0.286606712739057,5.916344550089825,,15.369999885559082,8905946.623688698,NYSE
WKSP,0.7203963405646441,-23.12714727783535,-52.72612080443042,-55.09835370700756,,0.4059999883174896,163392.6652984321,NASDAQ
BAK,-2.319586991421252,-15.212529360287752,-36.990857925955,-56.88282163480176,,1.6100000143051147,2379183.9611394405,NYSE
CBZ,0.03291625688190969,0.263948020099658,57.33762486588321,100.82237409678592,,54.720001220703125,47310913.05541992,NYSE
GBAB,-2.0892238876750735,-8.74084956128398,-13.044084141163648,-13.28603252021453,,12.470000267028809,2045853.1838092804,NYSE
NOMA,12.523965257247728,-15.255051204004655,-53.33863211363592,-59.084572144232325,,1.7899999618530273,58219.748759269714,NASDAQ
GNW,-2.09863586147222,-7.495536045816619,-2.2217553240302834,12.981352907007881,,9.59000015258789,46948066.31699753,NYSE
VEON,5.408218245357421,18.088058700474384,43.04106820734093,59.61546511481546,,76.94999694824219,17212098.367385864,NASDAQ
STEM,3.4648701303164,-22.157854576682023,-44.228273316728014,-50.74455746911395,,4.25,433062.25,NYSE
PBA,-0.22476788306642348,-6.808544576535381,-2.786843717236387,1.643246860466241,,46.11000061035156,73187821.80877686,NYSE
GTX,3.070210033819065,-1.6945378426258206,-20.80114856170883,45.33567753556391,,26.68000030517578,73732928.8833847,NASDAQ
AMRC,-4.184023735280318,-4.9416009441118565,-19.890967304055486,-14.352789889931339,,21.489999771118164,13874137.262231827,NYSE
WOR,-0.5495245140516691,2.774450671394413,11.126730131881235,15.666266617682023,,61.13999938964844,16727414.713012695,NYSE
TDG,-1.545129768789577,-6.2210605465865765,-18.045116527346117,-6.167904084762954,,1092.6600341796875,347759816.41833496,NYSE
AMWL,-3.160574669627414,4.19016982027014,40.48240171419335,141.32138676204312,,12.720000267028809,1046130.9819612503,NYSE
BNT,-0.8182560566379338,-9.632668047169945,-15.483009879970734,-11.801274787558846,,36.81999969482422,305679.63746643066,NYSE
DASH,-0.7456736379978679,-18.263187913577482,-1.6686134039975764,22.83209494757399,,191.77000427246094,560041476.8472137,NASDAQ
LCID,0.14563208375149017,-13.026979936614424,-35.641863354371736,-56.595832722112974,,4.170000076293945,31830365.352365494,NASDAQ
KNTK,-0.8798544320767654,-5.196238079386573,7.375343937607526,9.216375488820173,,53.08000183105469,57496470.30340576,NYSE
HERZ,-2.256698681746694,-5.092132810308514,-10.674947965857607,-2.618804544874598,,15.109999656677246,31081.269293785095,NASDAQ
KGS,-0.0975845462365843,-11.015643638407557,-23.888364448169707,-8.166572709697373,,53.560001373291016,97152379.37100983,NYSE
NSAIR,0.0,-12.499997671693508,,,,0.14000000059604645,0.0,NASDAQ
MBIO,-9.784202247308682,-14.151080663708559,-33.604651109718986,-37.47061955844929,,0.460099995136261,7631.678619325161,NASDAQ
ANGH,-2.667153401120259,9.308325469316703,9.57809451885938,7.791907822581123,,3.7260000705718994,4471.200084686279,NASDAQ
AWP,-3.6592227634847374,-10.650887367727268,-13.612653728832857,-8.19027323501994,,10.039999961853027,2476807.7505893707,NYSE
CALY,-1.5193388486882786,-9.021310015085627,-22.61775750660394,3.318358209800887,,14.279999732971191,27820138.399777412,NYSE
GRDX,-2.3726988151345774,1.8710070177621274,-19.328558202575753,62.653425742479655,,3.8299999237060547,735065.0753574371,NASDAQ
DWSN,-7.5067032054323075,-19.53352842228877,-54.75409851699579,-6.756758280615438,,2.7699999809265137,306993.55788612366,NASDAQ
LXU,-2.7075114685458868,-10.507179983497839,-8.562408089949614,-34.82059937566845,,10.180000305175781,5151772.394439697,NYSE
KRUS,6.3183210958347,-9.941962045291586,-27.969527517443993,-41.08115909037182,,40.369998931884766,15736387.06364441,NASDAQ
MMTX,0.10790908499147545,0.3836311137456416,0.8997446879707383,1.988804553725232,,10.210000038146973,284297.45106220245,NASDAQ
GLED,0.08982050917107909,0.14978990785947666,0.753469783172922,,,10.055000305175781,1206.6000366210938,NYSE
MHF,-1.582174031645267,-10.008855627701985,-13.335228841225932,-11.18880895413492,,6.130000114440918,692254.7829236984,NYSE
SQFT,-11.208151097410003,-22.342456918779664,-52.06286872088612,-48.996655481725526,,1.1299999952316284,31084.039868831635,NASDAQ
FMNB,-0.6794739406408179,-2.812939310853302,4.409338022441567,14.146266858438405,,15.279999732971191,3867719.372408867,NASDAQ
MSFT,2.199128957053209,1.9214797560466623,34.00282176972127,39.70696812466053,,525.1799926757812,13805884381.261597,NASDAQ
TAYD,-5.77748253956285,-0.3836407518292728,3.878801071937099,1.3611684171759064,,58.56999969482422,3394424.3323135376,NASDAQ
GTERU,-0.4572313313755072,-0.4382613346458064,0.21096980814134803,0.5387700170448317,,10.449999809265137,0.0,NASDAQ
COGT,-1.5534962414216813,-9.610627066070398,-19.53716717708002,-12.567453822108076,,30.8700008392334,55341360.514513016,NASDAQ
ZKP,0.01994063638697252,0.11975369696304305,0.6622495896788871,1.744421237294369,,10.039999961853027,200799.99923706055,NASDAQ
CEPL,-14.151680595605775,-23.723514875845286,-63.03030332221435,,,4.150000095367432,1673495.8384571075,NASDAQ
DRTSW,,,,,,4.260000228881836,57855.063108444214,NASDAQ
HUBCZ,,,,,,0.01140000019222498,113.84040191955864,NASDAQ
PAHC,4.707782704211638,-5.611606599402497,10.657890156974869,-33.73375073078586,,37.189998626708984,10414129.365444183,NASDAQ
ROK,2.8011745530584164,4.344311066156292,-7.601077682757895,22.688842436954104,,455.17999267578125,323390363.8563843,NYSE
KMRK,19.544787295680166,1.50709076512896,16.220053521485568,-31.123678059768434,,1.1699999570846558,13644.539499521255,NASDAQ
PMT,-7.701335621017202,-16.432822169440808,-28.29259277918581,-33.03236704029416,,7.869999885559082,22923767.146656036,NYSE
SVCO,7.269205208924356,34.35508368246036,-24.762066038477748,23.832170764311833,,8.890000343322754,2426694.503716469,NASDAQ
LOMA,-1.5731307618835677,-8.061952926173355,-19.6877701698149,-16.077578164387994,,9.770000457763672,6913701.743934631,NYSE
TER,6.990648337960748,22.832135668212715,5.511510668749886,39.94834777844842,,444.5299987792969,745846212.3818665,NASDAQ
OKTA,5.010986134082107,25.871297936342664,47.66564098910821,168.07080310502954,,218.2899932861328,686166434.4858246,NASDAQ
GLBS,-3.0542984152379216,-7.997851750046769,12.689022554821117,55.81818277185611,,3.380000114440918,481386.3762989044,NASDAQ
WSE,0.15731375171001982,-12.23770705899836,-9.55011727183387,,,11.670000076293945,20168292.521852493,NASDAQ
AGNC,-7.7823427728356815,-16.07176321800907,-18.31575251426226,-10.609078227831647,,8.649999618530273,373158708.5934963,NASDAQ
KRMD,-7.413149524242524,-8.715594631251033,-33.01166799994161,-30.322129760388005,,3.009999990463257,621270.0180315971,NASDAQ
LULU,-6.478519757628042,-20.700270020717348,-17.801696807240795,-38.085337995639776,,93.13999938964844,655653623.5834656,NASDAQ
HOVR,-3.009260492079946,0.17931984579604432,-12.434692274798365,18.19464170210019,,1.6299999952316284,918591.3873127699,NASDAQ
DIS,-1.361085861027822,-3.6442523116776537,6.392516413512284,7.766326491374653,,103.61000061035156,722789062.8078461,NYSE
SSEA,-0.05789218949394659,0.5631067116171451,1.0043887617271485,2.1297572521843167,,10.369999885559082,105773.99883270264,NASDAQ
KLIC,7.035331332112005,21.819099882904467,-21.302776431282954,49.003048419063155,,98.7300033569336,58290885.09195709,NASDAQ
VERA,-7.027847836231316,-9.959573021809065,-25.70999702982212,-22.100081447937757,,29.829999923706055,80989702.65285873,NASDAQ
HAFN,10.838849609413526,15.931652269693108,45.49405808528808,29.674585115032958,,10.279999732971191,37660408.94174957,NYSE
SOBO,-2.1249289086734513,-10.70991339192775,-3.9912987417790258,0.7874947824526357,,33.939998626708984,36803176.910858154,NYSE
AFRI,0.5060558232994783,0.7610058186227731,9.533191163163913,15.54124346171848,,11.270000457763672,524584.7113075256,NASDAQ
CCAP,-4.471711040490023,-12.497614224395226,-16.76331822248659,-25.535016631396847,,9.020000457763672,2846549.784461975,NASDAQ
CTBI,0.18638954685994413,-1.7726128096271054,3.3283909394455247,22.51636266759465,,76.08000183105469,9901203.59829712,NASDAQ
NVCR,-3.4533999722550224,-11.684781476085304,-6.216183877399928,46.61654008641831,,15.199999809265137,27126482.059607506,NASDAQ
SFBC,-2.4626057956208203,-4.5280913913674725,1.5574235418555293,4.881119450211235,,43.04999923706055,143442.59745788574,NASDAQ
EURK,0.23614090647627872,-1.2335308235942866,-0.8603786724158957,1.8327756242394688,,11.550000190734863,0.0,NASDAQ
XZO,-5.836226844189596,-12.233404261290215,-19.257055760175966,2.318759385212976,,15.390000343322754,14946706.773433685,NYSE
ANDG,5.311199806919564,-0.1353521150318615,48.046256819768416,98.84397088931509,,56.0,12938240.0,NYSE
SCAGW,,,,,,0.010200000368058681,23.460000846534967,NASDAQ
OFIX,0.7725335080945195,-0.5295508333448828,-9.203403333925152,-18.613517862427432,,9.5,6028899.5,NASDAQ
PSUS,-2.6465340727174547,-5.741214628763602,-2.646537980683261,,,37.349998474121094,13391020.252929688,NYSE
P,13.575996118914624,44.24592898110071,76.532683203607,125.7622646671083,,143.8800048828125,712397960.0964355,NYSE
XFLH,0.3585682460836903,0.47866119495239,0.8810583286989582,1.9838066489052952,,10.130000114440918,3758.2300424575806,NYSE
SPMA,0.09356824928530294,-0.4806264167849572,-0.32554984098974726,-0.08522719503341047,,24.95359992980957,91904.10854148865,NYSE
HUYA,-1.8835599136622694,8.215296436358122,-3.3726840580353357,-29.993893018103492,,2.2699999809265137,1199320.4399228096,NYSE
PRIM,4.977348114446989,5.307820623370252,-15.899701223883778,-46.7624299765137,,80.56999969482422,121773255.82875824,NYSE
PKE,0.2952218357529013,-5.845300376296492,-20.851424833658918,6.985399568312878,,30.049999237060547,5419817.86239624,NYSE
MASK,-7.133196887909465,-39.71470173216245,-58.37878689231002,-57.6080244333907,,0.8105000257492065,62077.81797218323,NASDAQ
ACTG,0.4642521011882117,-4.1205131646667725,-5.2954009399264095,-11.996745794874153,,4.300000190734863,436054.419342041,NASDAQ
GPRE,0.22693909576856353,1.404646086424699,-4.1123885813346694,-8.728422423046444,,15.149999618530273,10661206.231555939,NASDAQ
FRMI,-11.421209949799827,-14.8576121541954,-50.08468387773799,-23.74791957651009,,4.059999942779541,54024519.15859413,NASDAQ
HAE,-1.427415968365875,1.9582355005818952,40.02188265583053,85.57032845902648,,104.68000030517578,62896454.78336334,NYSE
INTZ,-1.3812141505641695,-15.801885744756373,-15.602836019985677,-15.4028417376189,,0.6899999976158142,25314.029912531376,NASDAQ
XRN,-3.8401414410400347,-6.206446813446398,-8.595078676308177,4.084095174205271,,33.810001373291016,4314697.135253906,NYSE
LMAT,-0.15261981829518545,0.39601962462629814,-19.996054985995237,-25.223067382276597,,80.98999786376953,29946942.600105286,NASDAQ
MIACW,-5.555553623923537,-15.000000372529021,,,,0.3400000035762787,0.0,NASDAQ
GOLD,-3.1775095607149195,-3.4295361846891748,-1.8837273611972516,3.80423914870609,,41.63999938964844,18607749.807250977,NYSE
BSIN,-3.260871308146218,-6.31578980390386,28.75225621900086,60.72234478698248,,1.4600000381469727,456550.77192878723,NASDAQ
TDY,-0.28917655619085103,0.07386497630748057,-6.55963358716064,-0.009142746253332223,,619.6400146484375,104853624.35876465,NYSE
HMY,-6.299968021767299,-11.498189708751783,12.447225985686217,13.098298261935938,,17.299999237060547,73230533.47049332,NYSE
AON,-1.7045950643091778,-17.517306889737906,-21.68236731724803,-15.293449879818477,,272.04998779296875,369477889.6713257,NYSE
FCPT,-2.755516741788955,-13.32370070464738,-13.247109163270165,-8.691976534080325,,21.229999542236328,28958887.025585175,NYSE
NMT,-4.12562597172964,-16.937693039008362,-20.04029554917586,-15.52317077983153,,10.149999618530273,384106.43556404114,NYSE
TNYA,-8.596269340934693,-16.36968541920392,-28.737984713061593,-13.646953462925726,,0.5641000270843506,1612721.9263322353,NASDAQ
GOODO,-6.142351871163587,-10.906146519359227,-6.333315433739239,-4.872663967776713,,18.334999084472656,143966.4128112793,NASDAQ
OTIS,-3.277174681121553,-8.831299757363876,-10.471983243549833,-16.149213071634094,,65.87999725341797,356129279.91272736,NYSE
TNL,-0.9073099232900006,-7.740988989127818,-17.367464889358807,-10.619068708298872,,61.720001220703125,49435313.897735596,NYSE
NCTY,-8.121548372435583,-28.71839009640511,-33.105391043007245,-38.08637455934948,,3.2699999809265137,464196.1172924042,NASDAQ
HY,-1.683881398471121,-6.628618797465724,-4.990624789070742,-3.4071323602734793,,31.940000534057617,3525281.7389450073,NYSE
TTE,-6.202025476832141,-4.047424047718606,11.204109496769888,-6.665936925118777,,84.37000274658203,213702636.09687805,NYSE
HESM,-2.0398647027687233,-5.338202079029131,-0.8748962564426366,-2.574532734447532,,38.40999984741211,37838996.78968048,NYSE
NCPL,17.657342402298106,74.39751426850876,148.3394860649948,301.0726988744633,,1.3200000524520874,664725.6264138222,NASDAQ
BLRK,0.059313339771471796,0.4166667455087758,1.30104200183343,2.2011331546233803,,10.130000114440918,45169.67051029205,NASDAQ
MIND,2.0491816271429597,2.609890877651111,-5.91939289941018,-46.541029858150495,,4.53000020980835,377349.0174770355,NASDAQ
SM,0.8489985375318421,-8.251210728994074,29.55246385111692,11.924101778422557,,35.04999923706055,85170376.54608154,NYSE
ZTR,-1.4492771150284023,-11.740414409186172,-12.46342963802437,-10.872804746917431,,5.949999809265137,948703.669588089,NYSE
INHD,2.29153489904681,-38.263541904982205,-91.861230950302,-81.28348384416113,,3.190000057220459,98660.32176971436,NASDAQ
NNI,-0.7862649052331694,-2.0257112178172387,-7.573878895659991,-4.254430033798107,,125.01000213623047,12214602.298728943,NYSE
IBN,-1.1147063973858895,-9.258893039708127,-6.6277334060248165,7.012219040338952,,27.75,57773280.0,NYSE
RNGT,0.13765730703005907,0.17705733560060555,0.7718194196405737,1.8807514785768475,,10.1899995803833,0.0,NASDAQ
BEP,-1.5486592902725915,-9.964913911653195,-16.83559308999851,-14.191039026391483,,28.219999313354492,25572878.7177639,NYSE
CGNX,6.709550892782334,3.1929343067174987,-9.660223983273708,28.36681184476695,,64.37000274658203,142062085.63159943,NASDAQ
CDNS,7.754259411467901,6.6194443679593595,-8.707860774854693,23.27746089705023,,353.4800109863281,689888704.8420715,NASDAQ
KFII,0.1237345042227389,0.31179812842307975,1.1094272654978088,2.3691796731765136,,10.694999694824219,3613391.206893921,NASDAQ
FG,0.192199499375989,-8.979794934090213,-21.23893841742265,-14.67653938868212,,22.010000228881836,16288456.649383545,NYSE
SLS,-0.3405991286710486,-13.470352863021818,-16.93399486699858,177.21458439497928,,11.630000114440918,52423214.065852165,NASDAQ
PSNL,-0.7067974898027352,-3.5397157429558734,17.864895759795374,152.02599085561124,,16.399999618530273,27919178.950590134,NASDAQ
INAB,16.609876743283515,24.794893191410882,-3.319209277365409,-3.5915508955581155,,1.4199999570846558,152113.2354028225,NASDAQ
ATKR,0.19673385995393478,1.1813207610977816,32.53028969327054,57.0561703859986,,94.77999877929688,56081514.83770752,NYSE
DOCU,0.9390093105921649,5.100072697535496,48.8712353195059,43.32107813047368,,70.02999877929688,170315478.11120605,NASDAQ
ANRO,-8.931535252580236,-29.381819944969756,-1.405921373705754,14.671147919443573,,24.010000228881836,13211670.695943832,NYSE
KO,-1.9577509976120067,-2.7515893869405117,4.222765042992349,12.77396972095799,,86.51000213623047,1768672684.3646317,NYSE
EMR,1.573086127455059,5.356293249314659,13.35729525446634,22.087399990245427,,162.3300018310547,345814687.1707306,NYSE
DCI,1.3056088434357793,-2.8915127217479575,-1.8604003732853425,3.685984115014973,,89.19000244140625,68144551.08532715,NYSE
RA,-1.668085950486209,-7.950925281380272,-10.489619556500074,-9.706158303498347,,11.420000076293945,4655739.8911037445,NYSE
NAVI,-0.9581893346354176,-3.8274505704188555,6.78562673308305,10.334782245759033,,9.039999961853027,10112035.477329254,NASDAQ
LXEO,-0.401607403532811,-27.48538117692332,-25.124001827221075,-38.37415555430408,,3.4100000858306885,6335619.889469385,NASDAQ
TGHL,-3.550959008743104,-6.1924373116877485,30.93707473593643,173.14749331340624,,0.762499988079071,45149.149294137955,NASDAQ
EROK,-3.766684003927623,-16.934972866490085,0.343182743342596,,,21.59000015258789,3786929.206764221,NYSE
PLGO,1.097614828142368,-2.8345937685332223,-2.693545475214454,26.05516111157695,,24.530000686645508,11209474.413776398,NYSE
CNEY,-2.8164107259182836,-0.2854090720183944,13.295499886728223,40.948057722665496,,0.5479999780654907,22814.883086800575,NASDAQ
HAVA,0.17605290250735095,0.31341604924581823,1.405934951104837,2.3176781489305798,,10.25,267668.5,NASDAQ
KRG,-1.6281135348853781,-6.30997251233466,-14.470917858540144,-0.5135320072938265,,24.1299991607666,71137288.5758686,NYSE
BGH,-1.6435452647818871,-7.945243104454103,-8.010155400764107,-3.776367463338537,,12.850000381469727,2317381.918794632,NYSE
SII,-6.14543762367914,-9.7270487007018,2.7643136607072405,-17.19368894080343,,115.76000213623047,10420946.91230774,NYSE
RVII,-2.8689283163190527,-4.250997097458753,,,,21.81999969482422,1884266.0736465454,NYSE
JRVR,-3.4772835097782395,-15.719881428673254,-22.82510987728842,-44.376211232264495,,3.430000066757202,2043816.9897782803,NASDAQ
ERO,-0.1235514380759195,2.803270962632487,43.04508376185212,36.602744586526725,,38.439998626708984,51103902.41428375,NYSE
MD,-0.3766056999217393,-2.5779784478347945,-2.1514308116874936,22.56051309697995,,26.100000381469727,24878076.66361046,NYSE
VRTX,-1.6513469611639797,-6.696576202665039,-0.3926811057964219,16.04275070844896,,503.5,460598275.5,NASDAQ
GLNG,-2.358660729327755,-6.2608520320277865,-2.256546637938417,-10.949869667308299,,49.7400016784668,58838890.44550705,NASDAQ
MDIA,-4.295472258173549,-5.868835307763942,8.762255261515971,51.19250497826553,,1.0299999713897705,3654.4398984909058,NASDAQ
CPB,-1.342552891994142,-15.614019648453514,-14.09003644130875,-11.176259452266446,,19.299999237060547,146401688.21266174,NASDAQ
XPER,-0.7246369925949403,-6.8344107674985,-33.23586637623751,-3.3168651769167723,,5.429999828338623,2320602.7366375923,NYSE
DMAA,0.33185720120085804,1.1994429584387012,2.2355842531760706,3.6966492085629854,,10.890000343322754,0.0,NASDAQ
EVTC,-1.1696319988717896,-7.786554200863249,-4.2610852972918885,-1.7337303982536079,,29.1200008392334,19359791.91794586,NYSE
FAF,-6.941779323732467,-16.588822431198082,-11.133353360121333,4.313672273623181,,61.970001220703125,57560030.02383423,NYSE
BANC,-2.063939503993073,-6.118284120492334,-14.752978793679617,-0.5920533638937631,,17.549999237060547,45386649.72693634,NYSE
MATW,-1.5311867967803372,-7.865384764572559,-28.36958864149297,-24.705326552068975,,19.329999923706055,54373124.82539368,NASDAQ
EPRT,-3.075307823923501,-13.945126662694884,-15.652742382613582,-15.872397533967131,,25.639999389648438,49474096.70228577,NYSE
OHI,-1.194324425223825,-1.4492765035489463,-6.039606283325227,3.1555264857442866,,45.36000061035156,175327107.31915283,NYSE
HGTY,-0.17660027357752073,1.9540060062417375,11.61757349475292,26.3128494685823,,13.75,5119867.5,NYSE
CRAQ,0.1347443625914213,0.34722097662616136,0.9117329930963924,2.4217357083197832,,10.40999984741211,0.0,NASDAQ
JKS,-4.455343103197018,-26.051881512557053,-41.93989104045962,-62.20084155588261,,9.199999809265137,5763864.280503273,NYSE
NCDL,-4.837887345403913,-10.347033737376243,-11.01587234981477,-13.233244517092235,,10.9399995803833,3126203.3400907516,NYSE
UCB,-0.683156568094323,-3.352628937214508,-5.034352038081147,6.276781597081382,,33.810001373291016,33488738.740242004,NYSE
CURR,0.7858554420509201,-9.576968955743714,14.679583102902004,13.999999011004395,,2.950000047683716,291309.55470871925,NASDAQ
MNOV,-32.73215743874842,18.928083026341103,24.32623797958213,25.21428380693709,,1.7549999952316284,373539.4639850855,NASDAQ
OZK,-0.6046052283124381,-5.906232156109137,-8.8836486451512,0.7694650554956217,,46.59000015258789,59034748.27334595,NASDAQ
ZG,-4.718261297751736,-21.257855105582944,-13.937944292905403,-31.516542056450525,,28.1299991607666,18218450.21646881,NASDAQ
JLL,-5.31043317673725,-15.295618540486277,-5.2144683106128635,0.9151920335527475,,302.4100036621094,179582551.7546997,NYSE
XE,-8.670001546403016,-20.930490272680757,-20.033689923632593,,,14.40999984741211,60787042.48632431,NASDAQ
PDM,-3.0230522041906793,-7.181513169897158,-5.9084179639642525,36.31916875752448,,8.960000038146973,9721895.721390724,NYSE
AIDX,-7.75925954363842,-35.72903305692802,-33.36454902328519,-78.78168270932984,,0.352400004863739,41091.250167131424,NASDAQ
KRP,-0.15168182215864467,-2.9616712893416275,-0.5630319268475015,-1.079234923376371,,14.789999961853027,11242381.83100319,NYSE
FUND,-2.4823439855706675,-9.934764054573142,1.3848067474839132,1.1090160697215357,,9.680000305175781,121484.00382995605,NASDAQ
OMH,7.089858919885628,-20.453153274793813,-89.1114835770247,-95.69867549353089,,2.7100000381469727,189854.47267246246,NASDAQ
TAK,-4.122834061845526,-1.2584785748995575,9.237290647270902,-2.475139425906192,,17.809999465942383,44654477.36097336,NYSE
OXSQG,0.1303385715374361,1.069966758722618,1.2126041069399518,2.5664196821051144,,24.340700149536133,19180.471717834473,NASDAQ
LEGN,1.592455270054205,-9.537134077565346,-33.95083217132344,3.3651236490914282,,18.774999618530273,33101619.80244255,NASDAQ
HTCO,-2.4912595309860563,-13.392859985580852,-42.941178393145144,-75.42951554215561,,2.184999942779541,27358.384283542633,NASDAQ
AVBP,-2.0138734273575154,-4.232768352502026,-15.702862495040982,23.12119497782956,,28.459999084472656,14080669.9270401,NASDAQ
VCRE,-4.724086249987303,-16.75858230960102,-42.41230656550481,,,9.0,106245.0,NASDAQ
ARDX,-2.6467191985009464,-10.28631808681908,-35.54285594395229,-42.76048596933275,,3.390000104904175,14417368.736148119,NASDAQ
CRVS,-8.846089711911741,-21.690969404865502,-26.251154471061465,-22.27943132716097,,10.739999771118164,8846870.751462936,NASDAQ
MF,12.965604981348488,-5.892440841846158,199.8438702649322,-70.39976873255569,,14.300000190734863,924194.7123270035,NASDAQ
IBRX,10.788140376299893,20.507373337520505,6.9899026913593065,34.49093257231273,,10.380000114440918,173975040.29809856,NASDAQ
SUPN,-1.5434777972579083,-2.4353598264243326,-9.622600084491161,-15.451674533997096,,42.7599983215332,55041182.9594574,NASDAQ
AEAQ,0.0,-0.19802432681454984,0.7798428071656094,1.735968282417577,,10.079999923706055,0.0,NASDAQ
VYGR,-9.020435009229445,-25.547864990517166,-29.376364809438083,-34.300252324511405,,2.4600000381469727,3423973.193095207,NASDAQ
RVT,-1.0148783970123865,-6.858382768298288,-6.696379892095772,2.8273638789571454,,17.219999313354492,2777775.3092365265,NYSE
FCF,-1.92715541926759,-2.350573382149601,-0.5277569557641915,14.746336068167398,,20.3799991607666,24760190.860393524,NYSE
NUS,-1.9263669942465644,-3.087982527589128,-11.029124750135011,-37.62591671878705,,4.630000114440918,2124748.722517967,NYSE
COIN,-4.909115887056503,2.820332381514934,16.63782821550315,9.629786004695928,,188.22000122070312,1467188461.3554688,NASDAQ
NKE,-3.3614364320096013,-10.098560092042487,-18.873107696995064,-26.46152491118402,,33.959999084472656,2305657594.4417953,NYSE
CEG,-0.7640960892926874,-7.412645676580221,7.682069348616971,-7.305913261280894,,267.6199951171875,937404599.7967529,NASDAQ
WIMI,-8.602568456381887,-42.384733079114824,-50.27931490750348,-60.19198316764813,,0.7577999830245972,16692.818026065826,NASDAQ
LDP,0.01037368145373474,-6.660857030526102,-9.090051352192397,-4.231648182828396,,18.989999771118164,2125303.8043842316,NYSE
AOMN,-0.44667982934601946,-0.7608350910512374,-1.2139819015409947,0.14206017948319438,,25.1200008392334,323595.85081100464,NYSE
ZJYL,-2.8028013538977326,-12.601258957408634,1.5690373973380245,0.4136500676053645,,1.9800000190734863,11537.460111141205,NASDAQ
CW,-0.0988322422510346,-6.168735694059546,-29.361210000575653,-20.419955771085196,,540.7899780273438,205071885.98779297,NYSE
JONE,-0.1627026179708002,-0.22358041121970373,,,,9.8100004196167,4850181.9274635315,NASDAQ
EBF,1.4589327686912457,5.943198964084062,5.407933032075274,4.064287550230206,,22.579999923706055,3624406.1077537537,NYSE
RGT,-1.546961176050099,-6.481239198046229,-1.1647243640518168,6.403940851635315,,14.289999961853027,41398.12988948822,NYSE
OMC,-1.303146703127711,-13.193586300564487,-4.231266496379671,-1.2585958822418086,,75.25,177446573.5,NYSE
WFG,-6.017161724200082,1.0354664688702497,0.46153547159373254,4.518589157580322,,65.9000015258789,7200827.266731262,NYSE
SHC,-0.26025111437284476,-3.0156058685682385,2.989584736188111,27.237514996228505,,18.549999237060547,46485129.438121796,NASDAQ
ASPSZ,,,,,,0.1599999964237213,3992.479910761118,NASDAQ
DE,-2.8409307380425575,1.0259096159969339,8.53373363966905,19.301128455202665,,682.2000122070312,512499348.1704712,NYSE
PII,-0.44970094154345164,-15.705097915445132,-18.89470605415111,-2.6676523849983313,,52.65999984741211,53690556.044425964,NYSE
HLMN,-1.4623184803924105,-7.910643297443388,-13.331684119146548,-14.033365615770677,,6.960000038146973,7277431.71988678,NASDAQ
GSHR,0.0946739791928719,0.4560980957160732,1.1094107445460244,1.9872655864159539,,10.579999923706055,2115.999984741211,NASDAQ
IONQ,0.08244792152904967,13.241774009189466,-11.898711627173043,54.14462350243192,,42.970001220703125,703740378.5620422,NYSE
FANG,-0.9666385530801236,-8.495837006749717,5.490407625110616,-5.450107603715281,,184.0800018310547,522187104.3942261,NASDAQ
CRAN,0.0,-0.39447692799504663,-0.4435633770031866,1.9378339087399388,,10.100000381469727,37370.00141143799,NASDAQ
MYX,-0.05977423057635933,0.8241241617681583,1.3333349773779979,,,10.029999732971191,0.0,NASDAQ
VECA,0.17963911138114685,0.1996394962726189,0.9047098532102504,,,10.050000190734863,0.0,NYSE
DDS,1.5086698654238617,5.7560863762889936,26.026525066144046,17.379488137401733,,695.3499755859375,62938907.69018555,NYSE
HQ,-0.6424541342300305,-2.683960613924752,-39.99524892130366,69.37863088735345,,16.030000686645508,1523587.445262909,NASDAQ
UDR,-0.4848913085356732,-8.488307226718984,-17.436097457047495,-1.6423130237600447,,33.84000015258789,122772603.43359375,NYSE
LMB,-3.519663192970046,8.92761803220974,-36.80107204544962,-38.007018026160736,,49.939998626708984,9797728.330574036,NASDAQ
OIM,-0.05911089738782627,0.23715392671164182,0.2767899291688636,1.5008986238099986,,10.130000114440918,1438.4600162506104,NASDAQ
CASY,2.587678919700487,-19.11080935428815,-23.15074306688438,-16.335925983912468,,617.3300170898438,373621090.2731323,NASDAQ
NRK,-2.3275505208260494,-8.918706453326642,-13.976893107915256,-9.826139156413872,,9.170000076293945,6391095.743173599,NYSE
VCX,-0.6075589201421816,-17.93727141466408,-62.18790425366416,-74.67981976280376,,29.799999237060547,6277727.439277649,NYSE
AGX,4.450747677408939,-7.835140048503142,-47.84958732890613,-31.32299769403013,,387.739990234375,104479642.28857422,NYSE
WDH,-1.1560683020099383,4.120152028016277,-14.070354247275208,-36.43122871525166,,1.0299999713897705,70547.78804039955,NYSE
NEA,-0.6200008274078073,-10.56515296671845,-15.045305644548668,-11.489132393507152,,9.8100004196167,22853749.757555008,NYSE
AVK,-2.333106099419713,-7.930647836061844,-11.8370495624321,1.7024295948532941,,11.539999961853027,3686787.6478128433,NYSE
UZD,-0.6942963822525794,-4.978876839612845,-4.5301610347948,-10.748013698850468,,18.100000381469727,94319.10198783875,NYSE
SBH,-4.221200266772418,-1.0596820317347544,14.392336557502784,19.315510624657527,,16.040000915527344,24802829.855690002,NYSE
RYAM,-14.599039209610742,-12.397470794087962,0.7275666395987868,-29.631024992693945,,6.940000057220459,8460186.249754429,NYSE
KBH,-3.3684391866908747,-12.671376103931042,-23.646929717902744,-9.56310756965929,,45.040000915527344,58608030.95132446,NYSE
GPOR,-2.3638867101423044,-14.710127388207017,-8.084374142639028,-26.744288302948462,,157.83999633789062,51636723.44195557,NYSE
CRDF,-8.490567293203332,14.117646550087226,-10.599077598418772,-26.700253258182038,,1.1399999856948853,515193.3535351753,NASDAQ
CORZW,,,,,,9.960000038146973,454136.16173934937,NASDAQ
EHI,-0.07363938835064365,-4.805331183401473,-8.987257989948738,-8.403647368124433,,5.400000095367432,368695.80651140213,NYSE
CPK,-1.749524386882606,-4.0897774416916,2.9192806005269745,-0.5064141841330305,,126.2699966430664,26568091.183677673,NYSE
ADUR,-2.513924896563513,-11.215766844111908,-21.5492967927994,20.302376368051256,,12.130000114440918,2245444.9711847305,NASDAQ
GDEV,0.8005832266870128,-3.3496179487893185,-11.37418106593845,-22.147273075062447,,11.65999984741211,12569.479835510254,NASDAQ
LCUT,-2.303430823844077,-3.731994792547011,5.349894270157507,53.69338038547482,,9.0600004196167,2366707.669614792,NASDAQ
SPAI,2.8301875613574,-8.347005077357327,8.103533828211251,14.179868897557979,,4.380000114440918,188699.16493034363,NASDAQ
WLII,0.19500668185727932,0.155943407889092,0.29280017570094685,1.9444454431113423,,10.289999961853027,1111.319995880127,NASDAQ
PSA,-1.1068815929215159,-7.352883524515697,-12.674297652425636,3.2326382214701965,,281.6600036621094,242867253.0177307,NYSE
LANV,-2.7724695833965862,-1.8339762964056705,-27.769889193442655,-35.181646388931064,,0.9599999785423279,22753.919491410255,NYSE
BIOA,-10.002645506183905,-28.997911274043197,-72.37429935807982,-60.49024133477534,,6.360000133514404,4967662.544285297,NASDAQ
SVRN,15.526983401917803,399.8960073450082,483.6531083335782,516.6923424980979,,47.9900016784668,8550762.519065857,NASDAQ
WNC,6.90386898995865,-3.775526111376981,0.3062784206446567,53.43171853788968,,13.989999771118164,16012576.00802803,NYSE
NEM,-5.10343393210293,-8.505995456922733,21.274630628541825,4.7895042286724365,,115.81999969482422,462394670.70162964,NYSE
ETO,-0.8409451321552242,-4.697860959765244,-2.26007102495952,12.491613857049177,,30.309999465942383,1411930.705121994,NYSE
HNGE,4.2836000502683325,7.484421984592782,13.134389280049486,153.35173278831715,,98.3499984741211,244048144.96364594,NYSE
PPL,1.6993300514807963,-4.911571360142952,-9.583148191715473,-14.571503573603216,,32.95000076293945,223726320.530262,NYSE
IEP,-3.6571407816361257,-1.201290117627618,-6.850827500837697,-11.658369924994783,,6.670000076293945,5384430.931589127,NASDAQ
HGBL,-2.567980536688852,-1.8482060548663526e-06,6.260290393035572,-5.147062626161336,,1.2999999523162842,77117.2971713543,NASDAQ
JBLU,-4.746688691276779,-9.731831895761422,-29.13412394715731,-5.906221482214546,,4.059999942779541,71853119.76732302,NASDAQ
BNED,3.42979646174566,-3.7886336347776717,-4.754070392271714,29.06821447910195,,11.539999961853027,1706281.314359665,NYSE
ICFI,-0.21112164820840107,-6.833910788529596,11.772769062246269,25.544051169054825,,82.86000061035156,11671162.525970459,NASDAQ
CHCI,-3.1979690939429983,-5.228106837912094,17.94903773978527,0.8034698541119267,,19.170000076293945,625497.9324893951,NASDAQ
ACHR,-11.640402822192819,-13.438599344912749,-1.0429211017734752,-6.126334084847795,,4.71999979019165,91725676.96270895,NYSE
MDU,0.11843509764657423,-6.26007967410488,-10.36244110918484,-11.497095318781547,,18.690000534057617,41682028.01104355,NYSE
EBON,-0.9746579407945322,-10.096451822717501,-4.779756202592244,13.863050264156197,,2.0199999809265137,3221.8999695777893,NASDAQ
OTAI,0.18211229111584348,0.06196500333577326,0.7669092521304544,,,10.020999908447266,78243.96728515625,NYSE
NCNA,-9.954057871455147,-20.861372318418702,-17.183098936809294,-22.52964345553401,,1.059999942779541,66750.31639671326,NASDAQ
RGNX,-0.45020954947752045,-20.49492308610543,-44.88269756933166,-10.733792369022444,,7.760000228881836,18222800.777482986,NASDAQ
TALO,0.4479429129158108,-3.2081216381089406,24.281005136156143,5.6001013562688495,,17.010000228881836,32714585.000198364,NYSE
HTZWW,,,,,,0.8999999761581421,27767.699264407158,NASDAQ
JOF,0.43103674021205407,-0.6161127779988784,6.826287034008294,15.32539263235444,,12.640000343322754,683874.5785751343,NYSE
GOVX,-8.348165845249145,-45.41570201516213,-73.24837723454036,-75.51411618658092,,0.3199000060558319,3555989.273316264,NASDAQ
CI,0.4084818611741703,-3.571124010345339,-3.7079879769681967,1.4209267018797656,,271.2900085449219,407193552.1955261,NYSE
TACH,0.1999404989963649,0.3813606778863221,0.9779531738953073,2.2720373949958184,,10.530099868774414,314807.8656768799,NASDAQ
SKM,-0.09456213907905742,-5.394012982831287,13.269428010964447,22.102115781157995,,36.400001525878906,47836954.80531311,NYSE
SHIP,-0.03501072057245924,-5.442104095838962,24.905218360335724,29.103239419626735,,17.670000076293945,11503735.4896698,NASDAQ
CBNK,8.630094688844814,7.4404271873056205,10.199821362093697,30.04063441569176,,40.02000045776367,9356235.887020111,NASDAQ
GIII,-0.11724896756333258,-11.447502303236302,-19.01366318973888,-1.7020053227213672,,26.989999771118164,15778407.846195221,NASDAQ
DGNX,-14.315642191850596,-2.6190488760162944,1.237624560922268,-67.98016720782665,,1.2799999713897705,284035.83365130424,NASDAQ
AXGN,-8.736752490965971,-19.643652004482316,-12.24408925583711,20.459084755452306,,37.220001220703125,78219879.66537476,NASDAQ
KLXE,-6.737120038698762,-8.192454767979507,-43.11039473682441,-46.18902344839477,,1.3700000047683716,642634.1222367287,NASDAQ
HTLM,6.7303396085193645,8.52279275345893,-3.3475782853754965,8.883539289333076,,1.940000057220459,152712.9245042801,NASDAQ
SF,-1.3463421462795888,-12.948910493312638,-3.798821696078958,-4.357189213660318,,70.62999725341797,94858699.62123871,NYSE
BMHL,-15.989347443648471,-25.55300554218698,-27.27931498164703,24.236114378505057,,4.46999979019165,11429.78946352005,NASDAQ
OPENW,-7.153729012850773,-37.818553525586665,-74.56213609522396,-79.05219876658506,,0.11999999731779099,17949.35959880054,NASDAQ
INV,-31.86768138747724,-55.11148246853039,-88.9355371846274,-87.3219692223287,,0.5156000256538391,1820779.6185934544,NASDAQ
NTST,-3.8583418454162355,-13.857604087699704,-18.024228163270685,-7.701993771716243,,17.440000534057617,33528993.986743927,NYSE
NYC,-1.4701222702128036,-0.21452175875658064,-31.760456019609073,-25.593887385966074,,6.260000228881836,290739.450630188,NYSE
SAGT,-5.491777048183099,-9.713494836577874,-45.281926188883425,-74.31463644123686,,0.572700023651123,40891.92708873749,NASDAQ
ROP,-1.5297823183333503,-15.571658792371167,-0.34336377387399475,-0.03427174681398526,,363.3800048828125,258780343.71728516,NASDAQ
CBL,2.4356909540689697,-1.0771593176161498,0.9609990247509526,36.49461509808993,,54.209999084472656,7125524.909660339,NYSE
WPM,-6.4571543229218875,-10.778055658047613,19.141576110750336,2.105392593606692,,136.27000427246094,133761137.22380066,NYSE
WK,-1.5631722704731343,-11.719930376372456,34.696750362126224,15.664348912415482,,71.87999725341797,648245226.790123,NYSE
IAG,-6.262687827472224,-8.987880620317801,14.563950843312057,-1.8179875549455216,,18.440000534057617,45661516.56244469,NYSE
ES,-0.1490472975912871,-9.007044414566012,-12.355200271762733,-7.130686468556835,,64.69000244140625,149438757.38983154,NYSE
SMA,2.192041211261575,-1.1004458277305451,-1.8326334705974778,6.609989896105439,,32.470001220703125,33583592.38256836,NYSE
BSET,7.518708040355415,2.7546423452494695,0.7854205617855881,36.259376621595706,,20.940000534057617,1014124.2258644104,NASDAQ
BPOP,-1.5990168321657228,-7.300458734601511,-6.1392062511369865,15.819053059773447,,158.82000732421875,88555336.14385986,NASDAQ
WINA,1.5705623549758352,-8.316287807749468,-28.727982408299813,-29.886855347561347,,293.8599853515625,26371876.665405273,NASDAQ
JYNT,-10.292694965494709,-11.173650574225025,-17.091436580209585,-14.60971917289584,,7.184999942779541,1019149.1318836212,NASDAQ
BCYC,-0.9482496678546837,-12.827846298896583,-15.095212842790662,-23.257765254029582,,4.010000228881836,7394284.032049179,NASDAQ
CRCL,-8.9802027536249,-10.927938492389321,27.965941816726957,-9.845792777647533,,83.30000305175781,786924133.2295532,NYSE
ADAMM,-1.5196427336252039,-1.7613456814459028,1.0599389523693326,3.653736183854761,,25.02440071105957,393758.94518852234,NASDAQ
ADM,-1.6304218514451407,-3.816465891938847,3.961856625305682,10.219215670082882,,82.47000122070312,357238932.96777344,NYSE
JAKK,5.318634266561606,5.709901237481385,13.216846759958178,29.993046673364443,,27.780000686645508,2849200.210424423,NASDAQ
LLY,-1.5964222736373768,-0.5763186295233313,-4.356618927887757,24.95846996705373,,1143.1199951171875,2258326143.0736084,NYSE
CDT,-56.911912968164025,-96.33264707316489,-99.03435274042359,-99.91303897902831,,0.9176999926567078,309220.847925663,NASDAQ
DX,-4.114797984937613,-13.505924686827974,-15.31531350488754,-12.990271115514984,,10.829999923706055,95202034.87933159,NYSE
SWVL,-2.2604435771137354,-2.7859222893628077,175.10373970098914,187.8437076842602,,3.799999952316284,173694.19782042503,NASDAQ
AXR,-2.775067945172538,-4.593698394843482,-13.291687870530977,-21.03405876128179,,21.18000030517578,127694.22183990479,NYSE
KEEL,-9.455294783434653,10.817610340156891,-29.49179787622953,77.80019698282135,,3.450000047683716,93861891.54729962,NASDAQ
LAW,-2.025437139846742,-3.792787394790098,7.106074316077504,9.531332093707356,,4.179999828338623,654149.0731358528,NYSE
SFD,-1.8603686046907542,-14.729387120495085,-23.527975471611718,-33.333333784723386,,18.729999542236328,32418370.187690735,NASDAQ
LAB,-0.459459981925292,11.945288878800596,-16.104782684858776,-19.232456621347872,,0.7630000114440918,899119.2134857178,NASDAQ
NBIS,0.46579147130765275,14.676721815941729,4.579871763093357,127.38817324415285,,232.57000732421875,3475932024.115906,NASDAQ
ATLC,-1.0924867428326768,-2.659758226650333,-9.394483061531123,68.3916449962386,,92.86000061035156,8392593.995162964,NASDAQ
FLNG,0.31594789953304225,-1.3005133844920969,6.379485739951041,3.8376840308847138,,31.40999984741211,7335742.644363403,NYSE
OOMA,-4.4529949882553215,-7.993645402208482,6.072628677789105,42.868885670835134,,21.0,9992010.0,NYSE
IDAC,-0.33918611316209324,-0.10000228881835715,-0.10000228881835715,,,9.989999771118164,0.0,NASDAQ
BRAG,-13.362068367521761,-11.970803643766804,-31.717812347676933,-32.3991040379554,,1.159999966621399,7149.079794287682,NASDAQ
HKD,1.8845696607195483,2.2458635503986857,9.079445429370047,7.187114831754049,,1.7400000095367432,124851.96068429947,NYSE
CLBT,-1.4009558729020544,-6.397305153980359,-29.51318420283473,-19.408609123164545,,11.199999809265137,32328620.24944687,NASDAQ
USPH,0.39238286291114477,7.969312506269621,18.08010953960064,13.505230370155363,,83.95999908447266,20479271.096687317,NYSE
TISI,-0.7780458827927772,12.102660776046715,65.44653874005495,78.51518499577206,,28.3799991607666,771708.9371795654,NYSE
ONT,-15.462102091494689,-21.206432803477206,-36.263528296568914,-39.45351374843332,,14.210000038146973,11603971.291151047,NYSE
SORN,0.059891658489630295,0.6425734958779739,0.8045102274283122,1.272988532437247,,10.039999961853027,62247.99976348877,NASDAQ
PRTH,-0.025679897040398192,45.53271320378671,11.069903280417925,63.64019178114317,,7.78000020980835,6004946.481939316,NASDAQ
ACCL,-0.6065231250656278,-8.67293877214913,52.0881650896559,92.22873249045843,,2.5799999237060547,8521.739748001099,NASDAQ
ZEO,-21.78356834041991,30.208506393107704,-51.242973697672944,-48.15011711688991,,0.28619998693466187,124089.44553518295,NASDAQ
HLNE,1.3633968512704708,-16.92187358060906,8.830435108753164,-9.957631434826942,,87.33000183105469,54030373.49285889,NASDAQ
FBP,-0.536472176464986,-5.063650452299761,1.1977877589889774,24.107474873661204,,27.100000381469727,36238228.910102844,NYSE
MGRT,-11.409741821004394,2.655431259119645,37.50322949586913,798.4472604743539,,103.98999786376953,405145.0316772461,NASDAQ
KRRO,-0.06144772528552389,-20.316836060284295,-29.67713918269066,-21.357186177428243,,9.970000267028809,1118464.5399560928,NASDAQ
BRCB,-1.5944060745772815,-25.05325917591039,-14.069370348879529,-46.05949222648703,,6.920000076293945,2311010.1454792023,NASDAQ
BGS,-7.236841568656249,-18.44997145320164,-29.640719741901666,-43.053311608098085,,2.5399999618530273,10922263.99596405,NYSE
NOMD,-0.33853734233119104,-9.076871745369608,-6.145944499972211,9.619364189623525,,10.6899995803833,11110244.84388733,NYSE
TGE,41.371158788846564,30.453751541574547,18.981295906012406,4.30838858693221,,1.090000033378601,1190059.85644269,NYSE
VPV,-0.4701015476656578,-5.465262425657603,-6.035861134048604,1.1079291199351138,,10.65999984741211,222911.25680923462,NYSE
PXLW,-2.0281671071142093,0.05753871664655463,14.332678066272631,30.262171674626547,,6.820000171661377,85652.38215589523,NASDAQ
EMF,-0.23137868375903148,-0.6293202325768465,-1.39841370322501,27.935643186361926,,22.780000686645508,287916.4286785126,NYSE
FTHY,-1.7768873674109842,-4.563880630042982,-6.542193239795024,-4.97757838967715,,12.630000114440918,2407783.2218170166,NYSE
LW,-3.6938861904377784,-19.116092472605583,-5.268974940442039,6.510612095216417,,44.56999969482422,301997983.342186,NYSE
PRCT,-0.03391273152499874,-16.78585053131092,-19.099891260888658,-29.145972206773774,,17.81999969482422,17302471.263687134,NASDAQ
PBFS,0.453516465327497,-0.7505279180869628,3.4925822721474153,27.942241572300873,,17.3700008392334,570986.6675872803,NASDAQ
GHY,-0.9435665166554696,-5.618948809519642,-9.514338871731365,-5.553633265664793,,10.75,3093323.25,NYSE
ITGR,0.07283768080610376,0.8328270846987618,34.910129702801626,46.269207020074134,,126.44999694824219,74516224.50161743,NYSE
UVE,1.242763828344895,-1.7092427634942786,1.587076928033393,28.185722418815473,,43.65999984741211,5035482.422401428,NYSE
DOYU,-4.001722440848965,3.1914873673333455,-5.8252431874532995,-7.4657825830235165,,4.369999885559082,115901.13696479797,NASDAQ
LFST,-0.38263266274372043,-4.93729254574764,8.28209748265678,88.95550933205992,,12.220000267028809,39495163.06303978,NASDAQ
YOU,5.737122964390307,-5.228817347607617,-25.238454619643257,-16.809515121238118,,41.25,68810651.25,NYSE
FUBO,-8.995471165957358,-18.476858502922678,-10.79499492624475,-10.069161563526151,,8.619999885559082,9234123.157405853,NYSE
BRUN,-4.140165381523875,-5.790775977322737,-51.751631715640364,49.51801559056235,,14.329999923706055,51999428.35315132,NASDAQ
MMD,-1.6971294181964192,-9.045765449847265,-12.14674720965887,-8.443665110810972,,13.470000267028809,1939518.398448944,NYSE
PRU,-3.67913883010893,-4.973474904351372,1.0948907885512282,16.949847797864216,,113.4800033569336,168793674.8732071,NYSE
SANM,0.8466357069532693,15.844766632455464,-2.5275691167987,73.11261631610112,,225.0800018310547,143888693.41055298,NASDAQ
MCRB,-15.809419984000272,-41.05382802905613,-60.553018969506276,-65.1423453495583,,2.8499999046325684,180404.99396324158,NASDAQ
MBINL,-3.188990558304128,-7.8041968407568945,-6.681768387117648,-3.8145684061391294,,23.049999237060547,503780.7833251953,NASDAQ
BID,-0.10082908702425675,0.1414973534911379,,,,9.899999618530273,12869.999504089355,NASDAQ
SAAQU,-0.44956909149675983,-1.9822953923967046,-3.395299369793503,-0.274132353826817,,10.1899995803833,2323.3199043273926,NASDAQ
UAA,1.3345182991244098,-10.244288296871817,-31.282051296804337,-21.01248270080569,,4.699999809265137,36712760.71012688,NYSE
EOD,-0.6253917542242471,-4.305931426365673,-2.575107735302884,9.022298819336472,,6.349999904632568,1340237.3298716545,NYSE
INOD,-2.35542915720216,23.322143976941547,-4.973990720396538,79.50079103350896,,66.97000122070312,97508723.59735107,NASDAQ
SLF,-1.9098407654411398,-0.8852243472895482,-0.9929007173685611,24.584326245086928,,78.61000061035156,25503206.668014526,NYSE
MRCO,0.06209333255278171,-0.16076334416565974,,,,9.850600242614746,11879.823892593384,NASDAQ
IOND,-2.5406856992853832,13.160721216819592,,,,83.31999969482422,22649542.077041626,NASDAQ
SCHW,-1.3691189475561472,-10.424590846721472,0.4655448421185593,5.08623633221601,,97.95999908447266,575222192.1840134,NYSE
OTF,-5.476007756280277,-15.073018093350399,-6.238003793097713,-17.747095303793937,,9.4399995803833,23811218.94156933,NYSE
TELO,-2.945993159298954,5.141843308308047,-6.761005576108325,-6.3191150233687825,,1.2100000381469727,162587.70512580872,NASDAQ
INBS,-3.939746845605474,-30.68562026586621,-26.474503126169747,-43.5862537270852,,1.6699999570846558,119269.72693502903,NASDAQ
CLRB,-10.468592707693091,-26.87296384368648,-35.349171307475494,-30.441517233065007,,1.6699999570846558,99956.17743134499,NASDAQ
APUR,0.09972116342942261,0.25968478530975503,1.1895145047902123,,,10.039999961853027,9186.59996509552,NASDAQ
BBWI,-2.164040235021669,-13.480653328011805,-25.609092712402347,-12.340655937907275,,17.459999084472656,216320536.43708038,NYSE
DFDV,-8.232898309339898,0.7829979140063115,70.21410288524312,55.344825200131154,,5.46999979019165,8454552.015715599,NASDAQ
BOT,-0.9566703017113931,6.804217035990057,-22.093731204732393,,,31.809999465942383,23822381.360046387,NASDAQ
LTGO,-9.830433674140393,-25.487761362878068,,,,16.6299991607666,9811649.614854813,NASDAQ
GCGR,-0.15575615224298067,-0.4697351986862608,-0.17543997838412873,,,10.130999565124512,2299.736901283264,NASDAQ
STWD,-7.921471125133417,-14.820929781834346,-18.722732824760957,-22.165487251431827,,12.979999542236328,103215684.31990814,NYSE
APOG,-3.2730859788395406,-7.778298477244261,-14.700113051329755,7.084909026885877,,35.65999984741211,13938138.860359192,NASDAQ
BRBR,-6.794209206138635,-28.152770366171087,-43.73704388802492,-52.63026692407233,,7.730000019073486,38643661.49535179,NYSE
NTR,-4.6782197930614,-9.353966101562861,9.345447006771046,-6.978958640645216,,70.26000213623047,167100206.20062256,NYSE
YXT,-6.03161307323229,-13.910056261516257,-39.208824751924055,-43.74999821898471,,2.265000104904175,88359.91909241676,NASDAQ
MZTI,-2.083045762230673,-10.520733842621544,-12.978114185056,-28.99425040498681,,99.48999786376953,44222010.68047333,NASDAQ
PFX,-2.1333105335998193,-5.231289042738608,5.637604470484581,13.672411100230232,,44.869998931884766,280123.4033317566,NASDAQ
FIS,-5.145119429191414,-20.18437181911018,-19.469198850407953,-28.873118738974302,,33.58000183105469,266300932.46089172,NYSE
SNFCA,1.9940405300872932,1.3205827019547645,-4.953212685984287,-1.7763295801246914,,9.130000114440918,317751.39398288727,NASDAQ
ARCB,1.1364147882146902,-4.249076966930487,-8.568009382861597,31.087568637609976,,131.13999938964844,29813892.021240234,NASDAQ
RNW,0.08769287494765354,0.528478643925534,12.262295894935482,46.38734691493593,,6.880000114440918,6542880.108833313,NASDAQ
GSHRW,,,,,,0.2345999926328659,9.383999705314636,NASDAQ
RIOT,-14.882774535709997,4.866559555717731,-14.716146862890401,58.74524562303603,,19.31999969482422,251449641.46813965,NASDAQ
CCS,-4.0476345166894685,-9.161908438226495,-13.076474088232992,4.85460596488636,,58.130001068115234,13098898.18068695,NYSE
ARAY,18.47500078169009,8.526719692960572,10.209305407894798,-27.464282257802708,,0.30169999599456787,654305.8323132992,NASDAQ
BWG,-2.590821028446022,-9.093299599579607,-12.386020158906586,-9.42655243800945,,6.860000133514404,911433.3377389908,NYSE
HPQ,-0.13294447055570702,1.2646034822641816,41.543291987537366,64.90696242068583,,31.469999313354492,280439423.10107803,NYSE
AMCR,-1.7100813974259887,-9.16215471414661,-5.098161932295875,5.794249968201237,,41.79999923706055,126936147.68314362,NYSE
QMCO,14.415009329856998,39.999151534154784,212.74881588904213,536.4776230550766,,34.005001068115234,56028952.09989929,NASDAQ
SWZ,-1.7808250719664742,-4.240399106501069,-3.4668468814737396,-3.336703014772835,,5.760000228881836,531740.1811294556,NYSE
PDPA,-0.4942631572122935,-0.9205816896141195,-0.9268944826940517,-0.6254016362796433,,24.959999084472656,162239.99404907227,NYSE
WLYB,1.8179144668302616,-9.283903278582017,-4.943762139612007,25.78435830195003,,48.36000061035156,17651.40022277832,NYSE
BXBL,-17.0804381181629,-18.496829422774198,-66.78599813767964,-66.94378422087686,,3.25,243743.5,NASDAQ
KALA,-20.661624631983567,-29.556897185848406,-74.53276648929608,-95.0623527989635,,0.36250001192092896,382803.6375886202,NASDAQ
FSBW,-0.22234052780608637,2.7043459932226233,0.5855187733500022,12.648568976489361,,44.43000030517578,1412785.1497039795,NASDAQ
JACK,-4.736450790624335,-19.143037758075266,-21.679688670974407,29.931148112267515,,12.359999656677246,4426190.037054062,NASDAQ
FCRS,-0.01757998848191944,0.12713667815940077,-0.42793468460630146,1.7693786521886246,,10.234999656677246,190923.68359565735,NYSE
KE,3.1677182971422635,17.336788361292555,10.789266140305664,18.15656361926785,,28.229999542236328,5193134.25579071,NASDAQ
ENHA,-1.5006823146124448,-8.838384355310147,-46.03886326225721,,,1.4500000476837158,550681.0181093216,NYSE
SNEX,-3.1713268059048505,-3.7500374954128057,-18.755769709234283,20.39063681339208,,67.43000030517578,72093324.26628113,NASDAQ
SFWL,-1.229552479843743,895.9053696802533,895.9053561769354,890.0497472335768,,8.819999694824219,88288.19694519043,NASDAQ
ONTO,11.133220021709466,21.453380364987762,-2.5049627914178196,51.575625505572866,,325.4100036621094,259005536.6748047,NYSE
PPTA,-10.333019219252193,-14.893962760346813,0.5085890905880186,-25.999718034742592,,20.329999923706055,25298773.885059357,NASDAQ
DAAQU,-4.71088666245948,5.996975232215007,6.017031883940804,7.60514506463108,,10.510000228881836,3153.000068664551,NASDAQ
DBX,2.3512296116576126,-3.678355862200988,19.11142625855218,46.233769969754746,,34.369998931884766,140289846.25021744,NASDAQ
PDSB,1.2692210430903073,291.04618567908796,-3.264163826528721,31.1729372524584,,1.2000000476837158,93053881.29762888,NASDAQ
SNAL,-9.076682838709305,-17.177477190241675,-27.19298185335848,-9.571982799871293,,2.299999952316284,41172.2991464138,NASDAQ
YQ,-3.876605324077498,57.82160523735196,52.424240072271175,91.25475464409871,,3.3399999141693115,29973.1592297554,NASDAQ
NWSA,0.03486697107986103,-6.796177842324058,9.66287084213926,16.35169268954524,,28.950000762939453,103760537.28447342,NASDAQ
CURB,-1.6735794028127637,-5.685956012959014,-7.709061038995779,7.843590882814833,,27.860000610351562,45645936.44000244,NYSE
OFS,-1.1634351174611757,-6.498951857940516,-3.201301788739619,3.8416754647701667,,3.559999942779541,226262.9163632393,NASDAQ
TG,-1.077099160663908,-9.397715180040379,-9.772491597070287,-13.162477084468339,,7.0,1038674.0,NYSE
HOV,-1.6517015588971562,-7.511638206626636,-15.34079772302832,2.307178868949311,,111.69000244140625,9857089.475463867,NYSE
SIMAW,,,,,,0.16009999811649323,0.0,NASDAQ
DEC,-2.702311980799621,-11.372910771296308,-2.547400919980314,-22.44874434419062,,13.609999656677246,6824720.717841148,NYSE
EVCM,9.374233659782094,6.119049302034152,-12.436149255689976,-23.87702895024565,,9.069999694824219,897621.5897979736,NASDAQ
RCL,13.437188953009183,0.31895747415195963,-9.453955353985021,-1.360480733399938,,275.0299987792969,832128839.0966492,NYSE
NCO,0.16142227248276964,0.3842275728826561,,,,9.960000038146973,253980.0009727478,NASDAQ
NUWE,-10.570718175334681,-7.826086757684935,-77.16096334581822,-98.08246877139108,,0.6940000057220459,112973.48493146896,NASDAQ
JRI,-3.30341135975738,-11.69044110462284,-17.27845047711032,-13.240978291650373,,10.649999618530273,3488801.4250354767,NYSE
JFU,3.5134089237614408,0.8094161548357182,6.706130367779295,-16.681873469176,,2.5999999046325684,8002.799706459045,NASDAQ
PNRG,-0.9321948088475196,-5.347613715241573,17.020612641053834,-13.458203873296027,,209.6699981689453,11634168.858398438,NASDAQ
BEEM,-7.030604899282833,-20.84506929216343,-11.912223918847387,-23.32878619557086,,1.1100000143051147,164953.7721258402,NASDAQ
EG,-0.9555297703093713,-3.0399897495455686,0.17005849099884784,12.777682413207136,,366.80999755859375,122046489.62768555,NYSE
FJDI,0.18273561031378893,,,,,9.869999885559082,1059889.937710762,NASDAQ
MSAI,-1.951034564423637,-7.21285823629545,-10.864243158329456,-48.72183675360006,,4.599999904632568,23271.399517536163,NASDAQ
STM,4.929039384085621,9.616994572870595,-22.00323198316294,61.64560953000395,,57.68000030517578,509909314.21784973,NYSE
GDC,-5.53250467105022,-9.536422701301472,-34.641148212920434,-99.80868347218724,,1.3200000524520874,238072.56946015358,NASDAQ
RWTN,-2.235729615132953,-4.9273257625568,-5.42891646542717,-3.5409146648594736,,22.6200008392334,512682.319021225,NYSE
HCMA,0.0,0.05831037270500605,-0.046596796962283804,2.122596016142353,,10.300000190734863,107264.20198631287,NASDAQ
ORMP,-3.6225765162959833,-8.112449691525626,-0.04368819891588105,35.144711766166495,,4.550000190734863,473764.2198600769,NASDAQ
WDI,-1.470342704815386,-7.830572350811494,-13.559072323993615,-11.721555478233691,,11.699999809265137,6024680.901784897,NYSE
API,-3.0444969474046513,0.4123189924202908,1.9704402544604926,15.063921756298026,,4.150000095367432,349907.258040905,NASDAQ
HAWK,-6.309029314117942,-18.8393126886646,-26.72838162406135,,,14.380000114440918,21370477.67007351,NYSE
GEN,-8.121955287045068,-28.97675563441211,-16.52804247101387,16.22397209775077,,22.280000686645508,263145857.50987053,NASDAQ
NEWT,-1.4799156962660986,-6.410041713315562,-23.449693086591093,1.2859989814461237,,11.149999618530273,1947012.9333877563,NASDAQ
JBTM,-3.113585815041442,-7.535499863396266,-25.502155991638,-14.058605672159407,,109.76000213623047,57366065.116500854,NYSE
RPAY,-1.9311071102305788,1.29380059382036,-9.923294819625827,41.06606901165546,,3.9000000953674316,1028160.9251418114,NASDAQ
VRSN,-1.6899378851115143,-1.5538344700766427,10.817958646102245,11.391408399076376,,292.260009765625,332078682.5361328,NASDAQ
AQMS,-5.43004314119454,-16.631725265821718,-16.864111861809327,-39.68655237505282,,2.0999999046325684,154030.79300498962,NASDAQ
SAP,-0.37794847523452413,-3.214974209909671,30.94943213516519,22.568668572131223,,207.74000549316406,279912622.72158813,NYSE
IMVT,-2.8154352611056477,-16.34169642874298,-13.592582900210125,36.52343706647419,,33.25,36682497.25,NASDAQ
TPL,-1.908160960831884,-9.043294870841635,-18.861539289420136,-26.311322052042428,,344.6700134277344,92595599.10736084,NYSE
ATLO,0.34056446140104946,0.6197821583963536,7.645464981201977,12.589341925846043,,31.979999542236328,846350.6878852844,NASDAQ
WELL,-1.4030378849964054,-4.394527153066441,-1.852169127027825,14.75615700738766,,224.16000366210938,548511907.5210571,NYSE
NPFD,0.40308473388070976,-7.017920024522118,-7.087285259636234,-4.700482253964,,17.40999984741211,1378871.987915039,NYSE
ZIP,-0.6764381280335519,-17.160322019985298,-9.362141884782972,85.86497965903452,,3.609999895095825,2221532.565443754,NYSE
TLPH,-2.214650728553569,-3.8526005326158907,3.9855056188607962,53.88739573661563,,1.159999966621399,680517.4604183435,NASDAQ
NAZ,-2.4854860094403075,-12.072633631875673,-14.601208223830241,-9.951415014476627,,10.989999771118164,117922.6975440979,NYSE
PM,-0.7232348154984081,1.003775051522049,3.9926869669824727,17.861130668806524,,189.52999877929688,1001418517.3701782,NYSE
GNL,-4.204412213526377,-9.877621244495794,-8.457268479048674,-11.804958588486937,,8.140000343322754,30791228.13868904,NYSE
FTH,-5.501769210077501,-21.038829293997942,15.837289518037444,-9.182495626371557,,27.100000381469727,11185579.357452393,NASDAQ
GRPN,-4.794189600909871,3.6263953242412272,-23.644555373757736,70.60048495712824,,19.709999084472656,13161016.81867218,NASDAQ
SMFG,-1.76191292192307,-2.89997723370643,4.277118432640203,27.805458579237417,,25.6299991607666,47830730.06382179,NYSE
ASTH,1.8416120463959906,-6.515934980963656,-25.36976575887635,43.56213039467356,,36.810001373291016,14352403.585453033,NASDAQ
FSBC,-1.5947955229814292,-6.456109668516852,-12.294244462686343,12.855415475705678,,43.43000030517578,5941180.611747742,NASDAQ
ADXN,-11.914642644400363,-20.278970968534672,-48.38485529383247,-51.56453722868055,,3.0999999046325684,18215.59943962097,NASDAQ
SXTPW,,,,,,0.027699999511241913,510.23399099707603,NASDAQ
CAF,-4.696101169742361,-6.75961089765692,-15.074555037310455,3.3965818158633754,,17.6200008392334,245693.2917022705,NYSE
RMBI,-1.093934297673449,-4.593706896794836,-0.6644750896252938,11.103751499335335,,15.319999694824219,1001698.1800460815,NASDAQ
PEB,2.4070251809313437,4.63055098773697,0.6714977220377838,49.23368448810073,,19.100000381469727,43630722.97140312,NYSE
TRN,-6.213188887043164,-8.088134221273979,-24.118094307907366,-19.27167278813069,,26.389999389648438,25261140.775756836,NYSE
RMD,-0.3089373574118426,-5.548492036848396,6.042576020860579,-0.8554424014877826,,222.86000061035156,212131520.18096924,NYSE
KBR,-0.25209042305549545,-6.7537876158143995,-3.121692242290419,-6.3323830009359146,,34.52000045776367,55106520.530757904,NYSE
EVF,-0.20601251784995167,-2.299311132828352,-2.8869259240918765,-1.9036038440761405,,4.840000152587891,526306.4565925598,NYSE
LWAC,-0.13867935890999883,0.4572758346137684,1.2024207876500936,1.6588267468251816,,10.350000381469727,0.0,NASDAQ
TWLVU,0.0,0.0,-0.29440553856618923,0.5940540958044194,,10.15999984741211,0.0,NASDAQ
JTAI,-5.01237740622773,9.252667034232886,122.40625796844125,8.519983682197774,,1.5,57849.0,NASDAQ
BIOX,-6.70081032754728,-20.096953861437083,0.9743290373940283,-28.63092963126147,,0.3456999957561493,99672.56847640872,NASDAQ
ARQ,-3.2770586950446434,-9.814814328329714,-16.034481986099124,-21.133602552634812,,2.0199999809265137,439951.9558458328,NASDAQ
MGRX,0.6378158728855166,12.876854138098182,5.795020197496337,18.128341196869833,,0.4180000126361847,240569.03927242756,NASDAQ
CHT,-0.6854374284899545,5.6534982382992816,4.011813672090003,8.276971089599726,,46.150001525878906,9247952.655769348,NYSE
VITL,-10.473961064195613,-11.56069351416027,-26.78258066488852,-30.894307168737768,,9.25,16440950.0,NASDAQ
GFUZ,-8.651962325704488,-3.3955439778694085,-24.29413039712971,-26.62663662772501,,7.53000020980835,1183911.8129873276,NASDAQ
WKC,0.13428493862492896,1.2790030060980007,7.943788124540219,54.44895204467546,,36.43000030517578,34023689.495018005,NYSE
POCI,-7.2133993815899355,-0.6893364900713239,-13.972929012879876,3.5457606708822365,,4.460000038146973,153357.10131168365,NASDAQ
ELMT,3.490595807873631,26.949653515787332,14.425535908537546,,,21.290000915527344,12478325.016601562,NASDAQ
PMTRU,0.0,-0.5784555186279627,2.0408188541593875,2.52586360457423,,11.0,0.0,NASDAQ
UTMD,-1.146394368197412,3.5697324028346022,4.882186679046452,17.45010845424757,,73.30999755859375,2481983.27734375,NASDAQ
IRM,-1.8324139065114542,-2.5253150926373924,-6.3933062054622125,10.022621638866003,,112.33000183105469,180007030.65423584,NYSE
GIXXU,0.0,0.0,0.13730627532273498,1.7844690709375222,,10.210000038146973,0.0,NASDAQ
GDDY,-0.5716852843006048,-3.614217122717023,11.090686825531204,18.024704555576964,,99.73999786376953,155259070.79466248,NYSE
MPA,-2.3213576364354394,-11.129477393653787,-14.97100769743035,-12.03417707996609,,9.670000076293945,668516.1152744293,NYSE
OVLY,-0.34614265951969925,-0.22907677200920684,0.2656237080559176,3.9216837188725373,,34.279998779296875,1026617.4034423828,NASDAQ
IX,-3.7966881421665377,-5.296075904818364,-3.554553961319462,25.65080501778585,,37.34000015258789,10811012.90417862,NYSE
WCCB,0.31497654620769033,9.702683905096476,20.135000446146158,27.286493709119796,,60.70000076293945,4927868.861938477,NASDAQ
PJT,-6.021637220445175,-22.58436743189154,-13.072073023480545,0.8229098026155901,,137.9499969482422,52287187.34329224,NYSE
EPOW,-32.42971203297284,-63.74437417984866,-74.6746306657099,-80.18691594484358,,3.7699999809265137,168937.469145298,NASDAQ
BIRK,2.5145567048802997,-4.074180617190814,-26.360277645875772,-5.643594800947271,,33.77000045776367,66956218.91761398,NYSE
CC,-5.462067774569645,-11.492769254683077,-29.128322553063125,-36.53703819315454,,13.890000343322754,31135796.9895916,NYSE
FRPT,0.4406807406968527,-16.337300975996328,4.969655792278038,-0.010200634136181552,,61.33000183105469,62774446.03417969,NASDAQ
SPCE,-5.447715231177563,2.8610326343706305,10.785031385540433,20.510771363055923,,3.049999952316284,17467099.62691927,NYSE
ETX,-0.5710370066807635,-4.097818201560588,-6.817939439609011,-5.6771395605973,,17.15999984741211,726451.4335403442,NYSE
QQQX,-0.18315063101075335,-0.7544236073390498,1.0930769196361378,12.828096400347299,,30.489999771118164,2916307.49810791,NASDAQ
MUJ,-0.8121469550824267,-6.786129287412401,-8.872670049175868,-2.5160487189074154,,11.100000381469727,1678231.257675171,NYSE
CEPO,-0.05572192798862785,0.037180709702466785,5.758648385584775,2.4464537523339214,,10.755000114440918,119832.21127510071,NASDAQ
SKIN,-6.436089847091752,-9.56395495108746,-22.263868687840993,-29.86925043758557,,0.6000000238418579,206539.80820715427,NASDAQ
LPL,2.153429959280495,-8.111381078299107,-17.410229957442148,-22.073923882519708,,3.0999999046325684,4555018.959870815,NYSE
FACT,-0.06897653521282798,0.2318634117221663,0.8731629498643034,2.0134713347329525,,10.720000267028809,3057344.076156616,NASDAQ
HUBB,0.6502206759836593,3.0729862859023127,-5.619195684738976,-4.917286113970354,,480.6499938964844,192236445.70889282,NYSE
FERA,0.2089677234691001,0.41880880288041045,1.131137093535628,2.3874214063263954,,10.5600004196167,3505.920139312744,NASDAQ
HRMY,-3.3065928845034454,-3.3633187507940754,6.888721766980033,42.9149795058613,,39.91999816894531,35844485.71588135,NASDAQ
HITI,-1.5607962104063122,8.13397306577317,18.739057563076898,18.843123247487604,,2.7300000190734863,1471502.770280838,NASDAQ
GCL,2.096502542767076,29.086698296114122,64.46818413137159,19.81126169376033,,0.6873000264167786,182783.31822538376,NASDAQ
BBAR,-5.254513453413434,-15.452243676019496,-36.05037783278501,-19.208247350194195,,13.270000457763672,12556777.743160248,NYSE
EGY,-1.986304322692023,-4.216866691186216,12.854888544485599,-9.11400690116152,,5.789999961853027,7938622.627696991,NYSE
IRHO,0.0993785099327349,0.2388494754762771,0.2588059044571711,2.0466044314453535,,10.069999694824219,123246.72626495361,NASDAQ
GNSS,-3.6048076835080933,0.6973510714762154,-15.85081593825971,-19.23937272178078,,1.4299999475479126,59510.87781715393,NASDAQ
FRMM,-5.775318444885402,-14.56241323654771,-19.33626850585973,78.22670914947396,,4.75,422512.5,NASDAQ
FBNC,-1.7481949634889582,-2.8414249100009004,-3.3668853697772394,10.160372810392992,,61.790000915527344,18261602.240577698,NASDAQ
CLYM,-9.658175879685372,-22.99340256856898,-15.003034484035727,66.5576716693179,,11.050000190734863,13330134.58009243,NASDAQ
XFOR,-7.7417277178040695,-29.01631181425932,-31.143611642060677,-30.89509069641252,,2.9000000953674316,2024437.8665742874,NASDAQ
HLLY,-5.212512589150775,-19.48228834154898,-3.3524127979661977,-22.542595408717492,,2.2899999618530273,1886204.268579483,NYSE
AAL,-2.6883332077732636,-0.3328308917299294,-26.052307724849733,22.4762952360803,,12.829999923706055,551345754.9914074,NASDAQ
DXC,3.6180521261085508,-2.47498655573668,14.556701896116909,-11.075542851023435,,11.65999984741211,77124917.41070938,NYSE
BCAT,-1.3570095681329941,-14.298255194615528,-13.952902587830874,-3.9094357282986603,,13.640000343322754,10493606.904127121,NYSE
KDKRW,-20.687937135700597,-46.46702486277846,-59.08974051717919,-72.18531498699598,,0.3100000023841858,23511.330180823803,NASDAQ
CIMO,-0.24125150070278822,-0.24124999566254024,-0.7788527898826669,0.27828454547762504,,25.170000076293945,273597.9008293152,NYSE
DSYWW,,,,,,0.016699999570846558,178.62319540977478,NASDAQ
SMC,-1.0728523610944563,-11.014160561608078,3.948967517816171,2.7833387915094043,,32.06999969482422,4231379.899734497,NYSE
THC,-0.035776881056603926,-2.6768725782649994,28.90743208514326,35.94025897574944,,259.4700012207031,179787801.72583008,NYSE
ARCC,-0.6981329308523687,-4.661864546993543,2.52824348332632,6.030264835614796,,18.81999969482422,79980180.78308105,NASDAQ
GNT,-2.748130653249359,-6.628872521338359,4.439021319877812,2.1713145375074516,,8.529999732971191,606158.8410243988,NYSE
AFCG,-0.5955771879208704,-1.9854587598921447,13.946680677039303,25.988496123461257,,3.319999933242798,131535.0773551464,NASDAQ
EFR,0.7590452981555584,-1.5217808824268708,-2.1546081393639893,-0.17354629166608238,,10.1899995803833,1413811.491780281,NYSE
BNGO,-8.947368178891569,27.20588365629151,35.39130864747315,33.30479522834613,,1.4450000524520874,462654.33679389954,NASDAQ
CCEP,0.08088142466176063,-6.338040171421289,-3.597149701696112,10.277366899661944,,101.47000122070312,218948011.3039856,NASDAQ
IQ,-2.651070590072979,10.953119444343272,-3.4975844627194608,-25.68452475034967,,1.0299999713897705,3369455.3864068985,NASDAQ
FBIZ,-0.26307460222035894,-1.5857369481406036,9.174281265147432,27.421179216534796,,70.63999938964844,4287777.3229522705,NASDAQ
NNDM,1.9083966108162542,1.5209125877423402,9.575922176785712,-4.415273099876127,,1.6100000143051147,2730017.454256654,NASDAQ
BLK,-0.781742413273312,-6.420050005380073,7.22746106017691,11.24741910843774,,1066.449951171875,651083691.9396973,NYSE
SUNE,-5.628061143358676,0.8718366692637591,3.211415302874121,17.105258712630423,,2.2699999809265137,217075.55817604065,NASDAQ
TCGX,-10.462051960151364,-7.44406269962683,,,,12.75,25500.0,NASDAQ
XTERW,6.557374546297812,-5.797106613508829,,,,0.25999999046325684,0.0,NASDAQ
FTS,-0.8895390643584022,-4.152449592271868,-7.758409560539869,-6.21204101896301,,52.56999969482422,42654351.492385864,NYSE
PAA,-2.9123835022403233,-7.197441951582939,6.296891009830863,7.633174059285719,,23.90999984741211,41107601.97766113,NASDAQ
VOYG,-7.614243327638148,-8.871306708607996,-8.454267794406956,22.90218439219838,,30.200000762939453,34758358.67809677,NYSE
THRM,-5.89649818740734,-16.541430738472794,-4.162781707841656,18.514777468797394,,32.22999954223633,171424599.26525116,NASDAQ
BLDP,-4.4651207931625025,-9.355694513115187,-42.78551690681927,-15.403627234243755,,2.059999942779541,3810338.6341605186,NASDAQ
WRLD,0.986954428169251,-7.3904486627909165,-17.71404719916102,24.86873400032612,,176.27999877929688,11116745.563018799,NASDAQ
MITN,-0.34184415231619525,-0.3975447259588316,-1.1986582369980292,0.9695955293002045,,25.25,550551.0,NYSE
AMX,-2.6973020587516716,-7.044940929863063,-17.336623432498545,-15.311041733333786,,22.149999618530273,109649674.71160126,NYSE
PCQ,-3.1509945444515686,-10.734200487113965,-14.355772692086354,-10.149672893725759,,7.630000114440918,3746352.946190834,NYSE
SQFTW,,,,,,0.010499999858438969,68.75399907305837,NASDAQ
SKYQ,-5.930930674266898,-7.047479732608264,-12.986111886063467,-28.806817958608633,,2.5399999618530273,1041430.4643592834,NASDAQ
SUIG,5.071519682492198,65.6077046583626,30.74433644472796,33.99667997191247,,1.6799999475479126,2007594.897319913,NASDAQ
JBS,-1.484293515542956,-14.958283639707126,-5.652892688089162,-35.90117864936412,,11.890000343322754,92532810.01187706,NYSE
LRMR,-11.79710194684458,-21.85413512166615,-6.196054948632623,-34.783540660413536,,2.859999895095825,2533962.767054796,NASDAQ
GWRE,1.4374111538883572,-24.96847992340172,14.546391955582694,1.9065359962155748,,163.22999572753906,345479713.7872467,NYSE
EFSI,-0.6339665794033111,9.914395773041651,10.620588960301202,28.78675982941146,,45.54999923706055,1633650.7226371765,NASDAQ
MUR,2.4951893303706285,0.991013584462408,16.156960665933262,-9.188741174425964,,38.38999938964844,68675677.95814514,NYSE
LNKS,-2.484847806884416,12.255814152385437,-39.12988582771557,-73.66612088365704,,0.9800000190734863,5184.200100898743,NASDAQ
BYD,-5.729050050824769,-13.471154097468109,-24.006157887911673,-19.052785332487442,,68.70999908447266,102891093.61902618,NYSE
PDCC,-1.8877218180331723,-3.0448405358225683,-12.756382079774875,-18.9786195444093,,8.404500007629395,14892.774013519287,NYSE
EFOI,4.505169025651767,0.2834883101984209,-6.9078944014627774,41.925781275221375,,3.049999952316284,65449.94897675514,NASDAQ
D,-0.23281711916453007,-8.020438325982916,-11.791141457337751,-2.075957755745461,,61.02000045776367,246919750.6123581,NYSE
RKDA,-21.389812968977118,-43.99605461920485,-60.38783547714639,-78.91117018334077,,0.2867000102996826,43185.33585143089,NASDAQ
XTLB,-3.8528900621272344,-11.736332741260524,-21.79487107642879,-11.380143950555787,,2.180000066757202,28405.400869846344,NASDAQ
CLDX,1.115312205751362,-18.476935994228725,-15.648653745114782,3.6025566180478474,,32.59000015258789,40993266.51193237,NASDAQ
HUIZ,-2.3426039414256916,-13.320337481109135,16.710411851927255,-3.052324405279494,,1.309999942779541,12557.65945148468,NASDAQ
EIG,1.5085510026496385,-1.77202520549532,-5.489444736741023,16.866078212925494,,48.790000915527344,6257756.727424622,NYSE
BORR,-6.481915676781647,-13.246184191121479,-8.920398557342901,-31.580754977081995,,4.150000095367432,31962653.33450508,NYSE
LE,-0.17304577170954571,-10.141920204892418,-6.500991586009519,-8.880309688079201,,10.630000114440918,2148152.9431266785,NASDAQ
PSQH,-9.688452321203222,-13.057793081835856,-26.122768102005534,-37.61154970186976,,4.119999885559082,256366.99287891388,NYSE
CIMN,-0.10429215920149115,-0.3810745044501296,-1.0839147096778023,0.4885070064092334,,25.06999969482422,679346.8517303467,NYSE
VSECU,-4.848458749136874,-15.629951320637737,-23.227776604009076,-10.293762613278579,,44.9900016784668,53178.181983947754,NASDAQ
SKT,-1.101344735223575,-7.975362561318122,-12.243657957197861,0.9318027180167388,,34.59000015258789,41185863.51168442,NYSE
MBOT,-9.95405440204593,-19.89100828059541,-38.749998199443006,-50.33783651126441,,1.0700000524520874,2014298.6387422085,NASDAQ
AMOD,36.923077292045136,-3.5833338896433475,-47.24122310881994,-83.77734180028169,,3.7799999713897705,106844949.99130726,NASDAQ
MO,-1.7943210251804786,-2.1720924846348577,-6.3150907034524195,2.2490892122069006,,67.87999725341797,501816930.8553238,NYSE
COHR,6.082250551979884,15.25427435071871,-10.102443618647206,28.992473840311828,,333.6400146484375,1804034598.7659912,NYSE
GECCI,0.07997958375742797,-1.0360656182836325,-0.3607184266010255,-1.2235548284370124,,25.030000686645508,40924.051122665405,NASDAQ
ABOS,-8.738278718676352,-28.057795612242487,-19.146526314235135,-14.769108499398387,,2.130000114440918,1519872.2316598892,NASDAQ
EQPT,2.496048132570161,2.9845677485177635,-4.844291494787145,-9.584537968313999,,18.899999618530273,56558985.958436966,NASDAQ
RSF,0.30328845458109654,-1.1984405526467512,-1.9339087516374587,-1.826439165089233,,14.306699752807617,177188.47643852234,NYSE
CENTA,-0.8814442380046139,-7.787553057521091,-11.024942831012686,5.511712493049359,,34.2599983215332,10658559.557815552,NASDAQ
CMPR,-3.5818031087012536,-14.337971186810705,-22.675984239044666,3.779123379033722,,76.3499984741211,10942329.081314087,NASDAQ
CGTX,-1.8688255251122832,-9.532944227423979,-16.64107285805655,18.119938874470943,,0.9380999803543091,305574.81140065193,NASDAQ
DHX,2.435896121799863,8.806173766388925,26.025235616346244,65.31034338063206,,4.809999942779541,871759.5796294212,NYSE
SRJN,-0.8047366888554897,-2.668361341363612,-10.184254511107172,-11.203112479668375,,21.329999923706055,307535.9388999939,NYSE
PPT,-0.06116202153874095,-4.667446984416768,-5.767014011642524,-8.253788964587716,,3.2699999809265137,588603.2665667534,NYSE
GXO,1.14595444525587,-3.1184830225113647,-11.368854960408537,-12.512966145554804,,45.9900016784668,47916798.78878784,NYSE
IDA,2.0084578719727464,-3.1416494459488797,-13.242390521104241,-8.304081156419985,,131.72999572753906,93025220.11286926,NYSE
RTACW,-9.885137721997218,-23.85294149357142,-37.53920317577,-0.6142035510731003,,0.49300000071525574,172.5500002503395,NASDAQ
NCV,-2.4692939985354934,-9.07556808679505,-13.257443797089241,0.07959726655029087,,15.050000190734863,1214565.115392685,NYSE
MUFG,-0.6242965587266336,-1.2238215041223466,11.02392433751509,33.19000548420921,,22.969999313354492,54927079.76805687,NYSE
FNUC,-12.231182448969967,-14.863102895351199,-20.171150145498007,-46.86737191490431,,1.25,306203.75,NASDAQ
ATII,-1.7845701916208156e-06,0.24385690441428576,-1.4749266115610338,2.670509824586209,,10.699999809265137,969537.6827173233,NASDAQ
TKC,-1.9029135842925093,-1.289567794355162,-13.611492688646454,-15.968064537165215,,5.179999828338623,8504932.93815279,NYSE
BFLY,-4.587935112388319,14.039095417039317,12.751006474716252,122.37623485183389,,9.380000114440918,49009318.71793938,NYSE
CCOI,1.2437798995133198,-15.612688792121943,-37.38461475936619,-56.15641422065586,,8.880000114440918,21610652.43850708,NASDAQ
LOVIU,-0.019980476829517535,,,,,10.010000228881836,49269.2211265564,NASDAQ
GH,1.2843415048447104,10.73260595553538,9.181981663529704,97.66995153219335,,187.22000122070312,325243079.40063477,NASDAQ
TVGNW,,,,,,0.06369999796152115,7762.736551582813,NASDAQ
OZKAP,-1.9378828914032753,-7.354692807743357,-7.708833961428141,-7.822832704929583,,14.800000190734863,470773.20606708527,NASDAQ
IPDN,-24.13162871607033,2577.4194153892154,409.2024432418892,188.19444923040777,,3.0999999046325684,144618.09555101395,NASDAQ
NKSH,0.36884425498975304,3.204317882659402,16.21858091510957,16.81985888286457,,42.970001220703125,2064450.738647461,NASDAQ
RBBN,-2.7808676277507827,-11.983887706146524,-21.68458665737831,-19.14893565402318,,1.7000000476837158,6712356.688276529,NASDAQ
ACEL,-2.7802834900671924,-7.995899966294717,-14.455917825543807,-1.8231540438381488,,10.880000114440918,5628974.779208183,NYSE
RVMD,4.017488686009574,-1.2909486595167885,9.04942081451443,113.20484759989147,,207.67999267578125,295789267.9684448,NASDAQ
CABR,-5.790145086972731,-13.509544033924325,-12.86982081045035,3.8800709991176463,,1.1299999952316284,9611.779959440231,NASDAQ
HONA,-3.1691680826284707,-0.9434551884193065,-33.85039346979678,,,155.74000549316406,389485351.7976837,NASDAQ
VTRS,0.7970836288091254,5.999281780805399,7.270965814023045,32.21807424936467,,17.6200008392334,112001799.63459969,NASDAQ
DTCX,-6.901838888642741,-16.467887723438825,-0.27382360409711204,-17.076502702576647,,1.840000033378601,227611.6841289997,NASDAQ
Q,3.4670892701415212,8.703958064159911,-13.79199244347664,11.511838551872744,,131.52999877929688,250132703.15856934,NYSE
IIIN,-0.6304231984069486,-3.5909234540409285,-1.8151379578356996,-12.728463959479953,,29.770000457763672,3015373.5763664246,NYSE
BCIC,-2.0904939699763037,-10.097294338494855,-6.788442486575241,-10.02631689372816,,6.869999885559082,173508.71710968018,NASDAQ
AVO,-0.0774491079370998,1.3511369917857952,1.6545858901403143,-8.118501472143901,,12.699999809265137,11168494.132266045,NASDAQ
ILAG,-6.2144618915433885,-8.36601433889832,-23.51336684712034,14.542483415056306,,2.9000000953674316,1450.0000476837158,NASDAQ
WATT,-0.7294811460904382,21.661391616707128,-40.650553365928786,-14.37933895104898,,12.8100004196167,1286047.182126999,NASDAQ
PESI,-2.09649001602481,-14.361468060022908,8.419578279887663,40.33309406880339,,15.489999771118164,2631162.3411216736,NASDAQ
SEAT,-3.728994262163954,-38.81842569443072,-45.57601015821721,-41.80952392774194,,3.2799999713897705,657308.7142665386,NASDAQ
PYXS,-22.64831135881429,-31.494919635776142,-15.83452063631845,65.49789623194322,,2.240000009536743,3383190.7344038486,NASDAQ
BSBK,-0.4786147727810497,-0.613899866749068,0.17679751907262453,5.296168818917213,,9.079999923706055,51356.479568481445,NASDAQ
DHC,-4.2458670307281015,1.6243094652874213,-15.765472035452088,14.256258329727212,,7.539999961853027,6903571.185072899,NASDAQ
CHE,0.874120159052949,-2.5666820849320815,5.6899262149052054,33.878588264768396,,511.29998779296875,67802468.78125,NYSE
CMCO,-0.46240205835824666,-7.789427036218289,16.077763418154944,15.504095655500393,,16.920000076293945,4979962.102455139,NASDAQ
AIZN,-2.862490789005434,-3.7735859653922676,-6.441864952314768,-10.120714680712862,,17.579999923706055,215354.99906539917,NYSE
FDS,-1.3071612240398989,-12.736263657355963,9.201437976290228,22.167019239576224,,276.44000244140625,162890059.9185791,NYSE
ZD,-1.7594589992341314,-0.21131190185125215,5.613889356108137,31.436930157314947,,55.97999954223633,25589689.350746155,NASDAQ
ADIL,-0.859595774156996,-31.43989295919065,47.443181746023555,139.44636731486452,,4.349999904632568,260856.44428110123,NASDAQ
PAM,-1.7713085631191672,-7.399346508702798,-4.99705686702161,-12.079229388526036,,79.98999786376953,16529613.098556519,NYSE
SPRY,0.8087539317231274,-27.307032631577897,-48.35486242051024,-47.86566596834964,,4.289999961853027,6954600.448159218,NASDAQ
VNT,1.3581913402949786,-2.526029533480212,10.051473867963857,-10.34228725755778,,31.889999389648438,48698165.69795227,NYSE
SGRY,-7.454176175462191,-3.085455754759381,-19.622642090839193,13.109853229588907,,13.329999923706055,20885083.970464706,NASDAQ
BCAL,-0.04636427762406692,0.8891789940792982,3.2570165497527226,21.385137209034276,,21.700000762939453,3882629.236507416,NASDAQ
ATHM,-1.8967104969420556,-5.319437165013796,11.623932717706676,20.31321852972021,,20.610000610351562,8657127.706375122,NYSE
CCAQ,-0.41144618249082665,0.9670029595186147,1.8456484207319601,3.0578633907963226,,10.489999771118164,1195.8599739074707,NASDAQ
OMCL,1.991362611852221,-1.3002099456341343,-21.306925370271724,1.256474002155561,,34.63999938964844,13771235.677352905,NASDAQ
PEG,0.8671373129029325,-7.482365506700028,-16.263591957196688,-16.430470920076,,68.68000030517578,374415340.22369385,NYSE
RGC,6.699185255097162,11.979519632622516,2.3712940993104725,-77.23266995560223,,7.239999771118164,2223657.3297023773,NASDAQ
BHFAN,-3.4715003908617814,-3.825958979396793,-6.671253239149588,-9.925776479912162,,11.079899787902832,450963.00126743317,NASDAQ
LNAI,-30.099011457570533,-38.84798704093324,-54.363283525991065,-53.257415178572344,,1.1399999856948853,78582.47901391983,NASDAQ
FIEE,-4.306722293159959,-10.510804776287607,-8.671679169241164,-48.545606916420084,,3.690000057220459,17527.50027179718,NASDAQ
RHI,-1.3667428371652468,-17.373921526946525,10.091411176358744,44.33333381773934,,34.31999969482422,93270159.01063538,NYSE
EVRG,0.7462300399111221,-2.8751609491381114,-9.195190082707938,-4.148023316549132,,79.08999633789062,153242720.5643921,NASDAQ
MCO,-3.99319578412477,-10.47516657328874,-6.8541914458181585,2.4566930914177165,,448.1499938964844,399987762.2024231,NYSE
KKR,-5.243141290013931,-15.717191351121041,-2.838328593405204,-0.11610216863823242,,89.95999908447266,435788185.80496216,NYSE
XRX,-7.765262082084168,-2.322660916563335,6.721536407244311,146.20253711322854,,3.0199999809265137,9110436.962460995,NASDAQ
ETSY,0.5884308538488536,-12.950150916718917,-5.429088313806463,40.94046575724208,,70.88999938964844,208887591.36151123,NYSE
ABXL,0.42643995822961855,-0.15937374190693188,-0.22360821276742326,0.018089862347547836,,25.459999084472656,147260.63470458984,NYSE
TVA,0.13248916383363785,0.29383654311778695,0.27482666255698174,2.0150406540918597,,10.59000015258789,195396.09281539917,NASDAQ
MKL,-0.7599399440171517,-4.79746604649166,-11.782348363459061,-9.117380627720495,,1726.5799560546875,207483113.3190918,NYSE
ENB,-2.276084432115999,-8.283131507800956,-14.32062057116088,-14.292062998436194,,46.040000915527344,218545668.9458847,NYSE
SRV,-1.4298403545377814,-6.811855918056187,-14.275845581403068,-2.9534886141104777,,43.34000015258789,1558289.7054862976,NYSE
WSFS,-0.5060346659811032,-1.6494389616930838,-0.8072054076086577,16.326341600621006,,77.33999633789062,30722385.465270996,NASDAQ
YB,3.758530949700245,-7.629229747739952,-16.98907757378273,-31.746375005634132,,12.699999809265137,566775.5914878845,NASDAQ
KRO,-6.194263983528126,-9.928254159309024,28.70370650697922,21.35952711195406,,7.940000057220459,2380507.2971553802,NYSE
SPHR,-8.583660015885942,-8.428428394579369,-21.81882603512092,6.52894622331881,,110.80000305175781,332753350.3650055,NYSE
STRR,-2.955176058832887,-5.777009206528838,-10.630134872195008,-1.0915686591346674,,9.800000190734863,37445.80072879791,NASDAQ
AIFF,0.41436259180946955,33.3944909779897,14.849922093997648,-32.74745587966024,,1.2999999523162842,375341.18623256683,NASDAQ
CNI,-0.8818615408068942,-3.2640453059666674,-1.54695286727341,15.309421783133082,,119.31999969482422,122579941.40648651,NYSE
LYB,-1.5449626936023253,-10.459645393717576,9.419146133861123,-26.802722765973964,,59.220001220703125,169004230.62368774,NYSE
NEE,-0.6206495619569319,-8.0092677615337,-13.07055433096881,-17.808309250756814,,76.27999877929688,941636919.3310547,NYSE
CIEN,4.647423440565435,4.111112788388427,-16.214430952280612,-8.959642206316797,,389.69000244140625,963821062.418335,NYSE
RARE,0.8695645465868429,-36.598593721116934,-55.677981703599364,-30.068232058096356,,14.5,67475532.5,NASDAQ
DEI,-2.165114717062655,-15.678409046380903,-21.022540144127888,3.48887008802361,,9.640000343322754,23972405.813762665,NYSE
ZURA,-3.784294973362634,-28.53127235802474,-23.288705823865786,-31.630252389346847,,3.930000066757202,10411006.406847239,NASDAQ
MCBS,-0.3157104873147021,-1.008949697705408,-4.316922852190064,19.239218827851513,,35.06999969482422,3676037.3680114746,NASDAQ
ITRI,-4.432120676367878,-9.773328631834522,1.6287938789726786,-2.1341328855395303,,87.79000091552734,82547796.59085846,NASDAQ
OM,14.948453196481882,-4.266167453437308,-25.69762557931694,-7.9463362833060325,,4.099999904632568,717057.1833209991,NASDAQ
CYRX,0.4584544809435265,10.557517550139629,13.330748030007111,105.41363600263315,,18.139999389648438,13669323.980072021,NASDAQ
MTSI,8.260002029725278,16.200272102751654,-9.794036584523823,34.299540918340114,,328.29998779296875,389692413.8102417,NASDAQ
GNLN,5.6623937211821795,5.21276693961481,26.47058835485612,9.888891112166709,,3.5,524016.5,NASDAQ
SEPN,-1.3266856476309985,1.5076166209894382,11.954488570964816,57.72644798777466,,37.869998931884766,10098603.265171051,NASDAQ
AEBI,-4.257199744042639,-13.1688565475517,-9.981730983348447,14.249576726615887,,11.140000343322754,3990971.9629974365,NASDAQ
SMBC,-0.2926837774934632,-2.433038495312434,-6.478769884987379,11.30126198251804,,71.9000015258789,5422913.815086365,NASDAQ
IMNN,-9.129213142174542,-18.616351109177963,-31.894736540944947,-57.35003365599576,,1.2400000095367432,102430.20078778267,NASDAQ
AZTA,8.364549922773822,15.648422748520785,43.96920000602211,71.76656091128015,,42.72999954223633,95958802.70199966,NASDAQ
ACFN,-6.621111913972355,0.7266695354446906,14.03220180120599,14.381705497950993,,18.719999313354492,302365.42890930176,NASDAQ
PRLD,-8.765224765913048,-29.88252335578745,-23.93468432135255,11.826697668340302,,3.7699999809265137,1222471.503815174,NASDAQ
CASS,-1.0345707272483518,-4.085636734430754,2.964837801864628,21.35988126541717,,54.150001525878906,2624000.77394104,NASDAQ
OSG,3.625953008881133,-4.485488087919887,-31.56899827719666,-5.810930637647072,,4.579999923706055,2258823.90237236,NYSE
MRVL,3.3216301993319153,27.05174491111535,3.389436283286962,162.4708381540128,,271.25,3392393550.0,NASDAQ
PERI,-0.04642410428221666,-9.347365717584033,-8.693807126931963,-12.657198608540787,,8.510000228881836,2119568.737007141,NASDAQ
SVIA,-0.6839293673496116,78.3333311722293,155.56254077542175,103.70741610911934,,4.46999979019165,11726092.339612484,NASDAQ
PGEN,6.504277602511199,17.798797760814256,48.37545366235902,114.2857155287726,,7.739999771118164,79032882.24289513,NASDAQ
NPCE,-6.090015266032078,-9.452128322662345,-19.486313726975236,-3.66469482242765,,13.220000267028809,1972119.9798345566,NASDAQ
VTEX,1.941211240451013,1.9977836862307807,-10.646570796665312,-8.191809719398735,,3.7899999618530273,5636662.2832660675,NYSE
ZSQR,13.779527849415473,27.956989831063026,-61.880534887121044,-64.44014723833081,,4.0,1442528.0,NASDAQ
CRMD,-3.7968189285513154,-10.756783456742092,-12.239644317198595,8.664154596602414,,7.260000228881836,9118487.687473297,NASDAQ
GECCG,0.09731639089229915,-0.9032169761087339,-1.0819059796357555,1.0768526627962904,,24.799999237060547,15227.199531555176,NASDAQ
RGR,3.1150546656125266,15.260082777310169,14.742405330651032,7.155193764505019,,44.40999984741211,12737010.00623703,NYSE
VGASW,,,,,,0.01600000075995922,58.89600279740989,NASDAQ
ABNB,3.6389164315908884,-12.896431920679174,9.349136190028462,28.459439796843444,,164.07000732421875,682642962.1437378,NASDAQ
NUV,0.2190850846033099,-7.958863184384457,-10.713510338679722,-8.511110941569001,,8.140000343322754,12708982.536029816,NYSE
DDI,1.3345603289335095,3.2752305900735523,15.38864894331633,51.98435899492182,,13.239999771118164,1904150.2870826721,NASDAQ
AIRJ,-5.657640517544483,-12.628749236270442,-22.053534011101263,44.41154879832712,,3.7799999713897705,3182347.9559133053,NASDAQ
WTS,0.8643021655699856,0.11029473075556684,-3.7937970043682157,24.461891419806836,,362.75,78025348.5,NYSE
HLP,15.64374389994474,84.12931767772875,270.4908395880981,186.39999934605194,,2.4700000286102295,62285.99072146416,NASDAQ
VSNT,-5.226542622890906,-23.556965360780737,-15.281457947464737,-15.336396923768802,,31.020000457763672,67645470.09824753,NASDAQ
KUST,-28.317757148175136,-48.980043191085656,-58.087431713923145,-84.81188103704169,,4.510000228881836,114932.8458328247,NASDAQ
SATL,-6.154368999741733,16.55405650991564,3.409519727963062,-7.815630164591159,,5.320000171661377,41283658.85210705,NASDAQ
EMN,-2.7136440314012633,-9.508003639996176,-4.978766956242541,-13.025411810701126,,64.94000244140625,88084489.43151855,NYSE
AUR,-7.623467633140935,-4.1938819547248425,-17.1029161655468,35.75255844158558,,5.75,178696861.25,NASDAQ
SUMAU,-0.2929126578653629,-0.37073274938072,0.8891481683659386,1.9161638826642458,,10.25,0.0,NASDAQ
SITC,9.762533205606406,13.661200459359634,-22.676579620877003,-38.07220081108456,,3.240000009536743,4831695.374221802,NYSE
PCOR,3.315050878335679,-15.911757382075542,19.750336925977162,-9.570366379373729,,54.18000030517578,278963285.8912964,NYSE
GATX,-6.435640796772768,-2.400015453871851,-1.8877824985803815,0.14706174630787494,,172.27000427246094,49266809.44186401,NYSE
NUTX,2.619464628133672,12.621595749210579,14.474708260937973,121.33346994389886,,225.0,35076825.0,NASDAQ
SPE,-2.730218161050857,-6.895024423594842,-6.494662039969867,-7.8070164162207245,,12.600000381469727,499955.4151363373,NYSE
INCY,-5.378410493959085,-6.086461136972865,2.3230033638933945,25.89342427901622,,114.12999725341797,222400446.3178482,NASDAQ
YICC,0.060460874925638564,-0.10060016816521022,,,,9.930000305175781,5709.750175476074,NASDAQ
PRS,-1.8294927294005947,-2.8004293588996254,-10.179891405222163,-12.414895529200454,,19.67020034790039,1235859.0176582336,NYSE
PMVP,21.940618789258657,35.36977169044635,34.82785701711677,30.948674190632897,,1.7799999713897705,2110108.086083889,NASDAQ
OFG,-1.7974739800306616,-3.2922570972972354,2.11069263215633,23.966945309265462,,50.970001220703125,13404141.891021729,NYSE
MRNOW,,,,,,0.005499999970197678,62.30949966236949,NASDAQ
CQP,-4.028353911133253,-11.97766181515998,-0.40185302038303616,-5.833867564723971,,63.2599983215332,5120327.524143219,NYSE
SRPT,-6.484000033670823,-18.278195844821298,-5.29549217290154,-19.003623167748863,,17.489999771118164,38436408.27700424,NASDAQ
RKTO,-6.685970266742791,2.4566467939152403,-23.10195344719518,7.489388863874891,,0.7099999785423279,202785.93387138844,NASDAQ
NICE,-1.280592039207673,4.540740703154067,17.997994328479507,1.5439711081661756,,115.83000183105469,38928957.82539368,NASDAQ
CROX,-4.13433610357955,0.9784783513003825,-4.023082232605657,42.02981310794949,,118.19000244140625,139722684.41619873,NASDAQ
RENT,-6.58959737840995,-56.4655181605205,-51.383876388546135,-66.9934648766288,,1.5499999523162842,195163.59399604797,NASDAQ
SLM,-3.277432879862141,-13.366374942915883,-11.109374505004455,5.60461082349013,,22.739999771118164,60406444.43199921,NASDAQ
IDT,15.526733696357663,14.957900960043812,33.17020692733779,60.84546293071724,,80.08000183105469,37090734.52809143,NYSE
BZH,0.041966244091362626,0.5240934320451363,20.206021681835786,70.17132351692608,,33.369998931884766,38405798.73069763,NYSE
EBS,-1.1521442120083547,8.214747719135307,-19.198262051186955,-18.509500196390473,,7.239999771118164,16874433.98653984,NYSE
GRND,-7.577874328932788,-6.723980376458938,-6.363516329304941,20.16862582703931,,13.539999961853027,21136264.90045166,NYSE
MAA,-1.115286352206435,-9.411000432575634,-16.95117929366221,-5.1615852353353535,,116.47000122070312,161825632.62606812,NYSE
VKTX,-17.940801073021706,-7.194892655624663,-20.86050108008991,-6.098081177060111,,29.280000686645508,182804179.64694214,NASDAQ
HOUR,6.188092516438837,2.3163547346286117,2.2615228714520264,5.250965996329526,,1.8200000524520874,34154.12098431587,NASDAQ
LWACW,,,,,,0.12269999831914902,0.12269999831914902,NASDAQ
ACDC,-3.065881561194972,-11.722770761221158,-13.77175998419078,-26.70174260540187,,4.75,5509140.25,NASDAQ
GBCI,-1.5850088616562785,-5.771977098226532,-16.376334767125922,-3.27963407211852,,43.75,52705056.25,NYSE
DSL,-0.32032191920432496,-6.021141004526498,-9.456266038190842,-7.453530357013827,,9.819999694824219,6858454.726860046,NYSE
REZI,-1.0828349855702246,-5.970148491852656,-16.601046228418113,-22.91388228916611,,18.559999465942383,33191626.564922333,NYSE
CNSY,-12.068966080060651,-40.20689684769203,-57.666015873974175,-56.95134054339217,,1.559999942779541,347669.3872475624,NASDAQ
CV,0.420691023361619,9.08937353846544,-6.62126871126405,-8.555616938793097,,6.585000038146973,594487.2184438705,NASDAQ
RIBBU,18.607486069631673,5.008475929371725,23.935976640564416,15.687607698208206,,15.75,269671.5,NASDAQ
ADVB,1.276462773307152,-33.28547847959356,30.616344342869372,44.64206247737064,,6.340000152587891,93610.1022529602,NASDAQ
SIGI,-1.626527846077197,-7.91068568965938,-13.729041578415302,11.234422243347474,,85.25,37310429.75,NASDAQ
CPF,-1.3433075527590876,-3.544929173633271,-5.930440030669337,12.559966485040142,,36.34000015258789,5963866.4450416565,NYSE
UHS,-1.9216779209787704,3.2244753673150495,12.86120627845615,-2.25296603511026,,176.0500030517578,102134529.02046204,NYSE
PTA,-0.6642191063957803,-6.0848820955574645,-10.207037954519837,-7.368641594781411,,17.040000915527344,5357529.647850037,NYSE
WDC,-3.0979183778791497,-1.0431327965378157,-22.81011032311122,56.97070717021147,,441.6400146484375,4975922713.842773,NASDAQ
LONA,-5.162688048389896,-43.68882010085044,-50.15959802866428,-57.884597159559036,,5.579999923706055,1649124.3374519348,NASDAQ
MAIR,-0.8012178545621085,-4.636833136641217,-33.670845619226064,,,24.969999313354492,64422972.77844429,NYSE
ICCM,-10.157126404846672,-29.28445086882826,-67.04405117387236,-82.03142518480678,,1.5399999618530273,245030.93393039703,NASDAQ
PIII,-9.943900410186956,-29.763729331754096,-40.61228202693652,131.4708023357664,,6.170000076293945,14197.170175552368,NASDAQ
ICL,-2.995392515172801,-12.16968021618695,0.8785914916142001,-3.2554573566039524,,5.059999942779541,4443863.989747047,NYSE
VRTS,2.5267623140822204,-17.842222259694264,-11.395509556332383,2.048209502490983,,134.47000122070312,17488092.598754883,NYSE
LEO,-2.191590065815152,-10.045512836670534,-14.254726942016116,-11.143225054292284,,5.46999979019165,1674175.4857850075,NYSE
AP,6.723657226363455,7.293845293775569,16.553114930605204,33.227574600569085,,9.649999618530273,869069.3156452179,NYSE
LIMN,-7.061943248954805,0.02594216807578764,-39.84399346312052,-56.281179986169775,,3.990000009536743,71556.66017103195,NASDAQ
NWPX,1.6581234186971328,-5.353288443474646,-26.489610393184215,33.19887523596683,,105.5999984741211,8077238.283287048,NASDAQ
RAIL,-7.230894022398859,-1.7406437481420012,-24.66636936463803,-16.576352611452762,,6.760000228881836,722650.7844676971,NASDAQ
VSTS,-0.8665516803193385,11.01406998923733,-3.5684193658856334,75.41527818159047,,14.010000228881836,17349381.853437424,NYSE
PRH,-2.1386617956166254,-3.1357578425758925,-7.244053250562709,-11.629880258335968,,20.639999389648438,1761231.7879180908,NYSE
RDZN,0.07911762188328453,-8.598262917364519,-7.529237777374876,10.5769254415506,,1.190000057220459,281329.1035275459,NASDAQ
XPEV,-7.809745312207205,-16.31129956477849,-29.33233311762026,-45.51133723916142,,9.399999618530273,41421201.719049454,NYSE
SWKS,-4.601586130907764,23.950143958216373,33.85960702451851,57.386388305909605,,83.91000366210938,2451512065.782074,NASDAQ
HNNA,-0.3121911083722173,0.2354342527069342,0.7294988129274094,5.145093529169653,,10.260000228881836,59107.86131858826,NASDAQ
MPLX,-2.38972571366437,-4.181315150149345,-0.14794532549422534,0.4429168774322312,,57.369998931884766,47858741.548965454,NYSE
PACHU,0.0,-0.03851984603229219,0.5813994320832405,0.7766982740254447,,10.380000114440918,0.0,NASDAQ
CAQUU,0.11930505530637348,0.1591366931150917,0.09939636968623322,1.0638254089194499,,10.069999694824219,0.0,NASDAQ
STOK,-1.581361022187322,-16.45265934741218,-21.24342922017962,-20.40160853653097,,25.31999969482422,17316094.591293335,NASDAQ
SLDPW,,,,,,0.019099999219179153,467.68258088082075,NASDAQ
LMRI,1.5816864705313627,-11.57858640870737,-14.247800969229852,16.809762884264522,,10.770000457763672,6635537.292034149,NASDAQ
GEHC,-1.8997399895804734,-7.8650093234133305,0.5167119313713275,-7.610298324079368,,65.73999786376953,281691617.7463913,NASDAQ
PVL,-0.21929803349377552,-1.3015171929144698,9.638554995560744,-1.9396545882608085,,1.7899999618530273,141547.82698345184,NYSE
SRI,-3.6726430992727543,-6.353669434846898,-6.8772703254540986,37.98674451951829,,6.53000020980835,963279.5109500885,NYSE
TNK,5.772150417923427,11.606783228389105,49.708854391838585,34.229337997481935,,103.37999725341797,35305923.14199829,NYSE
CELU,15.241059817683178,-17.66666680353659,121.26008171015532,11.764707257315909,,1.7100000381469727,478192.96066761017,NASDAQ
VLYPN,-1.9410857534532422,-3.2937283200304868,-2.222747056988883,-1.5368873375412595,,25.0,339250.0,NASDAQ
HOFT,-0.8947530426788308,0.9890270271536883,-22.626095031761007,-1.7293241687287186,,13.010000228881836,443732.0778064728,NASDAQ
UZF,-2.003072338487466,-5.217996139053039,-5.324900795223419,-10.182358687764747,,15.870100021362305,44499.7604598999,NYSE
CPRT,-2.803871705965355,-16.815887252803552,-6.130585475402706,-17.259346325858694,,27.649999618530273,313191075.6290989,NASDAQ
GIX,0.0,0.20020478700604194,0.7244950031515041,1.8311323150846937,,10.010000228881836,500500.0114440918,NASDAQ
BENFW,,,,,,0.010300000198185444,405.28440779820085,NASDAQ
AIAI,-4.919907861312522,-13.302033048844953,-75.76552876409299,,,3.4600000381469727,867972.1495695114,NASDAQ
PCAP,0.24091557439389621,0.36665484112938795,1.1179154568590643,2.120557505316789,,10.399999618530273,523993.5807800293,NASDAQ
ORIC,-3.5897053126290546,-1.4386820576015924,16.146871515100724,27.76503564770316,,12.489999771118164,17422500.520729065,NASDAQ
ITHA,0.13910908967029734,0.27860764840348384,0.8001631033032419,1.7979824528161048,,10.100000381469727,30.30000114440918,NASDAQ
TBI,-4.6949337841330046,-10.297841010925236,24.171380750041326,135.58281463783283,,8.899999618530273,1494950.735923767,NYSE
STIM,-18.878102832152045,-20.056696986154265,57.322178890485056,50.600800494357266,,2.200000047683716,1782499.438634634,NASDAQ
NEPH,-11.361456713278518,-13.314578930656118,6.8786144446185915,27.51724518606984,,3.549999952316284,62249.24916386604,NASDAQ
SATA,0.0,0.06804178369506086,4.207479274188386,1.6093320301056924,,100.01000213623047,65537254.46988678,NASDAQ
LPAA,0.46468400498533846,0.5581416640170866,-0.2951482097117819,0.9337085936384826,,10.850000381469727,0.0,NASDAQ
CHTR,-4.469110606592852,-27.87831161840527,-20.601695562457113,-49.67333421546854,,107.7699966430664,334739860.23316956,NASDAQ
HHH,7.8562966370248954,13.97107352867588,-0.9839978818120376,15.108690164007687,,71.66000366210938,59534701.082458496,NYSE
CAH,2.845162082987196,-5.379921475512783,-4.492845985114169,7.725951737555592,,233.1199951171875,401363861.1932373,NYSE
XOM,1.3338473479054036,0.9102490252770767,18.556567156918824,-1.2155397013565383,,164.0,2043447872.0,NYSE
INMB,-4.71050065140447,-15.49172992540424,15.389186953825963,63.468012535518945,,1.940000057220459,517512.4752640724,NASDAQ
HVMC,0.1364535028010705,0.1950484381727735,1.141962583294398,2.228857349208657,,10.289999961853027,514561.7380924225,NASDAQ
TITN,1.5652618374154326,14.735239104436438,26.54922676383098,41.85472347782739,,25.329999923706055,4445009.706611633,NASDAQ
FCCO,-0.8255379853262079,-3.2165658527568253,-1.4163283695815654,10.469314689153041,,32.58000183105469,1272346.8115081787,NASDAQ
LPG,4.539360462184372,9.497620084513446,53.55541290259511,65.00911307491153,,57.63999938964844,37432741.32362366,NYSE
UFG,-11.539377575525556,-22.72758846733387,-39.60075960470497,-46.243653877424094,,0.4049000144004822,36809.865209162235,NASDAQ
CF,-2.266678440479586,-13.765147472200168,3.851556366230069,-12.171489660518164,,116.0199966430664,241479496.23300934,NYSE
CACC,-4.7517670906145,-11.982684936932554,-18.88693611341189,24.329211699232587,,531.3499755859375,69337983.71411133,NASDAQ
CDRE,-4.9984852559236685,-14.73462675579571,-14.052131515894695,-20.138577955719928,,25.0,11098675.0,NYSE
CMRC,-1.3283914129185614,30.261011753938718,2.6349604282622785,19.268109809507127,,3.2100000381469727,1660866.8597373962,NASDAQ
EPR,-1.5873567742455963,-5.6632282582052,-4.440284288531238,11.616725014312701,,55.59000015258789,41258953.703250885,NYSE
CSL,0.8664095282131523,-5.308619897355582,-9.82637202277975,-1.4355941245811188,,330.9800109863281,182276980.67037964,NYSE
CSTM,-1.0527127015275028,-7.698649610032282,-18.785040187046732,-5.582393058672586,,25.290000915527344,46647280.23868561,NYSE
MYSZ,-6.444186738376601,-33.086416710321146,-56.82880147074081,-67.39653450141356,,1.5800000429153442,12409.320337057114,NASDAQ
STE,0.20430173831502696,-8.986777771379796,-1.8817675358716035,-4.50538461170038,,211.07000732421875,155949497.05151367,NYSE
TJGC,32.94494826038146,228.12625623658093,600.920375319015,1370.7176737508298,,32.880001068115234,3774065.162601471,NASDAQ
AEG,-3.0543016105012977,-6.766755021258164,-0.8101860717940612,18.076603672741953,,8.489999771118164,48791451.36463165,NYSE
DLXY,138.6389280246973,422.26620280823994,362.7356362867639,301.7891149983031,,1.965000033378601,88387.66650140285,NASDAQ
GIW,0.18701215709495678,0.22647230190167011,1.0442969597463048,2.106530574822707,,10.180000305175781,11829.160354614258,NASDAQ
GMHS,-9.669259987791145,-19.051057828797703,-32.19069501738626,-32.84917202004234,,0.6000999808311462,2045.1407346725464,NASDAQ
IFBD,-19.772726733348968,-0.5307990205725144,-20.805215230303542,-4.213293603590362,,0.84170001745224,15261.704716444016,NASDAQ
TDC,1.3258241683441696,2.808948731447658,-16.463725290291386,16.114304823593596,,29.90999984741211,56246173.453056335,NYSE
SDHY,0.013094446800709925,-4.1656230494249264,-6.362633999601364,-3.8882610996343603,,15.229999542236328,1942038.1616287231,NYSE
VMRK,-1.7589491562501558,-7.264526183998521,-12.788987511724736,1.5288436342911549,,60.09000015258789,394856618.8326683,NYSE
EQIX,-1.2132035093706528,-1.7465448799138028,0.16811642082867895,2.655386161217277,,1023.4400024414062,377318789.78009033,NASDAQ
GTERW,,,,,,0.024000000208616257,48.21600041911006,NASDAQ
WSBCO,-0.9424238713826694,-2.9928875048628845,-1.2084328944171663,-0.9408542317096202,,24.8700008392334,1047972.095363617,NASDAQ
UNB,-1.8012623476156286,-2.993760406132384,-7.9686367731109815,-5.480688768830577,,22.93000030517578,103070.35137176514,NASDAQ
AMRX,2.1788572512368987,14.037461643987715,18.33723908017193,63.21059325165146,,20.350000381469727,64087218.351343155,NASDAQ
ALT,-10.632185128645766,-11.536029358219357,-9.417476748440324,-11.142856524374467,,2.6700000762939453,10153948.88014412,NASDAQ
IREN,-9.861815758009062,7.6140263996618,-3.0459112734883664,20.75460589775455,,40.47999954223633,1325996301.485115,NASDAQ
JMSB,-0.5816510780369377,-0.14387314495856174,3.647387806720137,12.324063200540913,,23.0,1589047.0,NASDAQ
FHN,-0.2065580256605637,-5.370111876202188,-10.102340537712596,1.4879656568397737,,23.360000610351562,139519051.96536255,NYSE
ACI,-1.3552418104005315,-6.697643585517166,-16.563978031192082,-32.968804036649644,,11.510000228881836,81932762.609272,NYSE
RDDT,-2.347036710079531,-3.1505921564834893,-23.874325788940553,9.907369253256437,,150.4199981689453,781812753.9230347,NYSE
CSTE,-0.6237000363129686,-5.221415692638265,27.353462933522966,166.0482365904975,,2.9100000858306885,206138.5860800743,NASDAQ
PLNT,0.862651043627638,-19.06179927546422,-20.431127657628924,-42.97586004054459,,42.06999969482422,92978780.11553192,NYSE
FLDDW,,,,,,0.10989999771118164,96.82189798355103,NASDAQ
FINV,-5.3934004133687985,-12.959719870280251,-38.20969740937713,-38.99345314679844,,2.9200000762939453,988224.3858203888,NYSE
XLO,-0.11537618399924954,0.7339429650269791,-3.601713419886532,6.943818466261509,,9.109999656677246,65200.26754283905,NASDAQ
ETSS,0.22155208700245232,0.28214306183111937,0.4440880603707731,,,9.960000038146973,0.0,NYSE
WTG,0.5442590233925237,0.6317393383513226,1.9722113100310246,3.6508836452719517,,10.640000343322754,800128.0258178711,NASDAQ
QLYS,5.276882122516935,5.503806568358383,26.823831005725786,114.37389300325509,,198.67999267578125,153787850.97070312,NASDAQ
INSP,1.2497505560859157,13.780691955631475,49.66814472543564,33.721105174095925,,70.75,44721358.0,NYSE
BRO,-0.46476678937797944,-16.021869793477528,-10.347571878439886,-7.096595584842714,,60.93000030517578,137887271.61062622,NYSE
IHS,-0.5464492636655605,-0.49916814754057404,1.9235450881987415,1.3313972351616687,,8.449999809265137,12249415.473504066,NYSE
GNLX,1.2395020516009048,-2.2016229223671746,-14.976495915252496,0.6359294450813069,,2.5999999046325684,823669.5697879791,NASDAQ
MEDS,-3.2118747356883914,265.5453609267799,17.496723970921103,-29.409448821114935,,3.3499999046325684,2053878.2415304184,NASDAQ
XXI,-1.869991431792517,9.980039939157104,22.580645902721418,5.656759293973779,,6.679999828338623,7885946.877348423,NYSE
FET,0.2759706187875022,1.2985418867504483,72.48085034965888,41.81588159484622,,87.37000274658203,22597028.03036499,NYSE
SPWH,-5.587988746165628,-6.907895942917741,-12.923075839612597,-14.372162534817324,,1.159999966621399,305332.8712141514,NASDAQ
BA,-2.5201922678326993,-8.665503544502961,-15.559161707756386,-6.278051209629332,,192.72000122070312,1230193630.91214,NYSE
LUV,0.1192577392196581,8.639164842925151,-16.839686116226627,11.715549188995599,,41.849998474121094,241753086.63552094,NYSE
MPT,-5.474860485504673,-16.196138731458966,-26.338704217768893,-26.626193062184754,,3.309999942779541,41504158.79251146,NYSE
LECO,1.2290028670330244,-1.963467018576004,4.1110507212541725,10.554932792897054,,274.94000244140625,100303886.63067627,NASDAQ
DAIC,-17.731774190751683,-24.065356244370818,43.7106902992628,-38.17362037517955,,2.5899999141693115,498528.3634791374,NASDAQ
FSS,-0.2607274942975413,-1.8983866867893662,-11.985609035287858,5.368333686913007,,116.43000030517578,64400693.20880127,NYSE
REVB,-11.963218612201821,-21.277985721528236,-23.001937358890913,-34.111111991946274,,0.7771000266075134,70425.46701133251,NASDAQ
PWP,14.938978537467552,-3.930154553152365,-2.4789828889399512,-10.07076880613752,,15.800000190734863,43979490.13091278,NASDAQ
MFC,-1.9165686862489206,-0.353177257809667,4.513327687921076,23.983807773667042,,42.939998626708984,44023374.79206085,NYSE
GEV,2.4050583032325434,6.699657295659578,-13.665719613597505,11.371251515914093,,990.0,1640616120.0,NYSE
TV,-4.579518660879267,-14.922052171152467,-14.985166314377295,-21.182946066848597,,2.2899999618530273,1282228.2286405563,NYSE
ORKA,-4.755826936556328,-8.885497381278974,-5.334240008998292,64.03329433259228,,84.37999725341797,53124633.71078491,NASDAQ
XLAB,-36.652460515767835,-62.99230388269142,-84.37201321594601,-83.85344670385538,,1.3849999904632568,158989.6889052391,NASDAQ
XIII,0.01945569799708391,,,,,10.3100004196167,3185.79012966156,NASDAQ
SPGI,-2.940225216300252,-11.310038621429474,-8.380176817767126,-3.272783399082202,,390.9200134277344,659206854.9631348,NYSE
WAVE,-3.6413805695988066,-4.550421046903585,-35.15756828350257,-3.036351190406772,,5.821199893951416,27557.560297966003,NASDAQ
AMC,-3.871830182818037,10.854502281577695,56.862744436020016,168.1564216789974,,2.7899999618530273,55096104.56668472,NYSE
TACO,0.07652748403834675,-0.23838675731462367,-0.4567074600324794,2.3078433454618796,,10.460000038146973,365712.9813337326,NASDAQ
FLWS,-7.469182107741967,-29.22906487209459,-31.175837226003168,-18.57051889011543,,2.5399999618530273,883714.2467279434,NASDAQ
VII,0.0,-0.1218796902788144,,,,9.829999923706055,1965.999984741211,NYSE
PDYN,-3.7711573902803774,-6.6892632704224635,-9.965579743865716,-14.804563477563725,,5.119999885559082,6367871.857666969,NASDAQ
KIDZW,,,,,,0.006500000134110451,140.41950289718807,NASDAQ
RNST,-1.331864551352202,-3.29767639113695,-8.194737406123176,7.73015500283829,,39.63999938964844,35099990.61955261,NYSE
SPCX,4.422620590880766,8.40681533303056,-2.7577474405268254,,,171.08999633789062,22998075223.805878,NASDAQ
GECCH,0.15335944227083953,-1.4731420902431958,-0.4675980395558832,-1.1921744677637625,,25.0,7500.0,NASDAQ
OCSAW,,,,,,2.9000000953674316,3047.9001002311707,NASDAQ
AIP,-0.524259769546831,12.61422462342714,-38.25413347369423,39.92742430194791,,23.969999313354492,18807268.95124626,NASDAQ
FLD,-1.3956023562392672,10.323772304641054,12.67894835051695,-57.54100851246455,,0.5619000196456909,60276.138907432556,NASDAQ
PAII,0.2522785931192262,0.4081633409630303,0.9970697866441336,1.7931069733232219,,10.34000015258789,2181.740032196045,NYSE
LNZA,-3.16350255648552,-7.828843905218608,-7.68254132221553,-65.23818060303613,,5.909999847412109,497385.5871582031,NASDAQ
AYTU,-6.4773737383225,-7.2183093381611325,-3.3913872722244776,-21.048691680316946,,2.0399999618530273,130394.75756168365,NASDAQ
ETV,-1.9569224280753583,-2.6473665933928525,-0.3071613247575322,9.66651828930749,,14.859999656677246,2720895.657136917,NYSE
NXPI,1.8045623048894344,6.646147323064677,-13.581740287999466,23.403948596858505,,241.97000122070312,458009045.2905884,NASDAQ
TWIN,4.934388948566415,19.800245421991526,21.083858415786928,78.32551230425813,,28.719999313354492,2561737.7787532806,NASDAQ
IMUX,-11.377493207398782,-41.08271465819312,-42.97872310744631,-23.70106844781803,,8.069999694824219,3953977.050476074,NASDAQ
ARKO,-2.950820155430589,-9.91304044957867,-48.23881925540191,-26.039620325623524,,4.210000038146973,2045015.9385299683,NASDAQ
BCG,-7.336170264227249,-20.409358772711794,-29.142262224631278,-50.55404276813542,,1.0499999523162842,18294.14916920662,NASDAQ
SUPX,-5.737474783548214,-23.558782940129895,-15.736802589117216,-14.669370153328455,,6.449999809265137,5101472.5491428375,NASDAQ
KRT,0.7977704161199473,12.244381997551223,57.17638403816257,91.76689304870287,,54.68000030517578,9421582.772583008,NASDAQ
FBDT,-2.7504932020844586,31.29973559094441,,,,1.0,252970.0,NASDAQ
XWEL,-6.519014802140443,-13.126821209984186,-19.796545664851774,-30.472546417935398,,0.8185999989509583,29547.366962134838,NASDAQ
SPT,2.6253466581064533,-12.638036834429144,24.382332248995866,76.23762596602943,,10.1899995803833,6700658.404071808,NASDAQ
CGTL,-0.30959845255764673,-11.619395911891395,-24.32432427384452,-77.0409981695913,,3.75,6663.75,NASDAQ
MFAO,-0.23681614133067574,-0.4134963729869878,-0.5157462352148867,0.350540650975395,,25.170000076293945,371257.5011253357,NYSE
TSN,-0.23810477131090968,-6.439215082020045,-12.514548315764273,-20.44449998391643,,51.709999084472656,202730499.2906494,NYSE
MKDW,-4.643766086618928,-86.2648445140231,-87.27720267361649,-77.51275156701023,,1.3799999952316284,132313.0195428133,NASDAQ
HUBS,-2.4777055350278965,-17.15680757058673,9.761908034475763,-13.113931132129897,,220.61000061035156,236628933.9746704,NYSE
IRMD,-0.14634762323573192,-0.6333902023855753,-13.530203460854572,-10.380702232278672,,86.47000122070312,6654644.823944092,NASDAQ
FA,-8.347721253988249,-12.650020711863775,-7.611198757834425,58.89084720464959,,18.3700008392334,35574792.52523422,NASDAQ
J,-1.1546571915539539,-7.2387405352084215,7.914831604788186,8.123349197782147,,138.6699981689453,83709253.75466919,NYSE
COAG,-12.522402747385286,-30.161853276332216,-3.395386120197097,,,30.59000015258789,9010070.414943695,NASDAQ
WSBK,1.236887370077544,-0.415833137986521,-1.2492757650673592,1.2448134019307888,,12.920000076293945,162921.20096206665,NASDAQ
NXST,-3.026231075604524,-11.62500724798845,-12.12399458599741,-12.940375945419158,,156.66000366210938,60720164.1394043,NASDAQ
GBX,-5.1595679136323565,-7.386051325204923,-15.158883084022968,-21.55206006585062,,40.529998779296875,13107280.015228271,NYSE
IRS,-7.928389213012776,-8.800000508626304,-12.576687348381444,-16.238060560444712,,13.949999809265137,2199384.86992836,NYSE
COSO,0.1205635208468836,-3.007520765093663,-1.1457487666658883,7.831518921913694,,26.950000762939453,4383255.924087524,NYSE
XHR,0.6428016476211607,-2.449243401985457,-10.106910458875006,23.299387318964882,,18.149999618530273,14617791.89276886,NYSE
CIGL,-7.352940145248343,-9.569378829625164,,,,0.3700000047683716,4692.710060477257,NASDAQ
SNDX,0.9237103421450898,-9.667300954905444,-17.47656750420834,-23.89644210971198,,17.829999923706055,26028073.418626785,NASDAQ
NRDY,-8.627087840681192,-20.194449116982938,-44.806331836422466,-35.43100733700937,,6.889999866485596,115076.77777004242,NYSE
MBWM,-0.6841232037301803,-2.365490213880872,1.8067501019729981,15.763839231748689,,59.09000015258789,5380144.513893127,NASDAQ
ORI,-1.0695152086505733,-10.21980954246391,-8.941751451013447,-5.730128037338556,,37.790000915527344,84278579.8217926,NYSE
CNVS,-4.305280906315345,-16.624040283918507,-32.73727567910761,-18.227425882572835,,1.940000057220459,163994.02483701706,NASDAQ
RDWR,1.1216347575313979,6.2226623510762025,-1.0255058225979385,12.627168522881082,,30.68000030517578,9070480.73022461,NASDAQ
GRABW,8.173915471607017,10.088496578823602,-43.19634766422431,-67.17678079049246,,0.02539999969303608,947.0135885551572,NASDAQ
INVH,-1.7423179584224235,-9.254143431722229,-13.158417536221911,4.709538495650167,,26.059999465942383,127621133.6246109,NYSE
FER,-4.117606612167457,-8.19125600888253,-20.89972355589884,-18.313609130913,,51.84000015258789,156335391.82016373,NASDAQ
GMAB,2.020169983150377,6.369387354248568,27.134892914187915,32.48353350331363,,38.47999954223633,477089579.76447296,NASDAQ
TPR,3.7187816138249286,-5.3975604096617165,-19.67317198822789,-17.50508960698436,,116.94999694824219,277233593.2157135,NYSE
SLGB,-5.5849335059569905,-38.106587179689114,-56.248086581360525,-62.78978974139315,,0.30149999260902405,1885300.2572837174,NASDAQ
GSBC,-0.14024965489130015,-0.7300558363998233,-0.6922987538785064,23.186534769261023,,79.47000122070312,6971505.857086182,NASDAQ
CUB,0.1102103447455427,0.22066739910302502,1.0269509252307962,1.3011131098682904,,10.890000343322754,578923.3082513809,NASDAQ
OYSER,10.978042321141658,-11.323767548641905,-0.71428583782851,-17.62963193205319,,0.12999999523162842,168.99999380111694,NASDAQ
SNDA,-0.7310836252339858,-0.4462843122106097,-9.412614810216901,16.929800238884575,,36.720001220703125,18688424.30126953,NYSE
MTCH,-0.9800493864752902,-3.8036442595988484,5.239469244125483,29.232554153168966,,40.33000183105469,144806646.09448242,NASDAQ
SOJF,-2.326373734754128,-8.179124407643567,-8.800128378767624,-8.69114948897096,,23.260000228881836,1510713.7548656464,NYSE
DBI,-2.7476027621028742,14.522199739196262,8.134990955932132,6.470793615805959,,5.96999979019165,3798872.0564932823,NYSE
ULTA,-0.8238559053859174,0.33553554892249426,19.567511027142515,2.5948746848823534,,542.719970703125,165899726.08447266,NASDAQ
YRD,-3.854062022879756,-5.809635592334872,-21.003644866411353,-42.114077647780825,,0.9477999806404114,81326.92513883114,NYSE
DB,-2.548154779293932,-12.36761409325765,-0.05079946825926607,19.25512126577864,,34.970001220703125,67386947.56228638,NYSE
NXTT,-6.2940249287493195,-6.17894791720206,-95.64511403198739,-97.36820867681128,,5.130000114440918,168089.58374977112,NASDAQ
RCUS,-1.8784098688567785,-15.042515352399654,-16.246424165430927,15.188947325571345,,24.739999771118164,34409826.60165787,NYSE
CHRW,1.1299067629225945,1.2597668665284223,-21.058398915082076,-10.103917015800224,,140.61000061035156,1217014567.1727448,NASDAQ
WAFDP,-2.3986158893578247,-4.74811294459262,-2.9147750641164483,-2.950580795147695,,15.5,596905.0,NASDAQ
CWD,-14.396726289305239,13.310131929786117,-33.404543274727196,-43.147068622941866,,0.5491999983787537,99182.77370721102,NASDAQ
VNCE,-4.414183805829186,56.4781566634069,57.42022774213302,343.9303922181957,,11.4350004196167,3795482.4692783356,NASDAQ
GIC,2.861937327120234,9.732027749865413,29.40715150937061,36.63397761328502,,43.58000183105469,6083245.295593262,NYSE
META,-1.7632185773798659,24.807071746775055,23.022418408405354,29.086277746102486,,741.9000244140625,10961209329.70581,NASDAQ
TW,2.190594427293413,-3.3847647260406455,1.4745057282353535,-14.298574120404318,,107.11000061035156,184291324.8501587,NASDAQ
PARA,-24.212371186681615,-43.85528872776885,-80.5888389151242,-96.56269877580345,,0.5932000279426575,181831.82496517897,NASDAQ
MRX,0.35602002159564883,-1.2183114908861703,11.969339607285544,63.22551123155233,,75.20999908447266,41366176.38645172,NASDAQ
PMCB,-8.193077892518975,-18.267364177446055,-44.813198766731624,-40.87761879123438,,0.39010000228881836,28719.162168502808,NASDAQ
SMCIP,0.5341818545895327,12.000764711868705,43.978071889345685,,,72.0,92145816.0,NASDAQ
ACAD,-12.93934007393388,-30.187892023521144,-21.893491686631528,-8.94072830593492,,20.110000610351562,63387264.893844604,NASDAQ
LDOS,-2.1415498328209437,-11.96461706107793,13.514478158558884,-22.9486883058445,,119.44999694824219,176266985.24665833,NYSE
CLB,-5.487803326767859,-20.257233868863377,-12.46028853680775,-39.951575051972945,,10.510000228881836,10560479.759981155,NYSE
CVEO,-0.21824832293814156,-1.4961974026543423,1.292388649410281,23.835678535509853,,32.4900016784668,1986081.3126029968,NYSE
CPIX,-5.091184779821711,7.118354049735842,15.541167022412461,138.0559136715092,,7.090000152587891,404456.1487045288,NASDAQ
OCTV,0.07318316267996838,-2.6543278881080656,10.85118819317823,,,20.110000610351562,38623106.29223633,NASDAQ
LLYVK,-1.3480520081931013,-4.442728888762515,-8.427856293188118,3.0490402742648026,,98.87000274658203,41911488.514289856,NASDAQ
DRK,-5.706519617686734,21.434820939408826,9.291339073438953,88.33107334410575,,2.690000057220459,384191.1881723404,NASDAQ
RILYT,4.1944545169977365,-0.9690886878659044,5.437654154807836,22.706579358467426,,21.549999237060547,339369.3879852295,NASDAQ
ASPSW,,,,,,0.25,583.5,NASDAQ
AMPX,-1.661537398539581,-0.9504152611218508,-25.835397082674284,-40.565337088692935,,9.449999809265137,53855227.6130085,NYSE
GPACU,0.2852935780198518,0.23598609829802442,0.9306878975334554,1.9196142373105518,,10.199999809265137,1019.9999809265137,NASDAQ
FXNC,0.060463657819109784,-2.96436328603481,-0.6669359818163523,9.918816767055594,,29.959999084472656,586856.4620666504,NASDAQ
EQS,-9.146341300899497,-12.180745689951767,-26.60098613290606,-47.84130756537617,,0.7900000214576721,8081.700219511986,NYSE
POWI,2.273169739072922,3.8223354130262566,-30.17085658254004,3.1105549218897854,,54.36000061035156,38261993.10960388,NASDAQ
GRDN,-2.3101995710065104,7.591443963032751,-0.274899205801582,9.430567200023088,,42.099998474121094,11620694.178817749,NYSE
SPOT,-4.039358293454532,-11.847535896803263,1.4132136138162554,1.0406212518790703,,483.04998779296875,595290999.9065552,NYSE
TLRY,-9.533076240183602,-18.09775657045789,-16.32928345638005,-41.52782075791356,,3.7200000286102295,16034714.163321733,NASDAQ
KLC,-14.10138125003323,-27.30109125597625,-61.03678920265252,-21.350213059688105,,1.809999942779541,1700087.6962542534,NYSE
LVLU,14.902029209073998,2.0108525884936945,49.80782125602137,7.945621737029462,,12.399999618530273,348588.78927612305,NASDAQ
RELX,0.5111258525062778,-7.380729837575329,4.429588961487396,0.4929956627170107,,33.81999969482422,75957622.47459412,NYSE
CCXIU,-4.612799046529615,-13.384189349719778,-30.64963871364087,22.146810855961263,,12.5,3125.0,NASDAQ
NAUT,63.145306559565384,75.38033146593826,-7.514125088285595,-52.74249433680169,,1.8700000047683716,54304229.78847206,NASDAQ
TEAD,20.375837290252807,8.39645384057861,-35.342467287922496,-21.83614274339334,,0.5663999915122986,149432.1769607067,NASDAQ
SPG,-1.558352397631979,-4.928948435229863,-10.37425663083168,7.728636129979649,,201.39999389648438,209456597.85232544,NYSE
ECVT,-1.9960869865933706,-1.7268448072648712,-16.393990909334512,-23.07219606161217,,10.369999885559082,8667484.414347649,NYSE
AAP,-5.312301417820131,-8.272402353154728,-34.53639249355476,-25.625142313619232,,39.650001525878906,74082617.95097351,NYSE
BAH,-6.339612300614739,-7.435978543032484,11.922266415738857,-14.505553825172413,,68.61000061035156,141344422.7973938,NYSE
NTAP,9.305068017769734,17.656951226694062,36.45801959835766,112.67602965626726,,223.77000427246094,751404681.7566376,NASDAQ
VNO,-2.5369228563472457,-9.210102052514557,-15.898641084655251,31.85237372764027,,33.209999084472656,46656295.98378754,NYSE
KBSX,11.6768517637585,65.0612116259512,71.28280230605183,25.076036710225313,,1.7050000429153442,146387.89368462563,NASDAQ
CRML,-8.844899197269552,1.3088283564047343,-23.683658893971092,-7.7118212054706925,,7.510000228881836,87415704.23416328,NASDAQ
JATT,-3.464039594370971,-8.713002562694449,-6.822809740128932,,,10.729999542236328,225201.23039245605,NASDAQ
MUZE,0.039992916760911434,0.10004230665694447,0.3812228948351759,1.6250257620885389,,10.010000228881836,21991.970502853394,NASDAQ
ORN,2.828885759447064,-2.698584932024617,-41.340855573983006,-19.23771480196632,,9.260000228881836,2998906.634124756,NYSE
NPACU,0.2095249720982295,-0.6421154819432173,0.8433957671010184,1.5049193898655666,,10.59000015258789,11649.00016784668,NASDAQ
CDXS,0.439882275059289,-11.038961280234695,-44.668820997412375,-20.348837152889065,,1.3899999856948853,1241581.3472223282,NASDAQ
DBD,0.17224238370405764,-6.992239848681036,-25.08885415587073,-17.787959956863965,,65.62999725341797,25772506.141433716,NYSE
JEF,-2.5953617189996003,-13.425453128702024,-12.326514225889262,11.353373007073998,,45.84000015258789,127763002.26528549,NYSE
PRVA,2.6248367811761764,-3.1168303384488616,-25.52273047510254,-4.183416678955066,,20.450000762939453,27480813.27524185,NASDAQ
FE,-0.2524205969072324,-6.007007309905477,-9.15398675252127,-14.557533881663765,,43.63999938964844,186035746.35809326,NYSE
FLUX,1.860273553044256,-12.500003704123742,-42.75092994462833,-55.03649675050271,,0.5149999856948853,2140917.770531893,NASDAQ
CXIIU,-0.6614227535475914,1.257286102914934,2.1319607621121506,,,10.949999809265137,16479.74971294403,NASDAQ
CAPR,0.13745691478557198,-10.209533099237756,-61.99460899120277,-71.25854876707119,,7.78000020980835,52433039.11399603,NASDAQ
SCKT,24.73279171372851,-1.882168490597247,1.3453925031513547,-31.535556581285263,,0.930899977684021,72413101.59977853,NASDAQ
KTH,0.006995123773001488,0.04898375558304302,-0.020979501150708568,-2.2093020297672905,,28.670000076293945,30590.89008140564,NYSE
XBIT,0.9225083120433686,-2.1466884587217794,-6.415737877761396,-5.932926599014832,,2.180000066757202,71368.84218549728,NASDAQ
SFNC,-0.9344159553821285,0.2562960752597432,-0.6915879529836078,16.719827378960673,,22.709999084472656,34679781.01192474,NASDAQ
LANDP,0.8183176976478634,-2.5967069892061323,-1.461724476197268,0.2736363820418086,,20.06999969482422,513189.8921966553,NASDAQ
AURA,0.03249993138783047,-16.540128762842222,-13.757354551807467,-6.18713590117922,,6.21999979019165,3668593.1962537766,NASDAQ
DHF,-0.7155628195739339,-6.011848899220762,-8.26446451976982,-7.035176983158797,,2.2300000190734863,758231.2264852524,NYSE
BGMS,-5.39914225078345,1.8106211511471182,-9.848671729380376,-11.477912140239443,,0.868399977684021,5091.429069161415,NASDAQ
LESL,-54.13056061888008,-69.64831858281664,-98.17597061858234,-87.01978115146586,,0.10199999809265137,1789079.6605451107,NASDAQ
MGY,-1.4628102956724565,-11.916370652572095,-5.791720726546701,-23.55091033460589,,24.0,116733456.0,NYSE
NNE,-7.100591715976323,-11.768011008383738,-22.265683492055878,-23.61584012138437,,15.510000228881836,34088080.133039474,NASDAQ
ORGO,-5.112044961737061,-19.345238150146006,-44.5126948813152,-40.82969354570702,,1.2899999618530273,2366408.1800222397,NASDAQ
FTAI,-6.435167381276241,-12.96267355069417,-33.17300314725428,-31.166123153753254,,164.6999969482422,121449118.949646,NASDAQ
WLIIU,0.0,0.0,-0.07657325684709004,2.654864285766667,,10.4399995803833,0.0,NASDAQ
TWG,-47.949200722326424,-75.7324561211454,-94.99321333086263,-97.01403133047833,,0.1023000031709671,1415569.8489780575,NASDAQ
ILLU,-0.06008549490923443,0.16057218314291521,0.6860355309119104,,,9.979999542236328,809377.9628753662,NASDAQ
FLL,-18.835617547531225,-30.225711270603295,-48.775216436577,-40.402348237132436,,1.3700000047683716,269311.86093735695,NASDAQ
BTX,1.7368085189471527,2.8127813046869843,4.3388915625454105,37.91125693497253,,9.380000114440918,4781154.898332596,NYSE
SBLK,0.33315692137714237,-3.530013656318043,18.333989651123517,28.656872101077347,,30.84000015258789,36775096.501953125,NASDAQ
TYRA,-7.166578264397083,-15.200382383352862,-31.369128644113232,-44.01222713840256,,20.93000030517578,12838524.97719574,NASDAQ
MAMO,3.357110909110639,-0.7655138287157248,2.496879034529753,-1.1835509688050472,,0.949999988079071,12562.799842357635,NASDAQ
RGS,4.602481894169341,3.769293151728492,5.885342933673288,18.896675605757252,,29.280000686645508,214388.1650276184,NASDAQ
NXP,0.9287449053637875,-6.422926416367547,-7.674096232218785,-6.660096403017657,,13.039999961853027,4164337.027817726,NYSE
CALC,-9.173272364418938,-25.464684126071045,-67.78469577396629,-43.8571923934642,,1.5399999618530273,40825.398988723755,NASDAQ
QNTM,-9.463642427219165,14.626181931106741,1.7681163534650324,-16.722011898127686,,3.2699999809265137,799361.305337429,NASDAQ
STRO,-1.1560658798418055,-23.273506239236507,-49.779734904966844,-35.31781915446316,,15.130000114440918,2426776.368355751,NASDAQ
LAZ,-1.2249400528861032,-16.930754900864752,-14.29797152718103,-13.452377396186478,,35.279998779296875,35745941.72317505,NYSE
LIND,18.891741478275172,25.195253285900755,25.951949771884042,93.51131726367935,,35.599998474121094,30568401.48978424,NASDAQ
NPO,3.842398444697648,8.59836832540406,-8.207371538108754,27.49424582147242,,332.8599853515625,97131872.32543945,NYSE
FRBA,-0.7133142696370665,-1.9894923359311978,-0.7470265438168644,8.85054627271915,,17.690000534057617,2085102.6729488373,NASDAQ
BMN,-5.093071266741022,-15.049368976427491,-14.11526198712022,-15.635056856711438,,21.770000457763672,511486.16075515747,NYSE
OLLI,3.800290324923128,18.35672085575524,19.63853991841664,-6.60980430819742,,86.8499984741211,141100155.22099304,NASDAQ
ABUS,-5.316974133017904,-9.073055535422004,-5.702646170450798,3.9982024139013417,,4.670000076293945,28858536.33146286,NASDAQ
SSRM,-6.7133499629034805,-10.412555726604245,13.204745089249382,11.490433973882475,,33.90999984741211,70009263.19497299,NASDAQ
PWCM,-8.648150344280847,-13.758742240298504,-73.65554041942394,-83.70602797461497,,0.9599999785423279,270826.55394655466,NASDAQ
DBRG,,,,,,16.0,76954304.0,NYSE
FCNCN,-0.7264339509028495,-6.833493989870831,-8.879822582463282,-6.216692427012649,,22.760000228881836,1982168.419933319,NASDAQ
BRLS,-4.758307302970099,9.461807091591101,-4.455220951411176,-10.694049502688719,,1.215000033378601,3360.6900923252106,NASDAQ
BRAI,-8.717577885707806,-9.982237773569224,-13.926630083776104,-31.92441980314665,,4.539999961853027,244410.89794635773,NASDAQ
RNGR,-0.15501981587642266,-8.228451807266024,-1.1004510568248804,-8.45671120595669,,15.989999771118164,2493064.8243141174,NYSE
NBRG,0.0,0.019877059402073627,0.9628896350144078,1.9445046540832678,,10.09000015258789,8667.310131072998,NASDAQ
CNTY,-5.244124458637856,-16.69316499035789,-19.01081972638501,-26.404497203855748,,1.0299999713897705,64568.63820648193,NASDAQ
INDB,-1.6356240964383484,-3.2375946083940232,-6.518648845486874,3.9442486126870513,,79.70999908447266,34032024.68911743,NASDAQ
DNTH,-4.162307851918456,-17.35943894932387,-6.654212431280104,4.8518260706836625,,88.04000091552734,52594744.38693237,NASDAQ
PDI,1.679586699504143,-7.156901440727026,-15.254846811812438,-17.62037941862159,,14.199999809265137,63416361.348189354,NYSE
COMP,-2.3175963838307445,-14.931789475267587,-27.016192814995975,29.318182067560763,,9.289999961853027,170413761.95024014,NYSE
INKT,1.8509404704933896,10.9802232579699,9.08771816052889,15.68372177627424,,12.199999809265137,338793.99470329285,NASDAQ
CNTB,-11.688010360050082,-57.34407629876419,-58.500848143773986,-65.24556403110013,,0.8978999853134155,1268311.5641547441,NASDAQ
GELS,-6.496146008405002,-17.30399676572304,-13.609581277851035,-24.122831732767004,,0.5436000227928162,20268.12684983015,NASDAQ
Z,-4.57489142416958,-21.236854022549878,-16.291002519969787,-33.121860056108495,,27.40999984741211,67034087.49682999,NYSE
IGAC,-0.06924492503567192,0.5174114831305587,0.758029350834688,2.040408434642771,,10.100000381469727,10352.50039100647,NASDAQ
IBEX,0.6980391535851505,12.760123091622022,36.18630871649615,59.61749826525895,,43.33000183105469,3358205.1319122314,NASDAQ
KLRA,-9.246347470098648,-31.32772143327297,-50.471099391233,,,10.84000015258789,19431990.233531952,NASDAQ
SOTK,21.46361403030368,18.460927804590142,6.335003497858249,48.47576061125898,,6.809999942779541,1828689.2846345901,NASDAQ
GS,-3.2521829025190963,-11.665688471725522,-12.445221532404371,6.278739899610031,,893.4600219726562,1694092228.0424194,NYSE
TGLS,-1.191552173330479,-10.368320249318352,-22.98855605935193,-20.52598049510772,,34.90999984741211,13298824.801872253,NYSE
CBSH,-1.4426328930060572,-4.8060279445240495,-5.744607548036029,11.669032691808168,,55.13999938964844,67404899.73388672,NASDAQ
NL,0.057030104550248595,3.8165707883036637,16.655585645508708,21.671291413902182,,7.010000228881836,93793.80306243896,NYSE
XTER,-0.040850608145592826,-0.3461599004465632,,,,9.789999961853027,174780.8693189621,NASDAQ
CSTL,0.6877640486440573,7.127804697972984,47.35730690397952,44.94378061809847,,36.650001525878906,13824673.77557373,NASDAQ
FBIN,-1.4611649547434657,-11.713366977783235,-27.433361945242652,1.4837095469932837,,38.65999984741211,64162880.6067543,NYSE
RCAT,-4.493880502046165,-24.188196314775457,-37.259708626485775,-49.0927905530537,,6.34499979019165,32878450.117817402,NASDAQ
GBLI,-1.8656722414396643,-17.47418878766547,-2.2890698103315787,-10.863701824797435,,24.514999389648438,192540.80520629883,NASDAQ
JQC,0.8157989724967951,-1.4687404633820567,-2.9350992695521105,-1.675042300827989,,4.619999885559082,4685691.663931847,NYSE
ADBT,10.862070597823426,-95.78912896985602,,,,0.13300000131130219,1872258.7074593753,NASDAQ
CUBWU,0.0,-0.16307156457239236,-0.2714907914331599,2.3212626682832305,,11.020000457763672,0.0,NASDAQ
SNES,-0.5809483502617674,-32.12593928294357,-51.20405410175083,-55.74877451461987,,0.8349000215530396,70802.02652776241,NASDAQ
NVNI,-3.494793710880495,-4.3684206510844925,-10.049504785137586,-25.897227825944636,,0.8995000123977661,22277.017307043076,NASDAQ
GIS,-6.922811755385516,-20.787510799537547,-12.0091617229658,-13.550875732928603,,31.68000030517578,392316285.05921173,NYSE
XEL,0.893392610503696,-6.652097819410652,-12.007442124132483,-11.225432232086396,,71.48999786376953,318731578.395813,NASDAQ
JXN,0.1742129445450491,-3.1470705388817355,23.67601942949984,25.304890667366564,,133.85000610351562,68994993.39614868,NYSE
GTM,-1.6281521950493372,-9.82185620473518,27.588555408030913,-36.6159045671173,,3.75,21561225.0,NASDAQ
HCAI,-3.68068223206377,-88.7031858706923,-93.9402949107754,-87.88342682705034,,0.47609999775886536,92324.35936540365,NASDAQ
IEAGU,-0.11571922908167886,-0.05789219162479764,0.4850564381267741,2.0492629647565153,,10.319999694824219,1031.9999694824219,NASDAQ
CXT,0.3594719185883388,-3.2829829669044575,-6.753660155315611,17.927306372779594,,49.15999984741211,25807230.15989685,NYSE
AR,-3.270656227046609,-13.396593242988342,-3.1879121153804535,-18.517808295477945,,34.689998626708984,146520632.8596115,NYSE
TFPM,-4.90980106782909,-9.236686751687307,1.6500992560720906,-12.147767824243749,,30.479999542236328,14628784.340297699,NYSE
VINP,3.039383707572618,-1.4433390929314394,-2.1743541840982816,-8.23484500892656,,10.720000267028809,2079101.1717891693,NASDAQ
CTSH,0.9582442474109332,-8.814249787494965,40.9174304626364,-5.415654817853854,,58.16999816894531,201882003.4852295,NASDAQ
LSPD,1.651871061576582,-5.815953772758076,-7.653348136543481,11.304544300112052,,10.210000038146973,25891559.516736984,NYSE
NDRA,-1.3442617947937885,9.737418194255598,21.18405486465804,28.534815671578208,,6.309999942779541,184882.99832344055,NASDAQ
ALPX,0.06030288888563273,0.22146287959459166,1.1788596769060078,,,9.960000038146973,249000.00095367432,NASDAQ
SIMO,0.37143752993535895,15.406263477780403,-10.89162474053974,146.69591981070474,,282.45001220703125,204546626.99017334,NASDAQ
OYSE,0.13276314848789106,0.2581568036355897,0.9897095898010688,2.360343926021291,,10.420000076293945,157373.26115226746,NASDAQ
WMG,0.44446183832818065,-3.789316987320057,-1.5587881743177268,7.218473843814621,,27.6299991607666,68360099.30363083,NASDAQ
VOD,-0.22986019522472922,2.0921002876252315,25.86996327465969,9.667551165767918,,16.790000915527344,40447212.945510864,NASDAQ
MESO,-5.464552621514618,-15.259017403362973,2.152364070451074,-4.107405404616705,,14.220000267028809,2560140.4080753326,NASDAQ
PPBT,2.7609401013062085,-15.222223599751795,-9.704143988569003,-62.42304880311524,,1.559999942779541,52595.398070812225,NASDAQ
SD,-2.7534777895298346,-4.801347820417734,1.3299467159415546,-14.639978879907344,,13.720000267028809,3744723.152882576,NYSE
CXDO,0.6455982956611983,-1.8230020589977247,-23.738412727908585,-4.049238758127583,,6.019999980926514,1310301.155848503,NASDAQ
BHFAO,-3.026054318890392,-3.854437064748817,-7.0323517241003834,-12.156715797130557,,13.849900245666504,444110.9012775421,NASDAQ
RIG,-2.513862608247097,-11.420893844628132,6.459428395247135,-19.993933636102735,,5.510000228881836,195114144.244915,NYSE
PFIS,-1.1652749935611162,-1.6277662386644853,1.9851775528724858,26.75618737880896,,69.08000183105469,2795736.7541046143,NASDAQ
CAPN,0.19593811187128551,0.0,1.8283838920266637,2.5150339705842795,,11.25,0.0,NASDAQ
NET,-0.45609719343480126,21.509143163090492,40.68523334514169,70.80796745645065,,359.489990234375,1139968282.8225098,NYSE
HTCR,-5.624218449267671,-19.049967796445078,-36.410587151858074,-49.25296372959467,,1.9049999713897705,33059.36950349808,NASDAQ
PZZA,-1.7926475118407725,-14.319225173277228,-44.61045818879209,-41.24411634719705,,19.540000915527344,49043252.897872925,NASDAQ
CRWD,4.104861498197665,23.403764825713846,37.485468670265476,172.50231152169698,,272.6700134277344,1316925270.6524658,NASDAQ
GUG,0.05730516915387618,-8.729745450716797,-12.43731214448175,-8.418569381982277,,13.710000038146973,2444493.006801605,NYSE
SHMD,16.450219183599877,46.85292450860774,-18.774422129688904,-13.422945977925572,,4.5,2438671.5,NASDAQ
CLGN,-10.531543394468068,-0.11092744931978649,-0.8805741413208112,-31.520913080419145,,3.4100000858306885,24647.480620384216,NASDAQ
RNG,-1.60841180773591,7.26770709820399,92.52476232103695,105.32550054262745,,79.05999755859375,134421918.96899414,NYSE
BDCIU,-0.03883583959864989,0.4487814554354097,0.4487814554354097,1.7793605645751942,,10.289999961853027,0.0,NASDAQ
GOW,-48.71551067005162,-69.89947976463631,-69.22989217842084,-68.89188153082526,,4.329999923706055,8942986.992425919,NASDAQ
KRC,-2.14060115639898,-8.146684324230735,-13.792570682012407,18.49019246486392,,33.279998779296875,42139999.734313965,NYSE
OLOX,-2.240896736580289,-17.363852636290023,-84.16635191508527,-90.31676287605336,,0.8799999952316284,26140857.458353043,NASDAQ
DKI,-37.90262156499099,-47.89440655480555,-65.53014596213306,411.0974054726654,,1.5,391393.5,NASDAQ
SMCI,0.649072038865528,13.418305438590172,53.218538586256116,88.95260104440541,,43.189998626708984,951587186.3228531,NASDAQ
PRSO,-6.3172700651495495,-19.283737167522098,-43.92548149985747,-53.15863447193965,,0.4526999890804291,72938.11684066057,NASDAQ
NBR,-2.962110898639936,-14.801574093778314,1.1075287067913608,-4.0937745300794965,,83.16000366210938,13230091.302612305,NYSE
LZB,-1.3773356850996676,-6.996297646868932,-25.250894883072974,-7.176852011591683,,29.520000457763672,22669205.391529083,NYSE
MCN,-1.2039115716430793,-8.08540248728412,-5.4715605424765945,-9.541853120588728,,5.239999771118164,236313.50967788696,NYSE
CDZIP,0.7323768884661241,-0.05805703885189972,-2.481101422176324,12.133330675016785,,21.559999465942383,470697.9083404541,NASDAQ
CTGG,-2.448066017281414,-4.305636602772611,-8.116920048019782,,,15.199999809265137,518730.3934907913,NYSE
ADSEW,,,,,,0.28540000319480896,205.77340230345726,NASDAQ
HRI,-3.4805588921639985,-8.731669461743563,-4.221209186121322,37.870463788504935,,135.50999450683594,74200801.16212463,NYSE
FOFO,2.5316396483128667,-11.326320045872729,-30.905516251777144,-55.05762026589278,,2.109999895095825,35886.878215789795,NASDAQ
PSIX,-1.6507221684447404,26.6807317526782,23.948938506106977,-27.694162362596586,,44.869998931884766,12009544.954116821,NASDAQ
CSPI,-0.2361588851915286,-5.234296823688123,-6.813721536604522,-8.824938533174343,,7.539999961853027,103765.47947502136,NASDAQ
IOTR,-2.884518550578774,-21.91011148881342,-23.204419260517785,-11.408541458803867,,1.8799999952316284,4910.559987545013,NASDAQ
HUN,-3.7103678036807586,-9.947424767481461,-20.02241366205968,-33.45765432636314,,8.84000015258789,42067492.166130066,NYSE
WEN,-4.849955651542903,-23.364259994150373,-24.37966828859458,-9.277458033507047,,6.099999904632568,36832507.024160385,NASDAQ
TMDX,-4.2260973782964335,-4.18570626400615,18.37180515859036,-18.147976428016822,,82.98999786376953,82566084.9546814,NASDAQ
LFMD,-7.058047013092528,-8.802586883280561,-39.605657099592285,-21.19686555834739,,2.7200000286102295,2180376.5029342175,NASDAQ
RCON,-7.1953028529478384,-17.38562153020129,-98.48076924681664,-99.26168225078939,,1.25,134800.0,NASDAQ
TAL,0.617077860780002,0.49975204149537156,22.472593673139517,7.559281129165374,,12.3100004196167,19318637.60852337,NYSE
JBSS,-0.0770901804686086,-8.743334350902677,-23.68724847468251,-16.869343726417497,,68.02999877929688,9395759.19140625,NASDAQ
TCBIO,-0.6004894602416155,-7.661549331660589,-8.617911472933438,-14.354396552100567,,18.875,222234.25,NASDAQ
W,2.369839415778019,5.067256307871348,9.53915828410099,40.763090966001215,,106.05000305175781,251191309.82843018,NYSE
ADCT,-7.3899339299370865,-4.8465258407605845,-1.8333335353268532,-68.40128716869202,,1.2300000190734863,2153608.2633957863,NYSE
ACHC,-1.6092594398544713,-0.7758533379348287,-10.468849811939352,17.379592031034342,,28.8700008392334,59553788.351192474,NASDAQ
SKYH,-4.855535945446765,-9.104847689053553,-5.688145619768992,-2.5282621331335964,,9.34000015258789,1340644.9419021606,NYSE
POOL,-2.3408169955767666,-12.828184414431743,-25.032561026710244,-20.25640328333649,,159.34500122070312,136310565.87924194,NASDAQ
SAJ,0.029384027347489905,0.3601761394098846,-1.670767996076583,-0.9944211889653554,,25.239999771118164,2877.3599739074707,NYSE
KIDS,-0.965796790506479,-3.103596067372816,13.299544744011293,40.83921489578724,,22.889999389648438,6976230.893981934,NASDAQ
MYRG,1.9335789261078595,3.2702106557953137,-34.194002594221196,5.213560929946648,,302.6499938964844,55521746.68029785,NASDAQ
OPBK,0.462044190258859,0.5948419015370687,1.0221659203138778,12.724038240432911,,15.199999809265137,813351.9897937775,NASDAQ
MDLZ,-4.02554336646298,-5.923728554051289,-1.986621362012475,0.9346430830307062,,58.4900016784668,418007161.065403,NASDAQ
MXCT,-6.89075568631311,-11.78343779775034,-11.146751109033548,54.44661449440722,,1.0800000429153442,210457.4483628273,NASDAQ
VVOS,3.7276453121962483,-19.60554242507634,-68.15456143668133,-87.8370967161705,,0.15410000085830688,88623.52689361572,NASDAQ
NUE,-2.8052328901849277,-6.314430639619795,7.533263032708781,40.97714150381415,,251.41000366210938,398830293.1494751,NYSE
OUT,1.0651224373573243,-4.304859073348199,-13.89768465992648,6.101312691006844,,28.889999389648438,44279470.94451904,NYSE
CSGP,-2.064287974980372,-13.881038974400639,-6.249574759073173,-32.11704306158176,,27.65999984741211,136473609.44713593,NASDAQ
SAMG,5.568911623390949,4.917382526802938,1.6785680304773898,-21.647337818013025,,10.520000457763672,842546.8366622925,NASDAQ
KINS,-1.6172796968315528,-8.739428445274267,-8.665862699883842,24.728222505144302,,18.549999237060547,1407295.6921195984,NASDAQ
NFG,-3.1216729381099095,-8.298127657571685,-2.6228591261041267,-18.831004162920273,,76.33999633789062,79445354.70892334,NYSE
PLUT,13.634325695898442,-0.8039194145187611,-16.102819249474763,-18.926281311122462,,2.7174999713897705,80128.20415639877,NASDAQ
UPB,-4.224822152872076,-21.684146185270382,-31.322695819262904,-45.173829331837986,,4.849999904632568,4901235.303625107,NASDAQ
PGAC,0.6535919194667894,0.8419097859746039,1.353889348530335,2.744947780240281,,10.779999732971191,22637.999439239502,NASDAQ
PTON,2.466088852929138,-6.313417124188114,-14.769231356107259,14.252977232861541,,5.010000228881836,42147333.33550072,NASDAQ
TMS,-8.783947788795176,23.31058865546778,-1.6964534689989708,-27.093736973648387,,7.400000095367432,629103.6081075668,NASDAQ
MAN,-3.375806647997892,-10.226718307636906,47.639622761910005,89.7312888581591,,54.20000076293945,49175010.29220581,NYSE
OC,-4.571568579855578,-14.020645637848595,-21.555208935245275,10.548578884701044,,117.4800033569336,138017857.54379272,NYSE
SHEL,0.28500190770834877,3.80694037568694,21.998166969182996,3.0225417560343137,,96.5199966430664,648044619.9012222,NYSE
CHD,-1.297265982202711,-5.042336649125135,-3.238665495959858,1.542720353403082,,95.66000366210938,191840780.38415527,NYSE
KEQU,-0.06453317549057758,-8.5324576810917,-6.442576790189203,0.011742870948538986,,33.81999969482422,256457.05768585205,NASDAQ
CHWM,,,,,,5.489999771118164,162926.72320747375,NASDAQ
TYL,-1.4542490790176887,-14.067334037687484,4.088387193918885,-4.495788835707815,,328.32000732421875,184672781.0797119,NYSE
OWLS,-1.6414138786070565,4.2638595406615964,-3.8610728556901175,-6.754445691150024,,5.440000057220459,52283.84054994583,NASDAQ
MSC,13.87619124672581,-45.21420379910855,-48.5720432042662,-65.49206368892987,,0.9927999973297119,73993.38380098343,NYSE
ASG,0.11825072898572486,-1.5503861355269932,-6.891492712720204,6.454316652286596,,5.159999847412109,2347526.450580597,NYSE
UE,-1.4271338381359855,-7.819545168329089,-14.077964259611031,-2.611455940151497,,19.510000228881836,17884739.169815063,NYSE
HZO,-0.1831695233443731,0.3144773518021893,47.13956180529488,93.92793692343729,,52.349998474121094,53591059.88794708,NYSE
HDSN,0.5220444992702689,-1.0844725017915002,-12.621846120847902,-10.577914658090625,,5.215000152587891,1583774.686340332,NASDAQ
HWCPZ,-0.7406068205355387,-1.9571019432946923,-3.647265064037941,-3.3954723362829564,,21.216899871826172,124628.06984710693,NASDAQ
CAT,2.2260667678653867,4.737358693110494,-15.670564766228301,17.284260195279376,,848.1400146484375,1923746940.5255127,NYSE
ALP,-6.639087517804832,2658.4400194606733,1783.54526148292,1412.1250299259434,,4.389999866485596,107440.85673236847,NASDAQ
CORZZ,,,,,,16.59000015258789,74621.82068634033,NASDAQ
NWBI,-1.1600330359015976,-2.2552488948206495,-1.0295667112373508,16.84587728391771,,15.039999961853027,15418977.8808918,NASDAQ
TLF,-4.4615361224969785,-5.045868691693512,6.063196316895048,5.97269663801121,,2.490000009536743,17245.740066051483,NASDAQ
KTF,-2.3970927111595985,-7.397196736501566,-12.843241304964625,-10.442124333744307,,8.039999961853027,6094593.331083298,NYSE
POWW,-1.8166073105449265,4.704792391421186,-3.321975077419015,12.265084296768825,,2.240000009536743,1584795.5267472267,NASDAQ
ENS,5.741954497052548,3.740883616071522,-11.745852974078774,8.260456774832736,,193.02000427246094,146077346.21339417,NYSE
ZNTL,-4.357142182029017,-30.078330027137888,-42.197280861059426,8.245753696726288,,2.7799999713897705,8319625.294378996,NASDAQ
CAST,-8.55784605323542,-14.518520567152237,-75.41542481436163,-73.16279134085012,,1.1699999570846558,642355.7164385319,NASDAQ
AACIW,,,,,,0.25,259.5,NASDAQ
MCS,-2.3034265424661693,-2.442141501598727,20.385456188662012,56.94380758451205,,26.65999984741211,5745763.167114258,NYSE
OXY,-0.0667411221390024,-5.7199663037392545,15.688667339674556,-10.929867339661758,,58.310001373291016,497281511.18175125,NYSE
EHLD,1.2893884670253097,13.82768978215636,47.04994862091478,56.938141150268116,,13.920000076293945,250323.36137199402,NASDAQ
GDL,-0.47812301208607355,-1.0223452289278567,-1.607183513962307,-0.04801572772678009,,8.300000190734863,151317.3034772873,NYSE
DCOM,-1.4252968267349786,-1.9092516744609989,-2.1082857108173703,16.52429737379166,,39.5099983215332,13629052.941009521,NYSE
HEI,-1.1126182818873676,-7.355170857572901,-15.578106252221291,11.550425684444953,,301.57000732421875,144660116.8133545,NYSE
WAFU,-3.337783707365616,5.847952839271597,-6.82110789921092,-8.884973221941905,,1.4700000286102295,26562.900516986847,NASDAQ
ELVR,-10.214800982367745,-35.28059400433532,-43.42288001670679,-34.77564528085061,,37.790000915527344,1426081.2645492554,NASDAQ
CBAT,1.5384619052593473,32.000002050399786,131.57894626768893,61.764707128413136,,1.309999942779541,363253.81413316727,NASDAQ
RUMBW,,,,,,1.809999942779541,17111.73945903778,NASDAQ
UNM,-4.23068502205548,-5.302464191696332,-2.0582041504412896,19.643681340423758,,89.93000030517578,157388741.78409576,NYSE
WKEY,-1.0312690170741212,-7.089316247373112,-16.20898470243838,-1.4900640240730123,,6.090000152587891,665028.0166625977,NASDAQ
CYD,-3.9682508555259344,-15.38013009340663,-30.592734523563514,-17.66585914802211,,31.8700008392334,5481926.974355698,NYSE
EGP,-2.5619785252402383,-0.9010307687155383,-5.698830524631315,5.8506682823436185,,195.83999633789062,119114194.25262451,NYSE
FVR,-7.859046086513233,-13.943104693083608,-19.53208318336024,6.899666414464867,,16.200000762939453,3807972.179336548,NYSE
DSC,-5.468498843711811,-24.86019362449087,-18.791208097344793,,,5.860000133514404,279955.64637851715,NASDAQ
LEA,-0.7252720816481872,-5.344737994000082,-9.001424876114484,0.7477712347698784,,121.33000183105469,63326495.83569336,NYSE
SDSTW,,,,,,0.09239999949932098,503.6723972707987,NASDAQ
INBX,-3.5750510585531914,-20.516078243487712,1.902464271141202,53.819105780433496,,94.55999755859375,19533164.135681152,NASDAQ
VRNS,-0.014718748682374105,6.457395556409695,8.940521575861226,114.96518946461953,,48.150001525878906,49533495.519721985,NASDAQ
OMAB,-6.068154976621399,-3.6369124429595945,-14.078565389578612,-16.51758500181134,,94.9800033569336,10175017.799621582,NASDAQ
ATOS,6.280192991892042,-11.929543702154144,1.2891365285690126,-57.031250640284256,,2.450000047683716,130616.85254216194,NASDAQ
HVT,-0.9404848622877604,0.46599495609480623,9.41241683802707,30.82392902746236,,27.889999389648438,3247483.6389312744,NYSE
MRAM,3.943978188223074,15.371222269274053,-9.897049672926572,105.56171122436866,,18.219999313354492,14322522.820236206,NASDAQ
NRIM,-1.0262629803549528,-4.5808642200308896,-10.572429495748192,5.015864126651093,,24.670000076293945,2736741.7884635925,NASDAQ
ICU,12.528867300047008,29.93333133167695,-16.280071156883103,-1.5159157053572847,,3.549999952316284,2095884.471848011,NASDAQ
SHFS,-32.90377983447088,-34.09282749394762,-56.24649874886176,-87.03842024555352,,0.8820000290870667,422783.18594276905,NASDAQ
NMAX,-6.999630664144984,-5.026058902028652,14.832325357019904,88.61368891107666,,9.970000267028809,9418689.162262917,NYSE
JLS,0.41918873223698583,-3.472384957298602,-6.583321429266775,-10.238041692320621,,16.200000762939453,400885.2188796997,NYSE
COUR,-0.3998396866213172,-20.38990131741466,-14.837607359274841,-15.04092871224354,,5.179999828338623,32085794.35670042,NYSE
SZZL,0.028619328305734548,0.2006853768624861,1.0504976247939668,2.1730614980530083,,10.484999656677246,636827.4241476059,NASDAQ
EML,-2.4282012725474145,-10.922075816253008,-13.724229824148825,18.31165334234164,,24.790000915527344,229208.34846496582,NASDAQ
SO,0.1391759452003205,-5.459650981204756,-13.435251455007602,-13.915590423355074,,83.79000091552734,550645514.0866013,NYSE
HUCK,-5.975751095958037,-13.377660166399686,-5.264689975543158,11.084584017146891,,3.190000057220459,2239565.060172081,NASDAQ
CHSCO,0.4533020155480072,-0.9249986642825614,-0.35661903495169955,-1.016557343346669,,25.649999618530273,1099718.083644867,NASDAQ
ADIG,-9.866320243645921,-14.780231686543587,,,,17.6200008392334,11919666.267728806,NYSE
LICN,-1.6447867750774559,-13.574217257040145,-22.25240575869457,-80.6648963853681,,1.0247999429702759,1229.759931564331,NASDAQ
HQH,-5.4091827443640605,-10.421442325556807,-7.468124608303029,12.989322050619535,,19.579999923706055,9997234.681045532,NYSE
ICHR,7.139158503088927,16.574326322811217,-38.29406494537493,33.52981710658509,,63.33000183105469,46911508.86634827,NASDAQ
HUHU,-14.869938207160594,16.744626294168484,-41.73092863925418,-45.06058943624457,,4.400000095367432,68776.40149068832,NASDAQ
BATRA,-0.913677999442275,4.183246260227169,2.129453060511044,21.9997461672325,,57.7400016784668,2573067.694797516,NASDAQ
AXTI,8.081101299300265,42.090122188652444,29.971466693520334,62.87746640078977,,86.66000366210938,425642393.74694824,NASDAQ
XBIO,-8.306188789111834,-47.08646673192553,-21.587744528052923,-21.45099434601193,,2.200000047683716,20955.000454187393,NASDAQ
SWK,-1.3650701630824824,-7.0695161640543684,-2.460321508987229,29.375918958454015,,89.68000030517578,144292609.4510193,NYSE
FOR,-3.365060152026389,-7.430540823778509,-16.42468035497998,4.923102916801536,,25.350000381469727,5200248.378253937,NYSE
SHOT,0.04058147427639103,0.1218471927510345,,,,9.859999656677246,0.0,NASDAQ
SNX,-0.5879784621684481,5.3893867946932295,7.575005944033952,49.96760430705724,,277.2799987792969,280028952.6871948,NYSE
ATS,-4.162723766853382,-4.57399934817947,-35.18873958424192,-35.52333782018889,,18.530000686645508,3367901.7448005676,NYSE
KARO,-3.102984073455617,-8.074854380475871,12.961511688187176,22.34262021567468,,61.0,4111705.0,NASDAQ
ED,0.13978163540782074,-4.236673134624125,-7.9732373631260405,-9.589498405692986,,103.37999725341797,215058823.78635406,NYSE
LTBR,-5.976804332046481,-15.814696461286882,-27.293629503775772,-40.056871350907606,,6.360000133514404,3574046.595029354,NASDAQ
BWBBP,-0.3852305063956951,-1.8034131719102064,-2.998306005798712,-2.843258491526568,,19.349899291992188,13370.780410766602,NASDAQ
BWAY,-4.2483187584983595,-10.948805893102186,-16.859333075072858,-2.690788180220205,,12.229999542236328,2827343.5241737366,NASDAQ
EVGO,-4.360466083363623,-1.497006329977535,-30.370370267583603,-24.45464966593479,,1.350000023841858,4078167.822023034,NASDAQ
MSGY,42.59581955584528,161.78038209830797,27.25435231905191,35.21475434970138,,4.889999866485596,2866948.241722107,NASDAQ
FOIL,-8.09135467825538,-23.748084111063083,,,,16.399999618530273,404604.3905887604,NYSE
HAPN,-0.65410780055567,-12.892866122329172,-24.20401319933221,6.2246465568781995,,15.460000038146973,16324430.480279922,NASDAQ
DOW,-1.4859881677441122,-9.083784856257315,0.8402156737997712,-32.473201784346514,,28.510000228881836,200850186.14245033,NYSE
SSD,-1.4691947541178751,-3.720588559940896,-13.898246895608624,2.3751121238426043,,172.77000427246094,60173373.70803833,NYSE
ATHE,-4.378761438056311,-22.664895311975197,-36.63402081825742,-2.1288495217590353,,3.2200000286102295,175921.48156309128,NASDAQ
RILYP,-13.93487615496799,-21.810440583479153,-28.34105844778917,-11.91034714794964,,10.189900398254395,7438.627290725708,NASDAQ
MASS,9.605218161656781,18.637927460823178,45.4396669508732,97.17818836168397,,12.800000190734863,5368793.680001259,NASDAQ
FIBK,-1.7442818722076203,-3.073426904912435,-8.37808853211599,7.199283485246255,,35.619998931884766,78880558.87465668,NASDAQ
LNT,0.48362186331507573,-5.79974706895986,-16.748193239535492,-11.24025651138213,,64.29000091552734,190914236.62873077,NASDAQ
THO,-4.2904272691577034,-8.920556436378025,-8.703703931703444,-11.660054264494546,,67.23999786376953,82658398.33392334,NYSE
LFMDP,-1.0408247899771017,-1.8593528004149373,-1.2823823519710453,-2.130305001391808,,22.860000610351562,20985.480560302734,NASDAQ
TXG,11.036080022088889,49.07395273011594,137.03856387322006,329.0373795549569,,97.73999786376953,302566674.10702515,NASDAQ
EUDA,-5.226977333533911,15.155278631948853,18.028683307802005,68.45744296753573,,17.299999237060547,104197.89540481567,NASDAQ
WAY,1.259265109072083,-2.2541931954875083,12.294502317882072,7.0255245698833235,,26.479999542236328,93570044.1424408,NASDAQ
HURN,1.6219361908971441,1.5064453368670572,64.17367639223322,25.112450776327798,,160.10000610351562,34269886.60647583,NASDAQ
WENNW,,,,,,0.2199999988079071,239.79999870061874,NASDAQ
ANIP,-3.256843101741158,-0.01652387548702894,-14.16646862533737,-3.965815758456259,,72.58000183105469,22030498.275787354,NASDAQ
EVOX,0.07906882024262263,0.09885367894479913,0.7361716750380332,1.6258519779180025,,10.130000114440918,44663.17050457001,NASDAQ
POET,-1.3110545697468279,4.661941238139922,-16.470844572189403,33.25234273770634,,7.809999942779541,57572953.148188114,NASDAQ
ECCC,-0.3643025219805751,-0.5668714599712299,-0.16090653686241518,2.3638762057854423,,24.724000930786133,92418.31547927856,NYSE
ONB,-1.0194334916293846,-3.0879608537812464,-5.137013539292623,12.429887597223189,,24.860000610351562,110984414.94483948,NASDAQ
CCLD,-1.4464811670472422,-11.744388104271696,-6.751827056384174,-41.19677869335726,,2.0399999618530273,269634.95495796204,NASDAQ
VMAR,-12.242004006293216,-15.679228220749797,-55.76723012325069,-96.66519609152103,,5.949999809265137,162024.44480609894,NASDAQ
CNXU,-16.856156793201084,-45.65428174965929,-67.85782587550784,,,3.119999885559082,534159.5804071426,NASDAQ
NXDT,0.1530806034360399,-3.396087379519852,-1.542514364450076,15.642951586173615,,5.159999847412109,719572.2987213135,NYSE
MEVOU,0.0,0.47327521906721515,-0.3910102015745043,1.7575339365296427,,10.1899995803833,0.0,NASDAQ
BRC,1.1101557837843057,-7.08207806718738,-7.815808049276529,4.332797257162513,,85.41000366210938,28506442.822265625,NYSE
ALM,-1.2630020491244287,-25.341274072440978,-16.55154928366338,-11.706084973142715,,13.520000457763672,52341181.052181244,NASDAQ
DLR,-1.8685884817166154,-4.199247209113088,1.0480743809817339,-1.391853901302298,,179.8699951171875,271232620.82702637,NYSE
FNWD,-0.8547418563618181,-2.8414083878535834,14.358080825994257,17.744379809073017,,41.900001525878906,717663.2261352539,NASDAQ
FTRE,0.28022486632477417,9.055289070639194,14.39662129054009,116.60181640116134,,21.110000610351562,47847209.6434021,NASDAQ
NSLR,-6.3334981146646925,-24.851131307039807,-36.4658488966641,-29.797885056973684,,7.5,2161552.5,NASDAQ
SNPS,10.923285276616546,8.906214048542793,4.614149152793923,17.749746659229594,,488.4700012207031,1376675031.7103577,NASDAQ
BVS,-1.2826120195488677,-3.0905693412521473,27.696081754199795,49.745743429815526,,13.520000457763672,4823462.963314056,NASDAQ
QS,-5.560113043083181,-16.521579259779916,-36.54535330734555,-26.35200002514647,,4.619999885559082,69802728.19093323,NASDAQ
RMNI,-1.2155245514063773,-20.891053510198088,-6.95728929057341,27.98304030856764,,4.179999828338623,1348309.104628563,NASDAQ
BLZRU,0.43651251716709805,0.4072943950973684,1.1330373819282924,1.6692896768742527,,10.390000343322754,5693.720188140869,NASDAQ
MRSH,0.3550982776946876,-9.80957988538429,-1.906720829569697,-1.83790251117264,,170.42999267578125,360280483.0169678,NYSE
RECT,-3.887722384287451,-5.768950610197177,2.859435396081711,6.185732257763754,,1.2599999904632568,1552.3199882507324,NASDAQ
IVZ,-0.9503977241539063,-6.108847254302974,12.328363262814834,27.95156386629063,,30.5,111212638.0,NYSE
ONEW,-2.752663959984236,-18.72376404729833,-11.176366267078475,1.0227505373251233,,9.670000076293945,660209.5852088928,NASDAQ
TBCH,3.8105681888945586,6.260029844647841,5.279897723889704,29.905805574630474,,13.859999656677246,4011776.900625229,NASDAQ
AISPW,,,,,,0.4129999876022339,10297.328690886497,NASDAQ
MTW,1.6962908617348837,14.26399004651735,74.33874156887019,92.63373550430529,,23.510000228881836,11323544.590240479,NYSE
HD,-3.9496686991749685,-12.102554276513889,-19.250773020646005,-12.957682003666937,,281.1499938964844,1197819587.346405,NYSE
CWCO,3.8098627292519893,-0.79240375179217,-0.765289262940938,-12.915992598430549,,30.31999969482422,2949650.8503112793,NASDAQ
ALKT,-6.643264775062407,-30.88073554594675,-25.910846332391625,-14.23964441835911,,14.149999618530273,18810514.242887497,NASDAQ
ECCU,-0.2918161020723731,-2.4406482750226166,-0.5938154349353852,0.6212421253870115,,24.899999618530273,47036.09927940369,NYSE
PB,-1.1816118428073397,-6.837103722244575,-7.178335204287478,0.02392113098632631,,67.22000122070312,74037655.4045105,NYSE
FTDR,1.859812672405381,-7.426789330026362,-3.8799038862094903,39.73003848661298,,77.62000274658203,49469013.0104599,NASDAQ
UBS,-1.3583378226628917,-12.70066264673818,-5.332599950745931,23.52004152962539,,48.18000030517578,77797354.63277435,NYSE
PFL,0.11600917004321865,-8.87011648195185,-12.296748313439931,-13.309893908880655,,6.849999904632568,3173947.4558115005,NYSE
VIPS,0.1766778931462598,-5.21276777993116,-6.840927296771082,-18.746744496230182,,12.710000038146973,34738273.05426121,NYSE
ESYN,-10.682370839830524,17.467947315760245,65.83710544736118,113.08139204798961,,2.119999885559082,41278.517771720886,NASDAQ
LBGJ,-5.268198748101504,-31.88705152964402,-99.21132375558977,-99.05268198228887,,1.9500000476837158,90530.70221376419,NASDAQ
RCD,-0.7186889061309598,-2.369992037104085,0.8897879504231154,19.062222615473168,,22.68000030517578,431464.32580566406,NYSE
ACAAU,-0.0393709804410447,0.3557299477015219,1.0145201516583047,1.1755294659518967,,10.149999618530273,0.0,NASDAQ
STHO,-0.6925212207947062,-11.753847171098752,-5.905511482535141,11.335400080126924,,8.770000457763672,841534.1639251709,NASDAQ
VAI,-0.9242135420475694,16.77560010742343,56.496350237935665,74.30894423038569,,2.200000047683716,120806.4026184082,NASDAQ
AXINU,-0.6782209187315535,-1.4118766951460637,-1.568334878573019,2.5680947135920063,,10.600000381469727,2120.0000762939453,NASDAQ
BZAI,-11.899547355845208,-4.8960442002589755,-65.2583771243286,-73.93407848862121,,0.4359000027179718,1229876.6011686623,NASDAQ
DINO,4.24355091360431,7.089854069953949,52.62737459127531,79.78005509296055,,115.22000122070312,256490092.51739502,NYSE
RILYZ,0.5312651916334898,-5.275317179331784,6.741882228000096,19.402987147279948,,19.600000381469727,188532.4036693573,NASDAQ
MORN,-4.001019620481594,-12.285331514100296,14.494623017418352,10.236932058041393,,189.16000366210938,56040353.52493286,NASDAQ
KPTI,-44.20960214625854,-48.988221994451074,-90.19448463992632,-83.51384108096903,,0.6704999804496765,1326818.8863128424,NASDAQ
WHWK,-2.965659214601557,-19.368785114170638,-12.193974210698133,7.9282414713307325,,3.700000047683716,1069799.5137870312,NASDAQ
EJH,22.32215918263325,20.645158747356483,-8.657958463868153,-28.35249095519492,,1.2400000095367432,50148.08038568497,NASDAQ
ALL,-1.5244220707540057,-13.749129378369107,-9.021944612833988,8.320279280252606,,224.7100067138672,444644701.075058,NYSE
GVA,3.3564238459437457,-1.9465569512760128,-21.232465278746815,-2.2660765695010965,,118.9000015258789,143157266.43717957,NYSE
RIVN,-2.826575505597906,-7.090986890527762,-18.06437079724519,-2.128506708522271,,14.600000381469727,380410952.33940125,NASDAQ
LIN,1.476946890187003,-2.30590161255394,-11.148744053079163,-4.479870719908529,,482.3800048828125,1349482182.659912,NASDAQ
PMTW,0.07715384010875681,-0.8979216194796025,0.2230370311117058,0.5843831102799513,,25.110000610351562,475834.5115661621,NYSE
LB,-0.9211588652029645,-5.127908712205176,8.518918021234544,20.235892738543647,,83.58000183105469,11945838.921707153,NYSE
CCK,-1.8534940884117557,-9.159702815177084,-5.631046478975565,4.389400318817338,,106.58000183105469,104907761.60232544,NYSE
TMO,-0.5089685382148934,8.86867357681309,29.792991317530348,36.510383047720296,,676.760009765625,1425942815.2163086,NYSE
TREO,-18.621455824661982,-41.92780609777314,,,,2.630000114440918,114581.21498584747,NASDAQ
GNK,2.279114235590507,1.6612541346530785,8.616376225969669,16.010340410043298,,27.600000381469727,11373518.55719757,NYSE
COFS,-0.042633348809117955,-1.9769464058160824,-2.7955467995957495,16.0596839749507,,33.04999923706055,1702636.8106956482,NASDAQ
PN,-4.475474427793269,4.54545395093684,-30.701300005463196,-50.149476689924,,2.4200000762939453,949220.8299255371,NASDAQ
RGLD,-6.4336167450186,-9.687780026981052,17.43069673866764,-8.219018002133073,,233.63999938964844,160616752.14041138,NASDAQ
GFR,-5.066224313358436,-7.156734414655286,3.1294959697483637,-8.868405572216476,,5.989999771118164,2748044.1749954224,NYSE
REG,-1.7690165482386888,-4.975133032123457,-10.328214215501708,-5.5223919225965705,,71.33000183105469,108204474.2576294,NASDAQ
ALZN,-17.440605710881798,-7.85826137684702,32.266438373313754,50.19646991305582,,1.409999966621399,35847.839151382446,NASDAQ
RFIL,-1.742497084969341,-20.765028629306304,-56.86816077062641,-23.076924258348384,,8.420000076293945,1005019.6291065216,NASDAQ
RH,-3.258548023060881,-18.311386240139825,-27.47303036215374,-2.3378750288622574,,117.44999694824219,101097433.87313843,NYSE
FOXX,0.9810870630730495,-4.575702631584955,-23.160747419427487,-50.822642836041354,,2.509999990463257,8147.459969043732,NASDAQ
NSIT,0.5220357276303211,1.978278129546851,37.0663472479404,137.08684089313388,,159.38999938964844,56098266.625183105,NASDAQ
HLIT,-1.0944882843144876,-8.288225091916567,-26.29146055689342,19.42731646758191,,11.220000267028809,16706625.277606964,NASDAQ
ECX,-12.671533030588144,-9.019006992916967,-24.038094558701395,-5.943394986419914,,0.8325999975204468,947457.1671783924,NASDAQ
LOCO,0.7173994571850528,-5.690202243895648,-14.117787759246248,2.6817710004095385,,14.399999618530273,3062620.7188682556,NASDAQ
XCUR,-7.803700912314538,-10.747661000412545,-41.886408924573324,-72.86674869403791,,1.0700000524520874,18860.890924572945,NASDAQ
JCE,-0.035647202970523484,-1.6368499136709014,2.8861447928822725,14.136483669876476,,16.770000457763672,506101.84381484985,NYSE
CXW,1.6303337149836672,-0.8733914831474565,8.170106714238301,68.49595861582611,,33.72999954223633,84645602.50123978,NYSE
ELAB,-24.691089075408566,-33.98452778733911,-72.47580674386793,-94.84596807585761,,3.2699999809265137,132997.43922424316,NASDAQ
KOF,-2.487190664865657,-4.0662771113641245,0.5997796909186448,9.538971345729186,,108.1500015258789,13274547.487289429,NYSE
MGF,-0.36845948182595567,-5.586590206893549,-5.388378540378391,-7.7133111856311665,,2.690000057220459,65999.15140390396,NYSE
AHMA,-1.3254773651671492,-3.1091799876512005,-38.8127841304414,19.642862160595165,,1.3200000524520874,19173.00076186657,NASDAQ
XPO,2.092716840762976,-3.8777961594426813,-12.275225197544737,-8.425210292053487,,182.86000061035156,251478215.839386,NYSE
ENLV,-28.262317064684762,-65.90189835514191,-94.52906826987414,-96.88898510665518,,0.3619999885559082,152681.09717321396,NASDAQ
CNQ,0.2014265815245997,-5.925460768367053,20.535085924565855,-0.6904008721066779,,48.310001373291016,378960221.10256577,NYSE
FNV,-6.949091370361559,-8.58185874742371,13.72340996737844,-3.8717793109992793,,240.77999877929688,105549283.3848877,NYSE
RDN,-4.822561320484153,-11.424162107447644,-15.246634925754998,-3.6928273951648993,,33.5,91964233.5,NYSE
WSC,-4.242560598990519,-14.072155489098058,-36.15697994614654,-0.9079426657272016,,17.06999969482422,53903371.9163208,NASDAQ
UPBD,-2.3472433340510857,-15.822715075003146,-23.57115012066744,-12.33136211574708,,15.720000267028809,25893701.479845047,NASDAQ
NMFC,-1.0250559733779196,-7.4793704784871125,-2.578475528097146,-11.099743443315269,,6.849999904632568,5019871.730112076,NASDAQ
SNAP,2.22387275199023,-0.14482072839103743,17.71233479007117,20.64742012012917,,5.610000133514404,131450516.16843796,NYSE
CHSCM,-0.20490697725096263,-2.1156847571536463,-1.874998990250254,-2.244795900178631,,23.75,991990.0,NASDAQ
BOC,-2.4776117125553943,-5.221932627765591,-9.962795137525237,7.96430875473646,,13.220000267028809,2790160.376358032,NYSE
ARBEW,,,,,,0.014999999664723873,9379.499790351838,NASDAQ
DTI,-4.575435283920948,-9.781760770122883,12.926831347541023,-45.708255276968146,,2.359999895095825,150077.11332893372,NASDAQ
NIC,-1.4234943488214191,-3.115452625655235,-1.3133379873223827,10.74404795706454,,164.6199951171875,26510404.013671875,NYSE
AMSS,-35.72647148307837,-46.04197485702392,-76.70255870285449,,,0.4253000020980835,41734.68920588493,NASDAQ
TGL,-31.085192399805628,-46.00715187534351,-65.25185366027205,-63.58520893542756,,1.2599999904632568,97129.61926484108,NASDAQ
EGHAU,0.0,0.0,0.0,1.8147046374165976,,10.65999984741211,0.0,NASDAQ
GAM,-1.506621309644185,-4.673933848777767,-0.8378492017580119,8.614219463704199,,63.95000076293945,1345060.3660469055,NYSE
SEVN,-5.634573156465173,-8.146965882403268,-18.458992116577722,-15.399705184141343,,6.840000152587891,2079873.0463981628,NASDAQ
MWC,-5.598667012805336,19.760903383099325,-52.082159660727,,,1.565000057220459,491890.4729847908,NASDAQ
HTHT,-0.8716455303052206,-10.05995298120883,0.484537772978233,-16.991719803051264,,41.77000045776367,68156903.37694168,NASDAQ
GSRFR,-0.5529959557397657,33.705078705605175,-8.636747389155042,-11.918368399515577,,2.259999990463257,0.0,NASDAQ
VMI,0.6421433134448762,0.047599816230992076,-15.79259867153806,17.903435358225938,,476.8500061035156,71342483.11315918,NYSE
MSGS,0.6164638781079645,4.955230617492168,2.8642378253096235,26.459220581701757,,400.32000732421875,101072395.12921143,NYSE
ULH,6.373019065520036,-4.913635842390018,21.71106774539866,-16.204971188701833,,17.6299991607666,1932353.6880149841,NASDAQ
ATRA,1.573706045403367,-4.7732693588699355,-21.117901022454056,82.26743990327017,,9.399999618530273,369579.78500175476,NASDAQ
MMYT,-1.8844756392146222,-19.613490512307152,-18.93282041805372,20.596499747255457,,45.0,80760420.0,NASDAQ
OXSQ,0.946371350028663,-5.325447439099696,-6.432752716716905,-28.251122334751898,,1.2699999809265137,935918.8659439087,NASDAQ
HLF,0.5358881521839942,4.454191613394243,-5.133312082441421,-13.630024051138978,,12.5,12879075.0,NYSE
RBA,-0.8157123261666843,-2.6241782344116005,-28.286817082296366,-15.42983606127084,,82.30000305175781,147838046.78196716,NYSE
PUSA,-10.214477006158107,-12.967774866540438,-13.95169531781687,-8.895538521670954,,2.8949999809265137,8384614.744758606,NASDAQ
GFI,-9.656698118389661,-21.76294197045673,5.27546886607535,-21.769745281548325,,35.689998626708984,82727453.86678696,NYSE
NWAX,-0.0496073395699681,-1.0218107886146521,-0.731162850421907,0.55899136177473,,10.0600004196167,631456.1663389206,NYSE
FVNNU,16.45818645907877,11.211605311692585,18.275857294327412,20.797034859492136,,16.5,83985.0,NASDAQ
RCS,1.9878325857016765,-4.228571860384767,-8.548561103534059,-5.9483713977410035,,5.039999961853027,427986.7167606354,NYSE
GIL,-3.8679097495561643,-19.811248146964623,-19.153708206995034,-23.92356776863399,,40.68000030517578,80135247.84116364,NYSE
LYG,-3.011203285715236,-6.984551596775224,-7.697433939225307,8.499806407473699,,5.460000038146973,80472985.88223457,NYSE
OIG,-1.9167998485322468,,,,,9.140000343322754,3073507.9154491425,NASDAQ
EVAX,-1.891395405041163,6.208720633610132,-1.951219093792489,-15.077896959506454,,3.1500000953674316,120443.40364646912,NASDAQ
GENB,-10.233660816733225,-9.074801825912704,-14.394661478460202,13.72486778733235,,13.90999984741211,15572564.759174347,NASDAQ
ADAC,0.17807518595471805,0.35678571874151466,0.7762707610425412,2.2828305285995443,,10.149999618530273,1014.9999618530273,NASDAQ
ABVX,0.42718829804999636,-15.364494856326981,-31.494480163694394,-15.633067100744313,,91.7300033569336,77067971.35036469,NASDAQ
DMC,-2.867895216017624,-6.214760144514941,6.366350097926099,-26.786325253215992,,29.899999618530273,11301571.955812454,NYSE
AIIO,-14.54046404824414,-37.762236321496175,-71.06363178090172,-22.41593995331701,,1.1100000143051147,567706.177316308,NASDAQ
IPHXU,-0.09924611080048829,-0.5335977385931945,,,,10.069999694824219,314546.5104675293,NASDAQ
EHC,-1.5606952248659378,-0.3295544438853715,14.856448039352511,22.403221461174883,,120.97000122070312,128425987.24594116,NYSE
GPN,-4.568753075649079,-11.29155573713767,6.455251481547197,23.71589247365895,,82.18000030517578,198964601.6788559,NYSE
HNI,-1.3152305744958293,-3.725164007510029,13.952578633138945,41.65651717908947,,47.08000183105469,30690699.913635254,NYSE
GIFT,-15.401979231744056,-32.010437833733796,-43.6941757700116,-44.16530487283672,,0.5748999714851379,147046.7649065256,NASDAQ
COKE,0.1628188679083875,-2.6891053978254087,0.8055729496132313,-1.819398499224556,,194.25999450683594,89883710.93832397,NASDAQ
MOVE,1.1863229392814922,-9.445744432671132,-38.84114578645704,25.02222183803513,,11.350000381469727,1057956.2355575562,NASDAQ
NTSK,-2.718997543888668,22.31872116035789,51.46808051407636,104.21174634431054,,18.420000076293945,58809644.76358414,NASDAQ
SPRU,-15.082643872405422,-8.869179090997193,-34.13461525603042,-59.68612118585821,,1.559999942779541,91732.67663526535,NYSE
MAS,-0.5165761867322427,-4.790235551426725,-16.074944338160257,14.205786198170145,,68.45999908447266,100529401.05560303,NYSE
CYAB,-12.033898778103513,-53.8666666066205,-48.613860756553215,-89.19875144581579,,0.20800000429153442,2254974.8465254903,NASDAQ
DLTH,-1.8091686343536306,3.8804404975119278,-11.16591733024903,28.469520643214352,,4.099999904632568,546534.087287426,NASDAQ
NSP,-2.469492205173063,-9.534588639941944,6.910311787068557,69.71136460022225,,47.560001373291016,21602085.543758392,NYSE
SWVLW,,,,,,0.006099999882280827,371.569292829372,NASDAQ
SOR,-0.7568079388135196,-3.3922948374319972,-2.6626971558627366,-0.7393374527407959,,44.959999084472656,467134.3904876709,NYSE
FRMEP,-0.027766637496817737,0.4984478967537731,-1.2885764100208363,-3.614039113223211,,25.270000457763672,60673.271099090576,NASDAQ
HACQU,0.0,0.019703129121162455,0.11836172413026702,1.1964077341675594,,10.149999618530273,0.0,NASDAQ
UMBFO,-1.3771553065341058,-2.9679656926264286,-3.327536472542869,-1.0871673153634576,,25.3700008392334,273793.04905700684,NASDAQ
AGNCZ,-1.1816182311660706,-2.9196799507042903,-1.444331062073334,-0.27302670096616133,,24.65999984741211,4075188.274784088,NASDAQ
COOT,-5.206507961820317,-15.594354886733308,-17.911847484975716,-22.635340951863657,,0.45419999957084656,22020.524379193783,NASDAQ
AEFC,-1.0385284205911671,-0.93896942837427,-5.783543020354109,-7.2430415714156755,,17.65999984741211,1292341.1288337708,NYSE
SJM,-2.9383170479417076,-10.061537748185124,3.5951740261883858,23.2717307244495,,116.2300033569336,111614161.23361969,NYSE
REBN,54.772143128105675,44.000004653930745,13.493064860586301,-17.127070834675685,,2.0,740512.0,NASDAQ
HRTG,1.3050334549961962,-1.1965449568869135,25.11141322760149,29.060686332777408,,33.9900016784668,6043150.378417969,NYSE
NXGL,-24.63267156722968,-50.31339052481092,-67.96473207186664,-71.93434194419339,,0.17000000178813934,49059.96051603556,NASDAQ
PFXNZ,-0.44027303002602824,-0.39890263021041816,-0.12499650518095207,1.199023820148315,,23.940000534057617,17069.22038078308,NASDAQ
WVE,-4.870623023188225,-23.438136326440272,-38.74550844642002,-46.53550000957889,,3.75,13127790.0,NASDAQ
NCA,0.1430602412455073,-6.811627699856282,-10.600256371525841,-9.89058260026654,,8.270000457763672,1524409.1843795776,NYSE
ETJ,-1.426842096923897,-3.4580768093626646,-2.60454036476071,0.6917013088237889,,8.140000343322754,3037896.9681301117,NYSE
HMR,-6.111111905839706,25.55720511926136,42.01680438244602,106.29882858827386,,1.7200000286102295,105506.52175498009,NASDAQ
VMET,-6.078304973986026,-14.86274494844324,-25.625214129532793,-11.024588616552332,,8.529999732971191,1998698.3574314117,NASDAQ
LTC,-0.13062868952058437,4.0134077312667715,10.01644468211531,13.534869661272486,,42.43000030517578,28867505.287628174,NYSE
GVH,1.8248157319190161,10.495051398088929,-75.40766844934554,-48.381127914413504,,1.1100000143051147,24459.96031522751,NASDAQ
QNT,-5.790885672637247,-3.8055469051828106,-40.55830778530451,,,45.529998779296875,104043696.25048828,NASDAQ
APC,-8.870293018686704,-16.697629383048486,-18.73134311058958,-15.3000005086263,,15.770000457763672,4199078.021888733,NASDAQ
NMR,-1.4904382868053068,-5.065996779572179,7.37650645210397,22.889445340018376,,9.75,5709863.25,NYSE
PTY,0.6805221258928018,-7.015457882732901,-9.46079938760418,-9.235615413812038,,10.800000190734863,26074991.260500908,NYSE
NDLS,2.9983188371528025,-5.647419916681262,-6.369072359093986,57.16619907537226,,13.079999923706055,377619.5977973938,NASDAQ
ZEPP,-5.17158019629581,-17.319850503415836,-24.27634117674945,-66.89166417519387,,3.859999895095825,100101.37727952003,NYSE
LATA,0.11776333849733422,0.19642206353875924,0.9499317385839756,2.1221230108157574,,10.210000038146973,137835.00051498413,NASDAQ
PTAC,-0.3601465658852887,0.020086729775825596,-0.5988065556445155,,,9.960000038146973,0.0,NASDAQ
PSKY,-3.0798184040897847,-9.963203086514705,-3.0029739327065985,5.100940770190299,,9.774999618530273,309456361.1984539,NASDAQ
EDF,-4.711839955625918,-6.6030535559840065,-12.293907861832952,0.32800100755554507,,4.679999828338623,1923330.1694526672,NYSE
RXRX,10.744235574945261,25.103614328236603,11.56283277424135,38.73933614967826,,4.78000020980835,319698383.1525078,NASDAQ
QCLS,-12.141108034301551,-62.58293746431913,-79.47217895710928,-76.86107884797207,,0.6804999709129333,313326.6846072674,NASDAQ
INM,-2.3878414390848812,0.22288239801897536,-15.47618786195163,104.20830089334423,,1.3300000429153442,38507.49124252796,NASDAQ
SEZL,-0.43287231085835653,-9.884038890865376,-38.65269091261885,69.84139546484194,,110.8499984741211,70154968.7342987,NASDAQ
NGEN,-6.943743451268281,-19.895288056146455,-11.645811771347535,-55.241347021481246,,1.809999942779541,798278.7547636032,NASDAQ
NOW,-1.5323076357719567,-6.371272897694846,26.810170846705738,29.76755739849697,,136.0800018310547,966082690.8393402,NYSE
ABVC,-8.258528611492554,16.719962087197835,-43.66041970555069,-6.048909188439988,,0.9800000190734863,91581.98178243637,NASDAQ
AIIR,2.7740390787130975,3.3026537111188192,13.251223187426909,-25.960420703221732,,7.690000057220459,67687.38050365448,NASDAQ
PMEC,-10.465903466957894,9.541509551022642,-17.28010059687565,-24.16356973634397,,0.5899999737739563,72482.0867781043,NASDAQ
SOWG,-2.3769097798795435,-32.19339637892787,-44.20184348115189,-60.68376068376069,,2.4000000953674316,43982.40174770355,NASDAQ
FICO,-25.98678275235986,-42.68110117372545,-48.507280173037216,-39.88771912600975,,689.6099853515625,805127933.2177734,NYSE
FRSH,2.1370894826103326,-4.82371965176579,25.47646714966629,58.48686061183961,,13.220000267028809,46623120.36173344,NASDAQ
KBON,0.06947860659991534,-0.2966802306843097,-0.3656533699017528,0.21868149317332275,,10.09000015258789,252250.00381469727,NASDAQ
UTZ,0.16856552215565035,0.394200602137329,76.33531444003245,83.2219967972764,,14.279999732971191,22249282.023949623,NYSE
RTAC,-1.8273123458811824e-06,-0.7228459513921814,-1.2488171325598874,1.4382910422787276,,10.430000305175781,1050290.600730896,NASDAQ
BMBL,-4.035875901740759,-7.292418753919494,-19.750000536441814,-22.836538358211257,,2.549999952316284,4489693.116044998,NASDAQ
CLPT,-23.38763050441276,-21.771467498805418,-36.2604655670817,26.725081393960572,,11.520000457763672,8754117.46785736,NASDAQ
AMTD,5.067884470971951,0.7412322145496253,-20.37169241469683,-23.178687455968216,,0.7718999981880188,3589.3349915742874,NYSE
PMN,-17.28045168660587,-26.009836136461594,-26.152930458003866,-19.999999692611013,,9.369999885559082,354813.78566646576,NASDAQ
HLXC,-1.0213577354001968,-1.1681812015882698,0.8896447360083881,4.468835270742111,,10.569999694824219,9512.999725341797,NASDAQ
LAMR,-0.08448154097981941,-4.254699627827052,-8.475522154812742,14.117142056184617,,143.92999267578125,129165078.3071289,NASDAQ
OXLCN,-0.3350924846095782,-1.0993817861840838,-1.2290927163485676,0.5222068217172193,,24.324800491333008,54609.1771030426,NASDAQ
CTEV,-8.905443332313412,-43.14012891128397,-31.360948556237865,34.75449082099882,,24.68000030517578,5511438.948150635,NYSE
GPCR,-17.6094516438689,-37.08342206087616,-45.23686370537129,-40.13572454470796,,27.59000015258789,42816341.84679794,NASDAQ
HCKT,3.286108001421395,-5.508551591557098,-3.2442417541320823,-19.764599595354614,,10.819999694824219,1649162.7134857178,NASDAQ
ACXP,-5.670106395957541,-10.042136967823668,-16.92607236718168,-65.03821074145965,,1.309999942779541,143367.70373773575,NASDAQ
PAR,-1.3152365704089064,-25.111486635709348,-23.06097891573503,5.773845776618702,,14.619999885559082,12708566.480521202,NYSE
TRIP,1.2401609833166738,-11.099476839235333,-38.78875331541059,-20.594839091455597,,8.789999961853027,31721826.522333145,NASDAQ
ACCV,,,,,,16.459999084472656,39789743.38684082,NASDAQ
RILY,-14.731367546661245,-29.290024695477314,-38.36131249910616,-30.014223855686794,,4.880000114440918,3895508.891353607,NASDAQ
RFM,-2.1017335216920174,-10.242266435684355,-13.310855000218002,-8.197656181229506,,12.779999732971191,291268.9739141464,NYSE
EOS,-0.41152313294393617,-1.261126414255087,-3.4720333081758037,4.05550632426892,,21.260000228881836,5398594.378120422,NYSE
KRYS,-4.093600839036959,-9.105631341816578,-11.363343782303325,28.217758706201913,,334.8500061035156,112858515.75714111,NASDAQ
KELYA,-2.423069887526974,-4.528214289396415,24.022173588845796,82.75470347859573,,15.800000190734863,3216674.6388311386,NASDAQ
OPI,-7.946010975134666,-11.368516720123367,-5.608377413080657,,,15.399999618530273,961776.1761760712,NASDAQ
USB,-2.1702962326265895,-7.5491090540472765,-7.026888795055452,9.926343717400442,,57.27000045776367,360314551.5000229,NYSE
GLOB,2.2540245298868555,-11.826722322287985,13.52933541243826,-24.209758937313563,,35.75,24461937.5,NYSE
HYFM,-0.7973824359917558,2.818394081863773,18.16853362804487,-2.9600000381469704,,0.9700000286102295,18852.92055606842,NASDAQ
PNBK,-3.6157027007036713,-12.640447632228879,-20.663265681082244,-27.223086856373968,,0.925000011920929,48137.00062036514,NASDAQ
XHLD,-94.36535939123942,-93.85911842215862,-71.62256666941627,-55.93798516563309,,0.41100001335144043,742730.0431277752,NASDAQ
CDIOW,,,,,,0.012299999594688416,13.57919955253601,NASDAQ
GLP,-3.0667947313910426,-10.1502462668426,-1.8687269443221077,6.252852224058736,,46.459999084472656,2416477.472381592,NYSE
VIAV,16.13694183798129,26.602941090936106,1.55622309663066,28.518625675689147,,46.90999984741211,225242304.70733643,NASDAQ
ACHV,-3.8648561223499467,-8.568646413352921,16.284830333811094,146.94279905758046,,7.010000228881836,11937273.309761047,NASDAQ
HSCSW,,,,,,0.09950000047683716,337.80250161886215,NASDAQ
RVSNW,,,,,,0.014999999664723873,10.004999776370823,NASDAQ
PEO,-1.0645150142689408,-4.305163020444636,11.632406605339796,1.9284549684339902,,28.06999969482422,1297339.2458953857,NYSE
APAC,0.05848086934940877,0.2343346001316693,1.2625808955797568,2.149255436584019,,10.270000457763672,21567.00096130371,NASDAQ
PMTV,-0.3174917460627036,-0.42209210785796314,-0.1937363068626241,0.1706350417364222,,25.18000030517578,1249028.7351379395,NYSE
ARXS,-2.2694800316624075,-5.243317808344861,8.611490233456642,,,50.130001068115234,53265281.724918365,NASDAQ
PEW,-6.209457103670379,-12.152777842452956,-21.732404583839816,-31.851854081730046,,1.9800000190734863,601098.3057904243,NYSE
VMO,-3.7393899359336125,-12.364240335651932,-15.060726081297771,-11.495464495204665,,8.329999923706055,3649198.0365772247,NYSE
PD,4.704597289363321,9.55924334487368,53.457612386717734,141.7429715265587,,15.59000015258789,22524603.710460663,NYSE
AFGD,2.026089861195346,6.540433267212142,12.873841953650377,11.548306084245974,,22.280000686645508,325644.49003601074,NYSE
ATLQU,-0.019763298408925767,0.1980541040255579,0.796970754880455,,,10.109999656677246,5631.269808769226,NASDAQ
BSP,-4.5123826569830054,-21.764423696158907,-19.63950828269676,,,32.119998931884766,56452182.92274475,NASDAQ
SR,-0.6412731763600577,-7.02429146621153,-2.7879668926699908,-16.069634298166278,,77.41000366210938,39235957.046173096,NYSE
BYFC,-1.9479442441158845,-2.7319694789907034,20.39175368617252,59.53551579526979,,11.609999656677246,53719.46841144562,NASDAQ
WRAP,-0.347948436349943,-12.682927744080796,-4.787232735581693,-4.9136771955173515,,1.4500000476837158,722081.1737458706,NASDAQ
CHMG,-0.5770031534743536,-1.065614983438179,8.607979068537785,50.16063114061888,,81.91000366210938,6061667.911010742,NASDAQ
HXHX,-4.941003710550229,-22.036289110456064,-20.95257409946665,-16.981535010544246,,0.33550000190734863,202076.01264882088,NASDAQ
NPAC,0.4061016247737914,0.6363466265232987,1.5072947602543518,2.6169105371552037,,10.532999992370605,7183.505994796753,NASDAQ
FERG,0.15190213275642073,-0.19079739621530312,-3.0142666298182963,-4.7772069311732945,,222.92999267578125,292487717.2705078,NYSE
GPMT,,,,,,0.7430999875068665,237039.97881484032,NYSE
CAL,-2.057742888520253,1.0866015271821183,1.9933567553845233,14.105185083442073,,12.25,4665853.5,NYSE
DLY,1.4795611271057219,-3.8305876850456277,-5.63120605252313,-3.733180226587829,,13.220000267028809,4593447.732782364,NYSE
VTR,-2.9795356030647313,-8.316272748482522,-7.921267051133651,2.2836064470506345,,81.36000061035156,614134248.7671509,NYSE
SNDK,-2.9775640864294406,12.791447722382054,-7.772057278125411,160.95695515190513,,1704.1600341796875,11010915404.521729,NASDAQ
ACLS,14.935641549864197,22.153239823021064,-12.392348774037586,45.599118503306315,,142.30999755859375,52822624.89379883,NASDAQ
ATCX,-5.806032975292497,-13.545697403452007,-19.977956432063436,-47.58122804709311,,2.75,40271.0,NASDAQ
ROIV,-2.10926939495667,4.412617795865859,1.5909730295200042,30.334394827517897,,35.779998779296875,221852558.57107544,NASDAQ
TRNR,-13.908316925306675,-25.150307750502755,-47.26320773693604,-77.29042850508492,,2.2200000286102295,22446.42028927803,NASDAQ
EMPD,4.182124003810395,-5.216324879235401,-20.015537087972778,-27.55628445439272,,3.0899999141693115,170960.4252512455,NASDAQ
QTRX,11.764706226093669,40.199848280751894,-14.285713965603419,2.356904131795323,,3.809999942779541,3930975.060962677,NASDAQ
ARHS,4.308146738415686,14.622202846264187,17.247136281197072,50.30580791590798,,10.109999656677246,16743332.191417694,NASDAQ
LKSPU,0.5478169381545106,0.16276103011803045,1.0821226891366331,3.3794486386534484,,10.600000381469727,0.0,NASDAQ
ASC,6.479092831561317,7.309081879683865,28.730179997594306,23.44379468040094,,19.34000015258789,13301317.184944153,NYSE
SGHC,-5.029141539545434,-17.083453172351593,-20.293501363414368,6.757769758883936,,11.470000267028809,32989005.40800476,NYSE
AAPL,-1.940714605404914,2.75381620909827,9.476212461087673,30.569787057024378,,332.8900146484375,11427752018.544922,NASDAQ
TTI,-1.5661439322725235,-12.629400783107359,-40.371417067824936,-30.428638871140702,,6.03000020980835,9501242.190587044,NYSE
RVI,-3.20073394850503,2.2693347962224664,-17.474850825600107,1.828453229583249,,27.010000228881836,3954291.0435085297,NYSE
CCGWW,-3.8666663934787016,-13.13252948373792,-34.454546378171145,-44.108529313319714,,0.01209999993443489,67.05819963663816,NASDAQ
DKS,0.7326832701497255,-0.7644243951844487,-41.03851806703807,-30.582548699654446,,137.1300048828125,487937080.4140625,NYSE
ZIM,-0.7996749183020513,6.489159104164455,17.640441248549244,11.928429826487562,,28.93000030517578,47346664.91944885,NYSE
NRSN,-37.628561422217345,902.5980417579389,496.71072511773764,457.5256234607516,,4.03000020980835,49226.45256280899,NASDAQ
MUX,-5.8916711779324675,-11.216258582284999,-3.13009369992846,-14.265102014531506,,17.899999618530273,12109654.041929245,NYSE
BTI,-4.06015044166288,-4.04984472186497,-12.816007673728713,-8.110146418524323,,52.880001068115234,239304584.59367752,NYSE
GPRO,3.018578546568218,15.019011522393555,81.43402436208203,79.47680913961032,,1.3600000143051147,13978516.707032561,NASDAQ
KOPN,-2.784602127322511,9.451358729781422,15.692006789398928,101.69923576918833,,4.869999885559082,13189703.150053024,NASDAQ
NRC,1.2377919819497318,0.19140477785255516,-6.174941203046735,21.803376297832045,,20.780000686645508,2445515.160808563,NASDAQ
MTDR,0.6885928430761856,-10.641494657021,4.278883611063544,-16.95275585099788,,53.0099983215332,76609466.46429825,NYSE
SDRL,-3.018492583824417,-8.971181382007376,15.66551434999841,-1.711729842287113,,45.790000915527344,41457900.50891113,NYSE
HDL,-2.915495478410146,-11.945043390268385,-7.654200623527318,-21.087363651191648,,11.899999618530273,3486.69988822937,NASDAQ
UHT,-4.176794659731565,-10.027667710778731,-16.848340347450417,-8.774610757273338,,36.91999816894531,9075673.949890137,NYSE
SPKLU,-0.821256402172299,-3.990646112494922,-5.158608490791172,3.5126086166961557,,11.90999984741211,7646.219902038574,NASDAQ
AQNB,0.7336062652101516,0.5952371595294048,3.4214924591947415,1.5718901197298463,,26.309999465942383,297013.58397102356,NYSE
ETY,0.028360081466738407,-2.4474537581361644,-3.0773441662560352,2.7078200253142226,,14.180000305175781,7080357.752380371,NYSE
EC,-0.15615743559971307,-2.589946026483003,14.569264939114458,11.540527901737473,,17.25,35593736.25,NYSE
CVE,1.188105107146109,-3.0220985828624203,27.547964885391707,19.038985350464287,,31.469999313354492,382387398.50667,NYSE
MOLN,-6.993340715235075,-9.928585589161587,-1.61046649636436,-1.2326953510449212,,3.9200000762939453,2947.840057373047,NASDAQ
ASX,3.964117270978096,22.933517492727674,7.7623849354658825,108.84601501177818,,47.529998779296875,219509266.79238892,NYSE
KCHV,0.1626968964667963,0.21065026327311553,0.8576654001371864,2.1272446476517715,,10.479999542236328,377929.74349212646,NASDAQ
DORM,0.5436293944886206,-4.304051058120006,-10.68507462237397,19.928339789586236,,123.44000244140625,35203360.53625488,NASDAQ
EVMN,-15.119183090179234,-40.50914601763197,-42.27265538608004,-67.68645655863862,,6.650000095367432,9078387.280192852,NYSE
MKLY,0.12085116682107877,0.2830953014093085,0.9730702582012807,2.422735976637158,,10.289999961853027,1312438.0451345444,NASDAQ
COP,-0.5094015939202112,-5.826328755628573,20.77949074094432,-3.4526970444212712,,128.39999389648438,728776922.5574646,NYSE
AUROW,,,,,,0.028599999845027924,722.1499960869551,NASDAQ
GAINI,0.13232769095750108,-0.16805589860506842,-0.6253658329737788,-0.1688394474087196,,25.350000381469727,274743.3041343689,NASDAQ
AVX,26.215806137430576,88.32199315552165,22.900479216930016,-0.7765851310269523,,6.320000171661377,1634813.4044041634,NASDAQ
CTRN,-2.781813778771758,-27.190064801023063,-12.181008883797094,13.178119718573678,,47.86000061035156,3684406.4269866943,NASDAQ
MTEX,-6.7637887873353675,1.8760641665589217,39.13043301201431,18.71480147369371,,7.429999828338623,99257.36770677567,NASDAQ
JMKE,-4.883349075576138,-20.82817641092145,,,,16.09000015258789,49307017.057598114,NYSE
CBK,-1.3680198990010384,-7.424928227558524,-4.714817298434404,18.88536538220247,,31.274999618530273,1026351.662481308,NASDAQ
LPLA,2.2503357088210496,-13.207758063766939,6.203204430189224,6.494139752142969,,331.9800109863281,448312114.45614624,NASDAQ
FBRT,-11.522521543348619,-24.141200011486564,-19.769482268826334,-24.230951128117074,,6.170000076293945,10588491.380929947,NYSE
BDJ,-1.5062767333070881,-4.754198689663425,-2.1205811568541733,8.479258869374284,,9.34000015258789,6655740.148735046,NYSE
MRCOW,-0.6535941346849206,-4.999995343387031,,,,0.30000001192092896,0.0,NASDAQ
AIMD,-6.102676002859986,-11.539508086596362,-33.54145298676008,-8.67791971041566,,1.3300000429153442,40003.741290807724,NASDAQ
SUMA,-0.08033925599114644,0.38337284590543863,0.3833709142459618,,,9.949999809265137,0.0,NASDAQ
ELS,-2.149092588172563,-7.808149886802163,-10.632685681416165,-7.714719066741605,,58.4900016784668,122094018.16368866,NYSE
MBI,-2.0748761234279156,-8.896350510963114,-35.19403065931931,-25.853825537629405,,4.46999979019165,1348487.1867060661,NYSE
QADR,0.20028498303077402,0.26052510073735213,0.6639856713215764,,,10.010000228881836,2002000.0457763672,NASDAQ
MLYS,-10.500857802977936,-10.354084944989594,-14.793823909421999,-9.038652713894123,,23.299999237060547,25140815.676784515,NASDAQ
CME,-0.8369262516776943,-6.638116396930071,13.706035445319763,-11.976984970019078,,270.0299987792969,417751259.7615051,NASDAQ
MVST,-6.62008909358568,-8.978433385272034,-44.02094263798798,-56.77088996577826,,0.6155999898910522,1840283.22818017,NASDAQ
JMM,-0.36062164226808857,-4.658387975174049,-5.956436073707339,-5.956434547381062,,5.539999961853027,61488.45957660675,NYSE
TBBK,-2.825582825685413,-26.254400967842162,-24.509529780897388,-10.823813624879119,,48.33000183105469,30063725.9690094,NASDAQ
DTF,-0.4433426989256528,-2.7542008296024822,-2.2802427681315796,-1.577839444481366,,11.220000267028809,174280.26414775848,NYSE
CRM,-1.2235453059514567,-10.5923371353977,40.7808377838367,24.286406562124174,,229.7899932861328,1461927154.346283,NYSE
BHVN,-3.457406824427156,-15.839423602516078,-16.086955243881295,45.43439939199878,,12.970000267028809,21682351.516400337,NYSE
APLMW,,,,,,0.010400000028312206,526.6456014337018,NASDAQ
BYND,-13.739495608069351,-34.25140024816301,-62.49200632395757,-56.0761653608429,,8.0600004196167,6669368.247218132,NASDAQ
CRAI,4.553301420801725,-2.081913720631512,14.473844749090325,4.3344976287189585,,171.2899932861328,15497976.012542725,NASDAQ
AUID,-0.28985422532078475,-6.394559255619347,-64.41379387526109,-66.21931299745124,,0.5019999742507935,1915736.317735672,NASDAQ
ACM,-1.8939029487301084,-11.692254714184724,-13.121617282462172,-29.899391345777847,,59.7599983215332,93585472.09148407,NYSE
MAKO,-6.710734240784766,-6.971633523499854,22.26306391424422,47.51346562772856,,9.079999923706055,1236577.9496097565,NASDAQ
ILMN,4.511466777945472,28.645706207620503,47.474025327673175,120.21188558302379,,293.69000244140625,1239647585.2150269,NASDAQ
HIVE,-10.054842375824169,5.654976368315712,-12.662722264128877,56.52174242821588,,2.9000000953674316,27963398.819585323,NASDAQ
NAMS,2.9503911235015723,-7.296239298948337,-32.70565635307351,-26.64641024414879,,22.799999237060547,26957510.697940826,NASDAQ
BHFAL,-1.5045896640529688,0.285770451212497,-1.5045908618665504,-7.850034428757957,,15.250100135803223,267334.2553806305,NASDAQ
NXT,-0.07172891636647583,-3.02455612331749,-29.373610710863886,-29.689511607480146,,82.97000122070312,152117283.20803833,NASDAQ
PCB,0.9516195462693888,0.7978533328437898,-3.0419316351582903,21.999823983418022,,28.030000686645508,884710.9116725922,NASDAQ
KD,-1.5321750460285166,-12.628398309311184,-3.968122735587598,-10.547478674479427,,11.609999656677246,51305923.63281727,NYSE
SUNC,-3.4530590500922442,-5.0806863521531636,7.84909956969948,20.221019150909257,,71.0,40499678.0,NYSE
LOPE,2.872191765787613,1.6182032673769386,1.7549681343359103,-10.505715165360385,,154.92999267578125,53856299.26397705,NASDAQ
ICMB,-6.963788532074721,-4.525963317841619,-19.582663678015134,-48.8122598305797,,0.7080000042915344,49984.80030298233,NASDAQ
PENG,4.655307938563413,18.617985548403503,-14.606040936977827,209.00590568834488,,60.709999084472656,159644470.63250732,NASDAQ
MRCOU,0.0,0.2993985189686077,,,,10.050000190734863,0.0,NASDAQ
MNRO,0.23045046270375735,10.706332215342629,-19.090800529826467,-12.454396186013017,,13.640000343322754,11154464.920761108,NASDAQ
GFL,-0.4673358777017911,-1.8665669167016063,7.75982379088187,-2.9841042521249195,,42.279998779296875,151109518.95718384,NYSE
RFL,-20.525783360222515,-37.3705175763412,-48.6610055931971,28.01302736179323,,1.4700000286102295,155909.67303442955,NYSE
FCNCA,0.18294481285276998,-4.673456243053986,-1.1767295369544462,9.629433428921107,,2091.070068359375,140718560.25024414,NASDAQ
GEMI,-10.761529405160031,12.992303602238131,15.182279419796352,16.74462069477718,,4.769999980926514,6736790.223062038,NASDAQ
CWT,-0.9645744000530865,-8.729969493978873,-7.3336581723728145,0.06118486446395899,,45.84000015258789,32173079.147094727,NYSE
GENK,-3.695015292628945,-13.850995115508734,-16.138916546093597,-4.479347007704638,,1.6100000143051147,32911.620292425156,NASDAQ
FULTP,-2.0387259911714084,-2.9917871382618144,-3.6485084376567833,-4.537908442285843,,17.170000076293945,141206.0806274414,NASDAQ
HG,0.7597491117752764,-4.933113932436384,-1.2777659758645754,12.324109096781077,,34.15999984741211,12515335.784095764,NYSE
KREF,-1.6481789369889754,-17.931764665614892,-11.696074474092999,1.0749183249390892,,6.079999923706055,4927128.578172684,NYSE
LARK,-0.7973663669736175,-1.284634142304597,1.4365220881007223,24.22537596866452,,31.260000228881836,219476.46160697937,NASDAQ
BAND,3.1504377187686616,28.345547296748386,-1.6471025807765938,249.04815186032283,,62.529998779296875,31982093.415649414,NASDAQ
PAY,0.3979376993670236,-14.390610654368597,15.462525893699585,22.64902787693095,,31.6200008392334,27995589.86303711,NYSE
AVEX,-8.213221383724301,-12.372478583506496,-24.79894102636444,,,14.930000305175781,24171998.954086304,NYSE
JAZZ,-1.6305271445591685,-5.152305519082678,-3.7278389356519392,25.080543204199344,,236.0399932861328,199353713.3696289,NASDAQ
NAGE,-7.33641550411609,-11.433985623766485,-17.041419288582105,-36.446055051174284,,2.680000066757202,2317535.417728424,NASDAQ
ALXO,-9.19298205459327,-35.42914053991411,-39.81395188739582,-34.147583524609125,,1.2100000381469727,2164212.118229866,NASDAQ
INN,4.256801534716881,2.5746636886142316,-10.859190997109602,37.37930648628323,,5.989999771118164,5870637.045679092,NYSE
AZUL,13.549385406934288,-0.29810204984540567,-19.79507020847775,,,7.510000228881836,2834799.7863960266,NYSE
TWOD,0.14460370452706872,0.9815729284456953,3.4108757097187414,4.0240305718622915,,26.329999923706055,5350255.98449707,NYSE
CYCU,5.722073575129838,-10.081109836015244,-31.303113749662636,-61.795981301700905,,3.680000066757202,4773328.086590767,NASDAQ
SPKL,-0.6558510716919153,-0.44967178479025094,-8.692892680127539,1.6781483819511278,,11.5600004196167,634632.4630365372,NASDAQ
DNUT,-2.828281709289404,-15.465727231350346,-17.824599361065363,-15.117647644557742,,2.890000104904175,5118054.355780363,NASDAQ
SAFX,-19.03036202816334,-10.675310960907701,-25.185520467553935,-11.724505740097557,,0.3003999888896942,1224386.4963160157,NASDAQ
KLAR,-2.921625292793417,-12.886668208367402,-37.011032184968506,-3.931466573846454,,13.09000015258789,75534824.86049652,NYSE
TROO,-6.345733521040575,-22.673895121585495,-25.305410870106314,-20.887245881765224,,1.6399999856948853,190289.19834017754,NASDAQ
KGEI,-4.34916676382604,0.7472369742318463,30.18471935070073,15.193165726014435,,6.420000076293945,1330519.335811615,NASDAQ
UMC,1.548364188594764,24.647393777021787,-1.974512468511569,183.7204034433289,,23.920000076293945,760467058.3455448,NYSE
WHR,-6.403001508363404,-22.88942943213107,-21.094112372142614,-43.813461879838265,,30.030000686645508,90217989.922863,NYSE
BAP,-2.073207403215993,1.2068099322390946,-2.7201544274937706,12.804704478809303,,378.07000732421875,150186420.05950928,NYSE
MHO,-3.082018316216828,-9.124668215294074,-13.373408508988781,10.617068228201898,,132.0,32079828.0,NYSE
LNZAW,,,,,,0.010499999858438969,0.020999999716877937,NASDAQ
CATLR,2.1052643136634908,,,,,0.20000000298023224,0.0,NASDAQ
TLNCW,,,,,,0.47999998927116394,578.3999870717525,NASDAQ
EXYNW,3.370786648539492,-35.21126688141548,-66.30036647031339,,,0.30000001192092896,259.8000103235245,NASDAQ
BCS,-2.7698820062177942,-9.830509336654758,-13.084520915908481,11.952862799765196,,23.59000015258789,188059080.18642807,NYSE
HIMX,1.482310768228734,6.988056547445098,2.081867406188853,80.8372775675863,,14.710000038146973,15088797.249129295,NASDAQ
PCM,1.254047015565507,-6.534727357317383,-12.082894362331043,-12.359943067379575,,5.0,218195.0,NYSE
TVACW,,,,,,0.2110999971628189,3040.262159138918,NASDAQ
BFRIW,,,,,,0.014800000004470348,4.158800001256168,NASDAQ
BLZE,1.742109031521677,1.8832116231431106,-11.635857782165305,294.96321256661014,,13.880000114440918,16802739.49853897,NASDAQ
IRDM,-0.7451033975004351,2.94167685895399,-10.033583285203617,62.1234499842713,,48.439998626708984,51587823.49746704,NASDAQ
TAVI,0.055926919134829944,0.5791959456764806,1.0794984899186622,1.9695153248743713,,10.770099639892578,3597.213279724121,NASDAQ
LTRYW,,,,,,0.002899999963119626,414.14029473322444,NASDAQ
VIR,2.9185007056542256,-0.4968939411081563,12.005591739572608,25.830336550286148,,11.779999732971191,37070928.799676895,NASDAQ
RSVR,0.08392774230190359,-1.6900260526838573,-5.805688219046945,-1.1398948143656495,,9.550000190734863,503934.41006469727,NASDAQ
JSM,-3.72307380582364,-8.196397160019874,-7.197426337396362,-7.80143467545521,,16.527999877929688,212880.63842773438,NASDAQ
STRK,1.467066302989739,2.1517600671667747,23.344240712788157,6.372051527306333,,76.8499984741211,6071687.829444885,NASDAQ
PARK,2.1148647896867656,-1.9441757053238473,-2.5071742319202728,20.00706816510569,,21.09000015258789,284841.54206085205,NASDAQ
AUC,-0.31368898113605104,35.549321925000044,12.03162609934636,46.904405794227166,,8.449999809265137,6557.199851989746,NASDAQ
CHAI,-1.2649336752788454,-19.06681855779627,-57.007342296512654,-73.23809464772543,,0.2840000092983246,109406.17558202147,NASDAQ
RJET,-5.223882266240909,1.8444251590059801,-16.132077630960705,-0.7369359819157095,,17.059999465942383,1327250.8984508514,NASDAQ
CTRM,-5.52952552581405,-12.802766596062998,-9.189189096306372,12.311976567451733,,1.9700000286102295,60075.15087246895,NASDAQ
NLY,-8.996541968222783,-17.03470065816397,-16.063830368260156,-10.956455964346269,,18.270000457763672,281716647.15854645,NYSE
HSAI,-3.5898067569822723,-7.824763077788177,-9.821221581849105,-20.26547610796974,,15.90999984741211,12074067.064201355,NASDAQ
PDT,-0.9130875189688692,-6.954587476345142,-9.609746548726427,-10.697957202578777,,11.680000305175781,2036501.4932098389,NYSE
DY,-1.247297155443583,-7.448528724674109,-39.93649344472353,-20.584620561890254,,274.4100036621094,180251424.69552612,NYSE
PSN,-3.994975570644277,-12.429472682054755,-25.14414187093852,-24.70729777735481,,42.11000061035156,82320798.08317566,NYSE
NBHC,-3.192872277529901,-6.464874148195154,-13.084111813138522,-1.6473467934917108,,37.790000915527344,36587712.03639984,NYSE
MESH,0.13891774031835613,0.15879491606398677,0.7789063780601069,2.0631038020258563,,10.09000015258789,123410.79186630249,NASDAQ
GTBP,-8.606322951204392,2078.4246006657227,1232.9840424551942,1421.7703012956324,,6.159999847412109,237203.1141242981,NASDAQ
MHD,-3.2709387994071637,-9.977123227576223,-14.031252858038245,-9.290778107952747,,10.100000381469727,9239399.548965454,NYSE
NMAI,0.19799093152979008,-2.544703483698829,0.9978628178845428,13.66917918202899,,13.460000038146973,10084635.828580856,NYSE
SKE,-4.999999637386177,-6.917108347253842,9.017525705687435,-0.04667268638343103,,30.239999771118164,10712308.238920212,NYSE
DFLI,-6.619972501061788,-21.723484117281167,-55.98509028212091,-53.821229115165245,,0.7099999785423279,646363.3904655576,NASDAQ
MKC,-5.594691402254015,-15.189311427030805,-12.128996626074473,-9.135967812480084,,45.540000915527344,197808777.5567093,NYSE
LWLG,1.8195603373432956,2.4408861496717726,-31.28677319949721,-25.368157964821393,,5.550000190734863,23139821.145237923,NASDAQ
SAAQ,-0.1589488777131054,-0.6327837513960932,-1.5092092471567398,0.7619832945403138,,10.050000190734863,1471320.027923584,NASDAQ
GLUE,-6.684537820982528,-20.68916364854253,-53.61425649706115,-33.02873623523301,,10.270000457763672,17961737.84060669,NASDAQ
IQI,-4.31449915628227,-12.95078901776846,-14.215591629649282,-8.272100521237169,,8.729999542236328,2676617.859649658,NYSE
ALMS,-4.097033766934688,-52.79288784936658,-74.1837178910963,-67.73667056386347,,6.840000152587891,23056183.594341278,NASDAQ
GPK,-5.487288481046749,-19.316332632563537,-16.06773287515817,-7.486521340440467,,8.609999656677246,94494186.58205509,NYSE
KKRS,-1.7245819251959782,-4.740521475672022,-5.943218125264638,-5.530125289184673,,15.4399995803833,475474.78707790375,NYSE
BGDE,-9.692670964599692,-16.827369937064606,-33.04957303732976,165.2777822454981,,5.340000152587891,298308.42852401733,NASDAQ
EXYN,-0.8264454993448633,-21.311475409836067,-59.731543237553765,,,2.6500000953674316,333465.4120006561,NASDAQ
AD,-1.2503638867796152,-8.417886279627085,-4.623728295618168,-27.749776600849263,,34.5,8628933.0,NYSE
ACNB,-0.5044767606681599,-2.6920347899358488,4.973218759681175,31.30279206223603,,63.779998779296875,4531377.573272705,NASDAQ
TILE,-1.2462270899995964,-7.068650047790959,-1.3416695999787898,38.45540187032166,,34.86000061035156,18580624.345321655,NASDAQ
SENEB,-5.283079579295391,-10.879815236390922,5.950194391871744,20.02296807003272,,180.22999572753906,30458.8692779541,NASDAQ
MAR,1.4246553787848004,5.324178755445086,-4.562690505657107,8.31388830522306,,355.8900146484375,433096438.5362549,NASDAQ
CHSCL,0.1299369562491437,-1.0461793142395148,-0.7584713434768853,-0.9462966978908693,,25.110000610351562,553575.0734558105,NASDAQ
FNRN,2.059097808998689,3.5406585816214253,-1.7140944238430045,11.135039281197745,,17.729999542236328,1354376.9350318909,NASDAQ
NDSN,2.030908420221289,3.7333138357204865,12.741581545072034,25.732068519557096,,334.42999267578125,111229074.55401611,NASDAQ
LAFAR,-12.499997671693508,-12.499997671693508,-32.95019222711767,-41.077439768232246,,0.07000000029802322,0.0,NASDAQ
BDC,-1.954588746118624,-4.7084539783220585,-4.112915250298088,-4.1129139731994835,,111.3499984741211,38982520.96580505,NYSE
DGXX,-9.260949830031052,11.117317097853974,-18.148147733886322,89.97134274757279,,3.7300000190734863,10557753.863987446,NASDAQ
ALF,-0.36630176106615675,-0.05511967596167899,-0.05511967596167899,0.9089200707894873,,10.920000076293945,1190.28000831604,NASDAQ
BBBYW,-26.214895258654312,-33.7588102039276,,,,0.30169999599456787,179811.0857127905,NASDAQ
GPATU,-0.03638431510551987,-0.18165719662026625,0.0910767695696979,1.1039548005745914,,10.989999771118164,0.0,NASDAQ
FIZZ,-1.4713675090393674,-7.348082862023864,-7.290302692357853,-12.123899029607498,,29.84000015258789,12931790.706127167,NASDAQ
DTB,-3.5623583066982545,-5.789539742256988,-10.75862568551591,-10.069233535206168,,14.8100004196167,372441.89055252075,NYSE
GUTS,162.8142761296156,86.66474485177756,64.45064383829467,186.38974808529954,,4.559999942779541,1308957.1035747528,NASDAQ
GLPI,-2.9212776647421057,-10.282763688078855,-13.813812432559802,-14.75631035323708,,37.90999984741211,139088794.55016708,NASDAQ
NWTG,4.640241283369195,-7.166665934854077,32.30403709340055,-24.729730389342862,,1.1299999952316284,141454.52940309048,NASDAQ
NMS,-1.7061409735088962,-8.46728922050689,-19.970582443461982,-19.304605868966863,,9.760000228881836,275788.32646751404,NYSE
SMHI,-5.701256401198962,-14.31827590383319,9.247025128272334,13.132694258469613,,8.6899995803833,748513.1138563156,NYSE
ARE,-7.288641095767668,-9.115045133636656,-8.346266699532379,6.266870785349865,,45.880001068115234,104739592.07840347,NYSE
CTHH,-2.653062378702742,-4.946666455012294,-6.868036709769032,,,15.600000381469727,626542.8153209686,NYSE
LPX,-2.933621623728666,-6.165251557282847,-16.392472351731126,-9.315223848263654,,65.29000091552734,100458264.0386734,NYSE
MOBX,-5.212137223481738,-30.329270380390383,-62.057874911407374,-75.98138135601921,,0.6500999927520752,3561089.785997629,NASDAQ
TLX,-5.451387793147644,-3.47394378203163,-7.89784920552461,18.41704993010742,,10.880000114440918,2559770.266924858,NASDAQ
BKNG,-0.3066972111495647,-19.31989538512793,-11.617973349206778,-4.9236300724874615,,158.3300018310547,1314906915.7066345,NASDAQ
BNKK,16.21621791630352,46.11650281304986,23.36065446290345,-30.484987448059986,,1.5299999713897705,378061.4629304409,NASDAQ
QUBT,-7.730004196252027,3.343316179528766,-10.423873792918304,23.531168753340026,,7.940000057220459,65119489.64929056,NASDAQ
IACO,0.020004458746991638,0.1201469261933985,0.8471159276729479,1.8329970546806962,,10.0,0.0,NASDAQ
IDCC,0.844400624066699,0.47349263450884305,18.348152569566167,8.709884569918769,,338.19000244140625,84746018.14178467,NASDAQ
SBSI,-1.6427364026161073,-4.5682723635462,-13.027565256280194,-2.8180725333633583,,30.43000030517578,4933159.499473572,NYSE
FTHA,0.10027542940207468,0.14044308235874325,0.5844359047264991,,,9.989999771118164,29550.41932296753,NASDAQ
NCEL,0.08189343758602252,-10.878152355833482,-23.916991495228967,36.4820842749656,,2.859999895095825,11357.059583425522,NASDAQ
NOVT,1.4983140842414588,0.4172140978097927,-9.186656414072136,24.56642532456894,,150.61000061035156,50526492.39476013,NASDAQ
OMDA,1.071111605545827,-12.65855203272559,-9.662263527913561,63.35658081070281,,20.950000762939453,15651033.269966125,NASDAQ
IXHL,-2.9323758732383687,-2.816057681239481,-15.25600867445014,12.171507509129986,,3.2100000381469727,89481.96106338501,NASDAQ
PIM,-0.7941752904844779,-5.425869723879706,-6.778607845759311,-8.541792973480023,,2.9700000286102295,1030604.8599278927,NYSE
NTB,-0.3889853587318859,-1.9184258962830714,-2.926211401384815,10.345478828927735,,58.560001373291016,6394049.429946899,NYSE
ITT,-2.5878351903425467,1.8802031699212574,7.675432137618121,7.253471533995159,,206.1999969482422,149904304.78141785,NYSE
CSX,0.24331050398653797,-5.356063699801872,-2.9867391875701754,14.578454918806095,,47.43000030517578,381092795.6620407,NASDAQ
NCRA,-8.279569729833558,-21.814847931339642,-27.95608080045978,-71.62341986817373,,1.6399999856948853,14307.359875202179,NASDAQ
LEU,-6.238742181870604,-18.65436607725477,-16.589132799110562,-21.806930655808554,,141.44000244140625,86526911.57354736,NYSE
RDIB,-7.969551075208492,-2.953904653047845,81.83313232583788,61.25469075390679,,14.289999961853027,146272.4396095276,NASDAQ
ARQT,-4.380754087586325,8.209394537411875,-2.150291044940833,10.754677367569187,,25.149999618530273,58104421.36868477,NASDAQ
CRDL,-13.083049883526831,-26.503129034458805,45.801529496166715,12.850812514320097,,1.3200000524520874,3908262.7553004026,NASDAQ
BOLT,-1.3952191627998545,-9.494898201288748,-11.082708693602816,-19.441416451492632,,3.499000072479248,34468.64971399307,NASDAQ
CL,-0.9561815687545883,-5.2465618811090025,-8.81001643533864,0.16899670849404025,,86.19000244140625,517175611.1194458,NYSE
NAII,-17.69316944125284,-30.5292982752849,-37.23313407431085,-44.736843709187056,,1.4299999475479126,18032.299338579178,NASDAQ
DARE,7.163607883100043,13.070718483270616,-59.72126274979943,-53.790110012227075,,0.8431000113487244,132479.67718327045,NASDAQ
EYPT,-11.159498848562865,-28.79581100638354,-76.66571308324859,-74.607126100168,,3.1500000953674316,8691962.213152409,NASDAQ
INAC,0.019307302516335945,0.5043614179462308,1.1360988833756025,2.048455634598878,,10.390000343322754,2513341.083049774,NASDAQ
FBIO,-8.593750097012776,-22.743948033916116,-30.403172123765444,-19.43381771099083,,2.0899999141693115,1156643.572499752,NASDAQ
EXTR,2.437672540860092,0.17155804429582755,-28.402709678332638,45.83935977274092,,23.329999923706055,41876743.28305435,NASDAQ
GCTK,-31.961721885455663,-62.59863220477651,-71.5315313655465,-87.83679729778079,,1.1100000143051147,251165.25323688984,NASDAQ
VNDA,-5.854617804342343,-11.193478140304014,-22.70967729630009,-30.751444785585146,,4.579999923706055,3315507.74477005,NASDAQ
SHAK,4.54577091884667,-12.651340006758982,7.813061253160258,-32.46247747977509,,62.400001525878906,87570726.94138336,NYSE
JOUT,0.1806610027345501,-2.031711707619477,0.6534475874147239,-5.274170858459549,,44.5,2037610.5,NASDAQ
ETD,-0.6327339460157178,-10.565236162753045,-3.067712386870114,-5.0446712205841955,,21.079999923706055,10754299.241077423,NYSE
LSAK,3.247372619295419,-4.378594613486375,-11.97068259085361,-13.102894750348737,,4.579999923706055,1141125.3009910583,NASDAQ
LABT,-44.597386833254625,-59.54119631682786,-67.42388303810665,,,0.8549000024795532,218292.73133313656,NASDAQ
FMACU,-1.008733935884043,-1.008733935884043,0.6707440430113287,2.121273632544174,,10.15999984741211,0.0,NASDAQ
IRIX,2.5396820290859434,-9.776538526560552,-43.233743503381724,-34.4827595378766,,0.6899999976158142,94144.97967469692,NASDAQ
IMNM,-7.849593976175928,-22.100561158773925,-7.174027950930784,-0.5423619115000666,,21.170000076293945,25736136.22274971,NASDAQ
AUDC,3.0083812756541706,7.962485942534081,11.362701436948463,26.136633492704476,,10.800000190734863,1823839.2322101593,NASDAQ
CHYM,-0.05530214015287971,-17.866449769281665,29.176591268684216,45.169756481604615,,28.290000915527344,136858933.48905945,NASDAQ
EBMT,-1.3345797407002702,-6.168458815947375,-11.047539777847891,1.6049958198727454,,20.90999984741211,585772.7357254028,NASDAQ
CAE,-2.2160674462336494,-0.15805559284255422,-6.584681751723965,-8.618851592563493,,23.709999084472656,11138839.019889832,NASDAQ
CPZ,-1.8580940106786126,-5.152293797012608,-4.340515338021356,-7.575308831273397,,12.550000190734863,1355224.320596695,NASDAQ
CHPT,5.007655671223654,56.723237335826184,60.49465352712558,101.17301537265413,,8.930000305175781,7505638.466499329,NYSE
KMPB,-0.24215275536128011,0.8897944859096008,3.874599698049619,8.545580171025469,,24.729999542236328,306701.45432281494,NYSE
KALU,-1.7926636404497764,-6.193333193907192,-17.015667412676216,19.739880843860092,,155.75999450683594,25171593.91227722,NASDAQ
BTZ,-1.227251330780288,-6.826347405695598,-8.863726683575868,-7.030471480361045,,9.289999961853027,3702325.1047973633,NYSE
TWAV,2.8277638309550435,18.343197196677163,15.107914594554806,-1.23456817377523,,1.7400000095367432,365920.26200556755,NASDAQ
BPYPP,1.7472824118650587,-4.705027740530399,0.8535879189106144,-3.2745893708520657,,15.300000190734863,158967.00198173523,NASDAQ
CHEF,2.5616756817726793,-1.2109429394474347,17.373197931224894,91.9373483578287,,111.06999969482422,91055852.16981506,NASDAQ
ASTI,-16.208793561558753,-16.266302913337547,-46.444249551034154,-38.4460156225998,,2.4600000381469727,1196411.1785526276,NASDAQ
MKTX,0.1513955632738817,0.7504575978103833,41.537400613987565,-2.577258017809747,,164.0399932861328,136774249.84207153,NASDAQ
CCM,-13.745890184609877,-31.372548836279446,-31.818180504580816,-18.898042345300226,,3.119999885559082,3222.9598817825317,NYSE
RWTO,-4.01447586888537,-8.439479267023275,-10.006542438996856,-8.788017238228207,,21.90999984741211,142853.19900512695,NYSE
NEO,-3.091271878346058,4.7694585487239705,24.334497714367842,140.89606333728923,,19.1299991607666,39118303.99387932,NASDAQ
CHI,-3.8145533900275974,-8.828671802987987,-12.911796157913003,5.1218601601694,,11.524999618530273,2684172.4111557007,NASDAQ
DRTS,0.3513028929241546,3.642200133839135,14.649584383931913,116.59375767742235,,14.890000343322754,5078457.967095375,NASDAQ
STC,-13.878472097077443,-24.74917419757623,-23.171887246321155,-15.070690811884191,,50.83000183105469,18390497.98248291,NYSE
LHSW,-32.608696398810075,-86.45789499084705,-84.10747402108207,-80.21986466483035,,0.546999990940094,690205.1355682015,NASDAQ
NX,-3.8224277506594406,0.30584361575691776,8.746855170108736,7.178276876185019,,18.90999984741211,9689446.10181427,NYSE
COR,-0.3683820447114794,-6.579282733162439,4.804407440758585,-2.890097270852021,,314.92999267578125,344965181.0072632,NYSE
ASA,-1.390844014541781,-11.828599098827297,5.416699322156737,-10.026987947365662,,56.29999923706055,1471513.0800590515,NYSE
QFIN,-11.712678405917675,-23.590815145312447,-57.45285557577217,-48.81914120411016,,6.554999828338623,20896775.722758293,NASDAQ
SBC,2.8897049655011164,21.772641656695836,62.67696749486387,16.65897830014662,,5.340000152587891,1836831.8924865723,NASDAQ
VLTO,-0.9122819222808554,-2.5446066657802358,4.302744854706475,8.558157696559654,,96.56999969482422,219188115.11733246,NYSE
PLPC,-2.8020716747172436,4.351039197070916,10.477633380427864,45.16546982941283,,416.1000061035156,29280125.229492188,NASDAQ
WEST,-0.09861805984294758,3.870804192045263,9.780550389460728,86.98661889757359,,8.220000267028809,2695724.4275712967,NASDAQ
TPGXL,-2.1094822289053794,-6.768179806795982,-13.294721617400695,-17.454117855847795,,20.700000762939453,470759.41735076904,NASDAQ
WERN,1.6144290756183066,-10.421229126404896,-20.7937696678291,15.17527957507152,,34.150001525878906,26842208.549354553,NASDAQ
ALK,-2.68934084414566,-5.059567638944351,-22.516139409855953,7.018974515300336,,39.189998626708984,112812094.90685272,NYSE
YYAI,21.541007798249055,13.315127140912232,-99.36630810557767,-99.86070469409715,,0.916700005531311,215597.7576009035,NASDAQ
CWK,-3.4151854949313165,-12.040874210314367,-13.702411018078365,-3.8530002043058564,,11.850000381469727,56461424.26758003,NYSE
KEYYU,0.1384780432752919,0.7363143705241937,0.3568564550383124,,,10.0600004196167,3390.2201414108276,NASDAQ
KNF,-4.672896917496782,-17.97122810640487,-38.749731550231836,-34.60536514213308,,51.970001220703125,58829261.83181763,NYSE
DRMA,-2.5438572550304017,-13.7422341579599,-17.825442683521032,-9.821428744215687,,1.1100000143051147,15645.450201630592,NASDAQ
USA,-1.0583815062590762,-2.9470852234486755,-0.6854019328670802,4.319653708431037,,5.809999942779541,10324323.418319702,NYSE
STAK,-5.699481555919228,-13.880124415390306,-73.5208525959633,-4.378283683534456,,1.0499999523162842,195917.39110279083,NASDAQ
BLW,0.051537077738395,-7.964601743237698,-7.0687720017895135,-6.696573517906956,,11.680000305175781,5639489.587348938,NYSE
STLD,-2.1258560679527805,-4.379732803859748,1.2771415726619662,28.198482170236105,,241.0399932861328,256427745.41752625,NASDAQ
EIC,-2.437991457164612,-7.923169416599363,-9.870742017446254,-2.4586686378900713,,9.079999923706055,2236222.381210327,NYSE
EMO,-3.6547512337446797,-9.064940544668865,1.2888173567206618,-2.9969915890384335,,50.290000915527344,3168018.607673645,NYSE
BRRKU,0.09989857326133667,,,,,10.0600004196167,23932.740998268127,NASDAQ
ARX,-0.09115055716544251,0.010134239713233129,51.652568755812034,49.13076081643286,,19.729999542236328,28568033.10718155,NYSE
VHUB,-12.652015044212572,-43.75943438565288,-54.23032646848745,-24.29841502168728,,0.43459999561309814,69267.85110080242,NASDAQ
MOB,-13.057452612176757,-19.133032347396473,-14.330955836327364,-18.951308996588523,,4.019999980926514,681808.0767650604,NASDAQ
TOST,-1.3550308990480153,-13.050352707617574,2.8177801446061856,12.39688274589723,,30.040000915527344,372923150.12555695,NYSE
REX,-0.19355646485097466,3.7013979776807204,-4.68289382887227,-5.050636515422102,,43.40999984741211,16075417.503494263,NYSE
ROC,-3.982721791575161,-3.98272398853321,-21.957877537581705,-43.16955206870203,,3.9600000381469727,48921.8404712677,NASDAQ
NXPL,-3.8932627352910254,-6.946210507947692,27.10442846962553,102.4884812788184,,9.0,97056.0,NASDAQ
GEF,-2.4423085726224536,-3.488620570398071,9.152523870457262,21.29471914278249,,82.05000305175781,27521704.323638916,NYSE
SRRK,-6.050684052883259,-17.72908838563123,-15.365569571283677,-3.315168841173166,,43.400001525878906,145472725.51460266,NASDAQ
BEAG,-0.4100639607059975,-0.8572698943961288,-0.07480823200537445,1.1835982036283443,,10.6899995803833,18122766.97862339,NASDAQ
SGU,0.4223376513413646,0.3752341635006706,-0.5884191126549365,3.066304112214935,,12.899999618530273,259535.09232521057,NYSE
MHNC,1.2898198164986718,-9.939180600365082,-12.033265493294431,-16.67202405736998,,10.3100004196167,7093.280288696289,NYSE
VBF,-0.39287313715038463,-2.992621651988059,-6.010856584011314,-4.966534074872342,,14.15999984741211,549592.0740776062,NYSE
INTJ,7.181522080038372,-2.1739125654665514,-23.846155266319723,-69.43123621310556,,2.859999895095825,3251.8198807239532,NASDAQ
MIRA,-11.37962235243184,-1.6246859796123836,-17.640237051516372,-26.07420109158296,,0.7354999780654907,63563.37910437584,NASDAQ
NUR,-18.571430182791847,-55.62184019294403,,,,0.8289999961853027,139810.02035665512,NASDAQ
PL,-1.5744354956255813,-14.020324039796893,-46.17707668187272,-46.79580937154698,,17.360000610351562,117393792.52738953,NYSE
ADAMK,-0.8539518026240867,-1.3029341331620148,,,,24.719999313354492,925739.2542858124,NASDAQ
AEIS,5.213878900947799,7.47735795821578,-10.875746466337166,-9.717373046541066,,297.2900085449219,176102709.46166992,NASDAQ
BATRK,-2.0073314176744406,4.3504083973579855,0.8346386367794834,22.548971804095853,,52.16999816894531,24443157.07209778,NASDAQ
ARTC,0.34061516177046336,0.24019574222595708,0.6228698614711758,2.0998974289777594,,10.020000457763672,0.0,NASDAQ
CBLL,1.2678292112102474,-0.21368983159146815,23.083941766388506,32.93551062759499,,24.860000610351562,5858656.903839111,NASDAQ
KSPI,-0.9966488472233803,-11.368908938434508,6.01773643596184,27.01665042319812,,93.9800033569336,59235972.03588867,NASDAQ
PRM,-4.989517379884645,-11.954409451723969,-20.741517858115767,11.387843344827587,,28.06999969482422,30549338.557868958,NYSE
OFAL,-12.619045815209141,-31.998289543799174,-74.23866073126274,-91.42831469504867,,0.46149998903274536,1078228.7298765779,NASDAQ
JACS,0.20370306792081294,0.7259872455467553,1.5387496629972075,2.558755538170754,,10.829999923706055,2339.279983520508,NYSE
RDZNW,,,,,,0.10000000149011612,520.0000077486038,NASDAQ
SKYE,-3.2979973035953902,-7.492956074096191,-70.46762596468187,-68.75951304185,,1.7300000190734863,60721.2706694603,NASDAQ
PLTR,-0.4553519850209464,4.159940474900248,47.54075285558117,29.654192559654867,,189.39999389648438,3346770242.9485474,NASDAQ
NWG,-2.7009287526125525,-3.75338149493466,-1.1003665429296206,17.963673846267735,,17.5,98897627.5,NYSE
KR,1.07307025016814,2.3350452302074443,3.4590955661201406,-18.0386748761762,,58.779998779296875,358657742.2116394,NYSE
ASUR,-2.8289969556253736,-15.301629842422015,-6.0791010688148965,-9.032870755822398,,7.889999866485596,1017344.4727845192,NASDAQ
DAO,3.4562824943841663,-5.242743468539057,20.993766422655668,56.273211987099714,,15.630000114440918,190701.63139629364,NYSE
SWRD,-3.8709678659825997,,,,,2.3399999141693115,627871.1169698238,NASDAQ
VHC,-10.679107598774051,-10.787022780356336,-15.828043062782616,-28.664092465503042,,11.319999694824219,160936.43566131592,NASDAQ
YUM,-1.5462388707929486,-10.374700755168176,-16.56906671188121,-12.013329147941255,,136.97000122070312,434466104.4720459,NYSE
VLOS,-0.018665811582008196,0.018676344908752363,-1.2172609776762489,-0.40907449650412486,,10.734999656677246,59622.188093185425,NASDAQ
BLSH,-10.372548316991647,3.020610323094064,37.42592956158619,-2.1654753005803884,,34.349998474121094,35121430.739852905,NYSE
FIVE,-2.894048014821704,-9.611702849752678,22.54905514378345,-4.550779929193816,,215.92999267578125,278352978.3284302,NASDAQ
FDXF,-3.624181028406337,-14.180866304422468,-26.27884217444597,,,111.58000183105469,164851865.2652588,NYSE
NRSNW,,,,,,0.03959999978542328,310.5827983170748,NASDAQ
PATH,1.920049282478642,-28.967861603767886,12.411039161847249,16.937521020915746,,13.15999984741211,388482998.09560776,NYSE
BRTM,-0.12224635770442527,,,,,9.800000190734863,6742.400131225586,NASDAQ
CCII,0.0,-0.263330514067317,-0.3385862149453023,0.6251252291384679,,10.289999961853027,513676.7980957031,NASDAQ
SEED,-13.289761689597112,-20.71713079291846,-24.334598545823404,-36.115569712865195,,0.8399999737739563,101954.99681681395,NASDAQ
TREX,-0.5949126040213248,-1.449730942846983,-9.777007273538496,21.612312441315296,,44.209999084472656,72115306.29659271,NYSE
AADX,-4.651162932006825,-6.14612745798977,-48.423230270223925,,,11.510000228881836,32532509.20692444,NYSE
CCU,-3.649902231499158,-9.976247296068742,-4.413620523937089,-8.343409871532536,,10.979999542236328,986344.3388786316,NYSE
MIAC,0.0407551460174016,-0.18300346828735714,,,,9.8100004196167,8505.270363807678,NASDAQ
VOGX,-16.189932391692963,-37.97629179725421,,,,17.149999618530273,1044555.0267658234,NASDAQ
AVBH,-0.7518798911433144,-1.1361478276897263,-5.382089145366898,9.060357542269216,,31.34000015258789,1531053.0274543762,NASDAQ
NRG,-3.390883304243031,-12.985839086991536,-31.42702388105433,-34.87347112763619,,96.80000305175781,311831820.2309418,NYSE
ROKU,-0.6445555248047241,-3.1374611084245996,8.080336231770557,60.78207438177075,,153.41000366210938,299214399.57266235,NASDAQ
TCPC,-0.1989058258948906,-2.097557860992205,20.75812460805102,11.252774275766209,,3.9800000190734863,3937569.238870144,NASDAQ
ABTS,-1.2662291066362852,-17.47625329117519,3.2597648751588437,-19.122337124796474,,1.2200000286102295,8183.760191917419,NASDAQ
PAC,-3.0965040550307577,-0.9207601779813834,-18.191847218350777,-17.219706218569954,,210.0,64361430.0,NYSE
BIPC,2.4208684429321004,-4.178852814749224,-7.145800639320477,-9.016104092379262,,36.36000061035156,38710856.44981384,NYSE
LADR,-4.425941128622157,-10.87045308630662,-11.949939606080918,-10.797547290105214,,8.520000457763672,12697586.72221756,NYSE
NSLRL,0.1772243458746603,-1.1231602045860045,0.0809194429105542,-0.40739179398201486,,25.010000228881836,489220.6144771576,NASDAQ
CRT,-4.203465434749454,11.286341596904204,29.322144986793862,9.640585108291667,,11.520000457763672,123379.20490264893,NYSE
IQMX,-1.0323055126970293,-2.870541840895635,-19.17252099360267,-0.8237517380349391,,10.5600004196167,3399760.4550943375,NASDAQ
NXRT,-7.050525874999936,-19.864919459083332,-33.32864880538777,-22.891957580195342,,18.610000610351562,14523114.206314087,NYSE
THCH,-1.191969511737745,-7.352941228031707,-31.372549146919226,-39.770553795996534,,1.2200000286102295,1606.7400376796722,NASDAQ
ZOOZ,-3.1510429999454748,11.180866345123984,35.63092442343223,22.57745543124523,,7.159999847412109,136261.95709609985,NASDAQ
ACET,-18.643249925129922,-26.53686563499039,-23.56021121421996,-0.3265081928309099,,6.46999979019165,987755.4579691887,NASDAQ
REF,-0.726239390768646,-11.759752982564187,,,,13.020000457763672,6473947.847614288,NYSE
TLACU,-0.5575443710179817,0.3819125454756378,,,,9.930000305175781,40444.89124298096,NASDAQ
CAVA,2.94173585223807,-14.840968744302396,-28.30223810218716,-32.41857228326494,,54.099998474121094,184622141.6927719,NYSE
TRT,-25.68678126440399,-37.709113644661855,-40.89635946629501,9.288672571961154,,6.139999866485596,1137404.2752671242,NASDAQ
KSCP,-18.698150631827602,-44.60869593761518,-61.471773432548304,-80.15061076573471,,0.7250000238418579,316806.160418272,NASDAQ
CBRS,-13.376480464844887,-2.283457909923159,-12.370170726583652,,,181.5500030517578,2784315297.052841,NASDAQ
WDS,-1.5058611842347358,-7.267168376492961,12.12276879905778,-9.330121962176797,,21.770000457763672,10847860.608100891,NYSE
MFIN,0.15131162043968693,1.60093052148369e-06,17.61105843464781,40.13173448073972,,11.8100004196167,1339596.5375967026,NASDAQ
GSBD,-4.237995300914122,-8.843401900343927,-2.2586820383334816,2.0240210112099755,,9.050000190734863,5478815.815469742,NYSE
WVVI,-1.48620067696702,-17.437722744519412,-30.173063720494774,-28.284390028177985,,2.0,35012.0,NASDAQ
TWN,1.5245299403489065,0.3787740528325756,9.126810108307426,59.24625220181774,,106.18000030517578,1054048.86302948,NYSE
NBN,-3.364033136004263,-2.485536616097328,-7.091069491509627,9.615957722902756,,125.83000183105469,9606743.149795532,NASDAQ
UL,-3.5786295240034183,-6.771684596369932,-2.1376816825317,5.88421441164968,,59.97999954223633,159292963.4242859,NYSE
RPRX,-1.0342215200881744,-7.555283603648277,1.2977443566252855,20.65599912916496,,56.65999984741211,224260902.65605545,NASDAQ
BILL,-3.082023510381049,-12.330821158804795,10.197117434950375,13.212975344260446,,44.4900016784668,70306481.8924408,NYSE
PERF,-0.20898622063906247,0.31512575446990265,12.48527312469574,14.508390825967577,,1.9199999570846558,508761.5886282921,NYSE
TFII,-3.135360729652059,-9.307421280441142,-16.111822538314502,8.405793082809021,,114.80000305175781,72198755.11927795,NYSE
FTEK,-2.5851942286342355,17.090396203190817,-15.321756954492205,35.45751297248319,,1.649999976158142,117301.79830503464,NASDAQ
PLOW,0.8318597819231943,-3.157081279299323,-19.218032673826347,-4.888721064138723,,40.689998626708984,5096910.607978821,NYSE
DETX,-1.1310096622444643,-36.46275028066531,-47.23340312313458,,,2.049999952316284,12964.199698448181,NASDAQ
MDCXW,,,,,,0.35499998927116394,0.0,NASDAQ
EPAC,-1.0629357824792351,-4.415737838467004,0.9475447657525615,-1.179032636594024,,36.02000045776367,15527177.617328644,NYSE
MSGM,14.066138534540617,23.81193118396132,11.877571481626292,22.05332612568176,,5.380000114440918,1285373.4873418808,NASDAQ
AVNT,-0.5451196104218403,-6.201515827798065,8.645256536061364,14.77840440405862,,41.599998474121094,27591822.987937927,NYSE
EOG,-0.14322316337801455,-3.7439553700358563,7.834252670159625,-2.2732010375561384,,144.0800018310547,362341465.6448517,NYSE
STN,-3.4144813245170824,-8.004602490780355,-2.8785335863573125,-22.48696897340262,,66.86000061035156,22139418.862106323,NYSE
APAM,-0.7249605394116454,-15.25278525471876,1.0788107752679243,-1.8091554291779555,,34.400001525878906,47899353.324668884,NYSE
KAZR,-2.7859262704895804,25.330816492391616,-6.619718690591069,-17.125000059604655,,2.4000000953674316,197448.0078458786,NASDAQ
AU,-4.34535935804462,-14.63644046772986,14.451228121501103,-4.446018717406974,,94.4800033569336,164960479.701149,NYSE
NRT,-3.527785697577024,-7.800793197280154,17.396184930776393,-8.265732092334243,,8.3100004196167,248194.78253269196,NYSE
MVIS,-7.14285628922815,-14.631334900825632,-73.58288712509571,-84.26751586875578,,1.4700000286102295,966522.0788111687,NASDAQ
CAMT,7.624114755584133,18.036857694674335,7.185550900540094,2.265365218234572,,162.0500030517578,110050263.7224884,NASDAQ
SID,-0.5328612899550333,-0.35587155398176806,21.212119022786258,-9.822866703184507,,1.2400000095367432,34414022.82467556,NYSE
MRM,-14.419751968801119,-33.5166231219503,-40.18408291937726,-43.996409424793356,,0.5443999767303467,19088.296384096146,NASDAQ
KFRC,1.8586637897620717,-5.567921474643411,3.828695804760507,78.47208109530341,,51.79999923706055,7268472.292945862,NYSE
FHTX,-25.093431317219274,-48.926100915372864,-46.532013781029626,-41.32162366739621,,2.0,1935522.0,NASDAQ
IZEA,-3.311256100734017,-17.760104993918123,-31.549917222858326,-29.926594810277784,,2.430000066757202,73526.94201993942,NASDAQ
DUOT,-1.8106476322372278,0.8740483026862256,-15.790459427830738,35.42951240743606,,9.1899995803833,5012280.911138535,NASDAQ
BE,3.7716967763605336,31.20171725133154,-0.4272601948024146,116.0238823417719,,286.6499938964844,2142579425.2289734,NYSE
LINK,9.134174923421057,8.597448568596523,36.056589926283266,101.62326526699292,,5.980000019073486,216392.28069019318,NASDAQ
MKTW,3.2990452534913617,10.861446067837255,6.400172830058937,5.357143145907584,,19.690000534057617,405259.5909919739,NASDAQ
CARL,-3.7560580722431514,-12.174447930367439,22.645395044738347,51.04585311750864,,15.300000190734863,1997200.824897766,NASDAQ
TSLX,-1.0439547863635323,-2.7117547446429913,4.563397901172395,-1.4123025242091192,,17.59000015258789,8459822.623386383,NYSE
RCI,-5.272895071074657,-16.766014028345523,-4.101892738367585,-16.521739959716797,,30.3799991607666,42680526.64097023,NYSE
DFNS,-12.63750329479959,-36.20399726186972,-65.50505040871977,-92.04657930821138,,6.78000020980835,2423043.254981518,NASDAQ
SABSW,,,,,,0.014600000344216824,214.57620505895466,NASDAQ
VABK,-0.4303855844101201,2.4154393737095603,7.46854160820809,23.376825964875092,,47.45000076293945,402708.15647506714,NASDAQ
GAIN,-0.3053055882572764,-4.589724290361341,0.564607493393332,9.287407396275604,,15.539999961853027,1529244.7762460709,NASDAQ
SUN,-2.3433942621698844,-3.5548018268412362,7.262835797159872,12.355954447055083,,69.88999938964844,50345330.95033264,NYSE
ASPI,-5.7279214315428595,-29.138902491470454,-51.67773428316984,-34.941175124224486,,2.930000066757202,15423511.561409712,NASDAQ
CBU,-1.4804839660308988,-4.520726307287148,-11.112426463360759,1.6701121795482665,,60.130001068115234,18466043.588020325,NYSE
ARI,-0.7331846347228277,-9.239289074849054,-40.26472319561866,-41.033895816977896,,6.230000019073486,25661569.4385643,NYSE
SMTK,-10.139860144718138,-45.856741341408224,-86.83176769764208,-86.93220311394712,,1.2200000286102295,598671.0940394402,NASDAQ
PHIO,-0.4743080890147411,-9.424462273379863,0.2189050276784954,-19.552716271264426,,0.9909999966621399,199277.21632879972,NASDAQ
TENB,3.9038498614262007,1.5720442920204247,-6.370015045873845,110.00344908751427,,38.5099983215332,132782435.70264816,NASDAQ
EIX,1.5081818797939572,-8.565410282461983,-28.052592278434428,-26.372212302861577,,54.2400016784668,259692449.63623047,NYSE
CNF,3.7273684847966226,-11.695377839834343,-31.69705344391631,-46.06866051044203,,1.909999966621399,7269.459872961044,NYSE
MMM,-3.0030140503663927,-3.8349321804780345,2.660513119939978,13.680624417283438,,163.19000244140625,381555523.8482666,NYSE
NJR,-0.75872710497078,-4.9701924186472795,-10.019050742753688,-7.9704118781594335,,50.88999938964844,52365656.70195007,NYSE
HBANL,-1.073815135891698,-1.3249777622278969,-0.30461007464147594,0.7787102497118337,,24.670000076293945,850917.6426315308,NASDAQ
KNSL,-2.6352439543131934,-12.93791462223981,-4.821860055645278,-4.208554912661144,,332.4200134277344,75064095.65213013,NYSE
WRB,1.7179594920980534,0.6064333716427228,-3.4633006995652638,4.076253065509716,,69.7699966430664,161620522.7437439,NYSE
LKQ,-2.239767094286693,-9.09671213397002,-13.190579799257618,-21.293353422385543,,22.399999618530273,59674674.18374634,NASDAQ
ALRS,-0.16520247942719557,-3.1244345653429373,2.7031336356590163,34.40620987254219,,32.39500045776367,5363672.620792389,NASDAQ
BBLG,-1.8916741224673683,-15.22179953515873,-65.81408518867062,-58.006921769729935,,0.4851999878883362,12659.838083982468,NASDAQ
REVBW,,,,,,0.005499999970197678,119.26199935376644,NASDAQ
HCC,-1.2661575042534845,-16.222296703255836,11.923247780548941,-4.680433983578247,,92.29000091552734,61199437.69710541,NYSE
AMH,-1.3888884934502022,-8.4478179246548,-10.137213810846424,6.849507537876631,,30.079999923706055,110417062.11994171,NYSE
JDZG,10.042637961686696,48.624444530849374,-90.70799980163574,-72.58997053320847,,5.170000076293945,2756256.2906742096,NASDAQ
QRVO,-2.6528694566521294,18.571546340272384,26.861781674041897,48.47364144213599,,114.16999816894531,952337622.7264404,NASDAQ
UAMY,-10.162782090709976,-17.7607711188695,-43.978052356614896,-51.22999618530263,,3.950000047683716,22896708.526405096,NYSE
HRL,0.3107160246518026,-8.301263988097196,-19.08150090818047,-10.362742000940395,,20.079999923706055,123463164.6509018,NYSE
AORT,-3.216650689252165,-15.269934852002754,-5.52430214593781,-35.256888402688055,,22.610000610351562,16600398.10812378,NYSE
MSS,-4.7921474499453165,9.640954465016382,-51.169677878496266,-76.37535855865653,,1.6299999952316284,141483.99958610535,NASDAQ
VTMX,-1.4636844297890805,-5.981959245403356,-6.6770651848963585,-4.226436946367174,,32.59000015258789,1736786.2881317139,NYSE
SMID,-6.423080416100624,-12.505797010047504,-23.652796278922004,-24.88387322143216,,21.950000762939453,450831.0656700134,NASDAQ
FATN,3.035983655565988,-9.154000121651784,-6.876694482113743,152.201830555961,,5.480000019073486,166586.5205798149,NASDAQ
LQDA,-46.95572337883556,-45.69602432673635,-53.51137028132764,-0.2692245321670894,,27.639999389648438,214194351.03012085,NASDAQ
PETZ,-4.341428594285479,-6.340058409115967,4.501607236364147,9.06040198652278,,1.2300000190734863,5815.440090179443,NASDAQ
MGRB,-2.1219453207298677,-0.7373158663388168,-2.575738328514088,-1.4393855303264647,,15.90999984741211,345183.3566894531,NYSE
EQNR,-1.0925890118933412,-2.1615593066449112,30.75581841969861,0.6373061412146885,,42.349998474121094,165273494.74516296,NYSE
NCNO,-3.6023925412902558,-18.42242904752076,6.792455710851608,16.11339169793251,,19.280000686645508,31983226.819063187,NASDAQ
CDTG,-5.7471266842765045,16.123813618266112,-44.10905349529129,-85.54156114542437,,1.0299999713897705,52970.83852863312,NASDAQ
FGSN,-4.747453486066111,-7.028067561465512,-6.0895557070423045,-4.686811097703192,,19.0,498351.0,NYSE
NVG,-3.7192325705190488,-12.333997897420424,-17.651647300222862,-14.22770874175956,,10.430000305175781,20112242.598472595,NYSE
VGM,-4.903029047560947,-14.498433733807426,-17.722474696389856,-11.8739906569574,,8.680000305175781,2762227.8171157837,NYSE
TACHU,0.0,0.467291510524781,-0.0929389281516313,3.2660918114462145,,10.75,0.0,NASDAQ
DSWL,-2.04734745832984,0.9894449766400193,-15.273937139352324,1.1896866395145755,,3.009999990463257,24025.819923877716,NASDAQ
VATE,-3.11284119368358,0.7825134423429914,-52.43250167233082,12.263301657223424,,7.440000057220459,428975.5232992172,NYSE
RFAM,-0.17986022839699967,0.2005987429405609,0.8479711016457836,1.483136026859433,,9.989999771118164,130439.42701148987,NASDAQ
BPOPM,0.6215640194980887,0.0,0.4774412199454625,0.5094319702356964,,25.200000762939453,193611.60586166382,NASDAQ
HOMB,-1.7932273850431835,-3.705958895302175,-0.7942586214338299,5.333628545787628,,28.56999969482422,47543107.932159424,NYSE
CCL,14.311627656347525,5.827038228648029,-9.447517471136646,-1.5543200851681815,,25.559999465942383,551685776.0329266,NYSE
MSM,4.5098099661724955,7.941646778548939,5.075214810156514,40.07255909786336,,130.16000366210938,78095091.07723999,NYSE
TDWD,0.05923136486984948,0.35643434594656576,0.8356547282368787,2.095086439029892,,10.130000114440918,7473184.7244262695,NASDAQ
MEC,-6.707960232550747,-17.30888837098994,-54.04409628435616,-11.033098929049146,,16.389999389648438,7068465.866775513,NYSE
PUBM,3.2439276309677467,11.503690535920065,39.189188194016175,127.05910364134012,,18.600000381469727,12021477.846549988,NASDAQ
PBHC,-2.7203142414039316,8.227363086767237,6.095736015338482,32.4257010997451,,16.889999389648438,32479.468826293945,NASDAQ
SE,-4.516449239603448,-15.42002106668895,-5.365291784633641,18.496997112577684,,96.8499984741211,365610100.13978577,NYSE
GYRE,-2.563408920987742,11.347517094384063,4.003454377500293,2.352608862883665,,7.349999904632568,1332871.0327057838,NASDAQ
CLPS,0.29556622475450656,-5.91497535276363,20.701916837005886,15.787078051889702,,1.0199999809265137,5283.599901199341,NASDAQ
JFR,0.7383100442429846,-3.484412884162469,-4.237068165663215,-0.32467501889447137,,7.230000019073486,10598485.9479599,NYSE
NXAT,-20.828755768754093,-31.642963268138747,-78.87316827882678,-93.81322072389277,,0.8611000180244446,81851.00111329556,NASDAQ
CTAS,-1.2255541374872947,-2.8716292026494505,10.28168301712884,14.131820591568989,,195.39999389648438,260919565.84991455,NASDAQ
PRTA,-1.5581397123114904,-11.024699432730678,-12.25124352291247,-13.43558230281573,,8.270000457763672,5908584.527053833,NASDAQ
STDN,-0.290368364892557,-18.80992870041198,,,,13.010000228881836,3400332.6898212433,NYSE
EW,-0.5708357006348863,-4.494801410130734,-7.46540226800676,7.16731138026907,,87.2300033569336,289240036.49102783,NYSE
NTWK,20.650812901928518,41.62585120509379,24.494186722821375,71.22557141267282,,6.170000076293945,2127520.9163074493,NASDAQ
BCTXZ,,,,,,0.1899999976158142,141.35999822616577,NASDAQ
EVR,-0.19623839946645294,-10.106533922705907,-24.630241549010456,-12.895804405266176,,265.3500061035156,159858519.07702637,NYSE
KURA,-2.845453831853939,-17.103629809368105,-4.375448538817528,29.382566189125605,,10.619999885559082,13731744.812026978,NASDAQ
VOC,0.5297242570595273,1.5457801797165827,17.630853044572326,-0.8130059688409519,,3.4200000762939453,216014.04481887817,NYSE
BCX,-2.4782541358169707,-9.792017055466662,4.190773991229801,-2.0603279250080875,,11.899999618530273,1680422.746131897,NYSE
FAST,-0.6172875006341672,2.5142840949856415,4.737279746370682,9.048279074984267,,50.689998626708984,281905482.83263016,NASDAQ
CXII,0.24163589959114162,-0.03707044329945841,0.3162203786647666,,,10.75,14598.5,NASDAQ
LEGH,-0.048134910905550665,3.9699592861560884,11.25143720873243,42.48603270531683,,29.200000762939453,2300726.4601135254,NASDAQ
DAICW,,,,,,0.00860000029206276,310.1160105317831,NASDAQ
SIDU,-13.152804889693003,-16.62024219342968,-31.08211880597267,-32.63315865520616,,1.75,7794531.5,NASDAQ
SHO,1.3991043706645945,1.9109435992679558,0.2838403431102643,25.538532138284587,,11.319999694824219,21017141.593399048,NYSE
FGIWW,,,,,,0.04769999906420708,0.0,NASDAQ
NPCT,-2.2892590929908474,-5.698947370410967,-9.186716820567787,-9.849979838428824,,9.050000190734863,783087.466504097,NYSE
ARLP,-3.365193393157684,-7.276586235483573,2.6602903555739132,-12.446319473061763,,24.790000915527344,8256136.274909973,NASDAQ
WULF,-7.113696512755341,-1.4439478040947695,-32.910374384704944,2.79299009161893,,14.789999961853027,540131907.8568697,NASDAQ
MAC,0.3441609706674509,-3.1183435471090704,-10.351623419245715,18.596163941510135,,22.8700008392334,67880884.0209446,NYSE
HOLOW,,,,,,0.0544000007212162,640.1792084872723,NASDAQ
ECPG,-1.5270801208112084,-0.9555609285120337,4.4734020512073425,35.24766422406556,,97.91999816894531,19131805.082244873,NASDAQ
METCI,-0.9547905345571372,-1.2038025411014952,-0.9586903725021023,0.08978437509574722,,25.096799850463867,189932.58126831055,NASDAQ
CMS,0.696777282739447,-6.729637374114872,-17.086527095263715,-18.397412812452064,,64.02999877929688,342810338.5244751,NYSE
RACD,-0.9848123825288213,-5.224476028026714,,,,11.699999809265137,124569.89796924591,NASDAQ
OPY,1.9627226609904236,-0.2618817565385734,7.489033602526374,33.379433619816545,,121.68000030517578,14268683.555786133,NYSE
HCM,2.0593676831720753,14.865729332043509,28.989410945271167,-4.530358416830205,,14.3100004196167,931767.0573225021,NASDAQ
CLNN,-4.943504787644837,-2.8392703804111963,-33.84665848158708,-20.88558058819845,,3.9100000858306885,1087554.7938735485,NASDAQ
POWWP,-2.09570678858102,0.17167261281225699,-1.7019702181437002,-4.15170319216045,,23.799999237060547,177714.5943031311,NASDAQ
BLX,0.1344605569358226,0.5877402233638751,-7.384626178834863,6.777755440991928,,55.02000045776367,10287749.725593567,NYSE
NXTS,-2.341600453652093,-19.431818720599836,-65.83132571484668,-68.37786043011899,,1.3799999952316284,4792.7399834394455,NASDAQ
DYN,-4.218846468939974,-37.32198389326108,-30.736769001382257,-12.959895503173268,,15.4399995803833,67507491.84533215,NASDAQ
EWAVU,-0.09940584954982734,0.3394570154065857,,,,10.050000190734863,0.0,NASDAQ
RMMZ,-1.9147354963969576,-11.187864333492481,-12.619936396379172,-10.801251066072581,,13.029999732971191,849881.732583046,NYSE
TDW,-4.003272919309985,-13.891919066493763,20.418032755536576,-1.865833330265143,,83.93000030517578,57902132.1905365,NYSE
GREEL,0.09641883846593924,2.629447243534244,11.80702864713754,26.617014712821607,,25.3799991607666,245932.19186782837,NASDAQ
CG,-0.1255505179957428,-16.75944955887163,-7.63979393902866,-15.60072942750076,,39.31999969482422,143429332.28679657,NASDAQ
A,-0.03866995038219745,12.441017749791317,29.5209852305627,49.442055173492584,,171.2899932861328,302988017.5241089,NYSE
RM,1.7637481882205153,-3.86129029999589,-25.179443465640606,-4.6294592171510445,,32.77000045776367,4263671.989559174,NYSE
FTNT,1.9354250253728944,10.972237476572278,13.755429352542237,120.90770323490152,,184.1300048828125,562948949.7784424,NASDAQ
NAMI,33.29558237511048,0.5123820886770547,-31.886575011464934,-84.04067799196405,,2.1500000953674316,125271.90555667877,NASDAQ
FBYD,16.16510382912093,0.2024315175402691,-55.91933004404787,-31.7518247046046,,8.149999618530273,628063.4206027985,NASDAQ
IA,1.6432458340051026,-0.6446165100563506,2.9115584825321283,-11.485596519237829,,19.1200008392334,3401907.029319763,NASDAQ
MBINN,-2.723898388895707,-5.439555240561756,-5.230559726350458,-3.9178044253130095,,18.78350067138672,347513.5459213257,NASDAQ
BBY,-3.717401716460167,4.846202468909211,13.467586965251632,37.03600128957487,,87.38999938964844,255693612.70417786,NYSE
BTO,-1.6184586879276819,-9.043574672554456,-9.02977757087966,1.0899502582673692,,36.15999984741211,1476846.7137680054,NYSE
ELVN,0.34316699815697405,-20.963492784685535,-7.695994137932349,20.721190089841258,,45.470001220703125,37353333.18280029,NASDAQ
JHI,-0.5221911595044038,-7.803991080866224,-8.633093710277862,-5.503020187989005,,12.010000228881836,487257.71928596497,NYSE
ONON,1.4136179124166093,7.681960067298466,-16.111417102809167,-9.129471914675491,,31.8799991607666,327274619.90457344,NYSE
PAG,-3.327493723043551,-7.224774530424849,11.698972236546767,35.56686192886984,,200.58999633789062,80758535.47561646,NYSE
NUAIW,,,,,,3.450000047683716,4954.200068473816,NASDAQ
CHSN,-5.3744483472036535,3.4682140936439065,2.1883944595696203,-99.5888208174596,,1.059999942779541,25522.67862224579,NASDAQ
ATIIW,,,,,,1.149899959564209,30683.930521011353,NASDAQ
PRHIZ,7.020911983652933,33.23367559976364,30.734251229758748,,,26.040000915527344,51376.92180633545,NASDAQ
LDI,-8.849717261708134,-34.193270478718,-49.904762739944665,-56.84865636965928,,0.6057999730110168,1418502.4456043243,NYSE
EH,-8.523728095555139,-7.548846747522742,-32.56680260785677,-58.57540788884491,,4.03000020980835,3644026.939713955,NASDAQ
MYPS,4.073584472996061,-7.005870770633993,-20.214909452337626,-2.0068903872072497e-06,,4.75,192930.75,NASDAQ
KMI,-1.0691053278277352,-3.67467155467166,-3.9517298285123847,-7.586331679548164,,31.40999984741211,293016444.40654373,NYSE
BBOT,-5.444820922492832,-55.9456393754524,-51.65299460850426,-56.27248145716634,,3.5999999046325684,1733878.7540678978,NASDAQ
INFY,2.8663029192576683,-9.340202408771747,0.18365718180779478,-19.185183489764178,,10.760000228881836,185306518.14175606,NYSE
PFAI,-10.045806782500788,-12.10100843940296,-28.966151512810466,-16.77672375954703,,2.6875998973846436,1706.6259348392487,NASDAQ
BKKT,-11.740705722886746,1.3270887973767298,-6.123429577076134,6.538989983223287,,7.570000171661377,6964748.377936363,NYSE
OPTX,16.31263542363486,8.732177422460175,-22.366627698602315,9.009699400904857,,9.800000190734863,9787985.390501022,NASDAQ
PHAR,-7.3900855127363325,-13.081648824053394,-29.37248663939539,-40.13786469911512,,9.800000190734863,104693.40203762054,NASDAQ
PHAT,-3.056888927468726,-23.875135516194224,-36.305503170608475,-36.1387028957958,,6.699999809265137,7401369.18929863,NASDAQ
TLK,-4.775406354775546,-13.112744030214952,-7.454676437805807,-31.40184895119407,,12.890000343322754,12921787.084169388,NYSE
AIRE,-3.493448182836578,-14.999999312254097,-32.51908231341444,-78.56103419311789,,1.3300000429153442,40884.20131921768,NASDAQ
BTQ,8.985509074202502,-3.6515035147648867,-38.106995546419476,21.290323262904366,,3.1500000953674316,4826480.546123505,NASDAQ
VRM,-2.3435058792168895,-0.3824931015668387,19.24201970293804,-29.788827627617675,,9.020000457763672,118477.70601272583,NASDAQ
MGRC,1.9302693857676578,4.101343281562975,-1.8718583111854592,5.333211808324689,,116.56999969482422,21230660.904418945,NASDAQ
AIRO,-7.816860128948633,-9.879913560251763,-11.02128843404171,-21.108589258441825,,6.489999771118164,2387878.5957870483,NASDAQ
HIO,-0.8484854842677247,-5.977012612479793,-10.356167300598795,-9.463200112456516,,3.240000009536743,2114048.1662225723,NYSE
MDA,-5.932204316781853,3.079177462090832,-27.33671379439756,12.574346454565543,,29.5,20446125.5,NYSE
DDOG,6.172277738646614,22.343007955761564,5.790518737915185,132.86872975519276,,276.4150085449219,648815681.637085,NASDAQ
EHTH,-13.863522814972097,-32.85686664009552,-57.197287931381084,-46.34775804449447,,0.6812999844551086,326698.3311458826,NASDAQ
MWA,-0.7835531827553477,-10.166095189068391,-14.822729787206546,-21.894049523463188,,21.760000228881836,35817547.89674568,NYSE
KFFB,2.0966583814940654,0.6304722491631942,14.828135465355707,32.51844549244509,,5.670000076293945,8590.050115585327,NASDAQ
MSA,-0.7494731365113583,-4.136105984108928,5.001921939071274,9.742384991220664,,183.1300048828125,58568638.161621094,NYSE
STKE,4.260653594665809,37.067547676351694,15.076072344440794,78.42590538757852,,1.7100000381469727,746928.0166625977,NASDAQ
SHEN,-6.285717005918534,-10.368109241254352,-19.375362350736037,-26.22387056375993,,11.199999809265137,12951276.57944107,NASDAQ
FPI,4.27698657770037,8.162089542747687,16.9678069066024,-0.1595464506848776,,11.149999618530273,11793365.746519089,NYSE
BBSI,-3.4930388353216824,-9.529689994739933,-17.626592634069095,4.438411259753994,,31.229999542236328,8084291.371501923,NASDAQ
ALTO,-0.6955584570590534,-8.073305149793942,-35.12757635819674,-20.92032394532337,,3.7899999618530273,4146767.8182621,NASDAQ
GLND,4.4230796432001895,218.47508034653757,105.87678071278206,-51.16906469228641,,3.7100000381469727,16712897.211845398,NASDAQ
ARRY,1.427843997460343,-11.521352737777024,-43.47825921995619,-44.703919389306954,,3.9000000953674316,24633324.9023633,NASDAQ
EDBL,-3.770490146971184,-21.419008012108986,-80.95701518411924,-97.51865235203945,,1.1299999952316284,112725.40952432156,NASDAQ
IHG,2.370828169105521,0.9512016484892749,-4.489045400037939,21.095065064160877,,159.50999450683594,18018727.509475708,NYSE
CARG,-2.692628148340259,-13.892523113192933,-13.990343236299019,-11.429573650455993,,29.350000381469727,62767940.16581154,NASDAQ
RPGL,61.94209773217594,4.014012981907045,-16.110675256938944,-92.20301514966461,,34.88999938964844,1072902.371231079,NASDAQ
CNOB,-1.523501057678922,-3.7389109525288178,-7.569672947856398,13.046065840447962,,30.520000457763672,9881948.868217468,NASDAQ
TNMG,-3.102515025489394,786.8313005819302,525.725929289472,134.49402407978374,,4.400000095367432,1070291.223197937,NASDAQ
QNME,-28.002059521560398,67.04898262635011,24.118955105426277,-16.872772223300668,,0.5794000029563904,13698535.836096823,NASDAQ
KT,-2.5272251281714175,-3.6359923315518294,7.659139814128624,-11.525548983012701,,19.010000228881836,60158020.1843071,NYSE
BVN,-4.904023141135538,-8.020019323922034,7.451726332715447,-12.131658805808454,,31.59000015258789,16363462.129039764,NYSE
BSTZ,2.4426430539137955,-2.1336964209690668,2.6365587541712587,36.99693034249869,,31.0,3219691.0,NYSE
SMBK,-0.27066540116439386,-1.4126057867759778,6.084343605730402,27.35729109767606,,50.59000015258789,3411030.7602882385,NYSE
WBI,-2.9365791477461767,-10.962151112462838,-12.307315972193267,10.134978348098954,,29.229999542236328,12692893.461219788,NYSE
UBSI,-0.38649734124480695,-1.7618143535206854,0.07765998065460966,11.588977893804042,,46.43000030517578,61008277.520996094,NASDAQ
SRCE,0.3960002071594193,-0.2792898892180484,4.238033698002708,22.32278265913774,,86.26000213623047,10041095.548667908,NASDAQ
PECO,0.9090433235400708,-3.8096685314993994,-10.376457508379088,0.4175155739579717,,37.36000061035156,60290111.94496155,NASDAQ
TU,-4.194155868450922,-15.835230186502846,-21.702292300276394,-36.853548326094945,,7.880000114440918,36392858.56853199,NYSE
AFGB,-0.3083079958465129,7.120582874967485,8.081006064532414,6.596080508284552,,22.010000228881836,437690.8645515442,NYSE
STBA,-0.7574541345536812,-1.388556851033318,-0.5035555302189132,16.184558847657527,,49.22999954223633,14703720.883277893,NASDAQ
RRC,-2.221070356538002,-10.289006682830927,0.6947409386923731,-15.129949284509292,,38.66999816894531,119840528.51545715,NYSE
FND,-2.2723421372797037,-7.002497755712589,-20.60299887027889,-6.201770929273998,,46.54999923706055,141728827.5771103,NYSE
PLMR,-0.826720148109894,-5.73686708786253,-8.917818936434664,4.756088158153804,,127.33999633789062,35569626.49707031,NASDAQ
TMC,-6.735751386774935,-17.915310407527507,-11.26760511354803,-15.8504032787543,,3.7699999809265137,12891759.984776974,NASDAQ
YUMC,-0.9268770793789183,-8.907828821299601,-2.473110497054276,-16.687861863796293,,40.25,47829477.5,NYSE
RLYB,1.3085872664172937,1.2543824738645792,7.599975211335952,102.95519487605058,,16.899999618530273,78280.79823303223,NASDAQ
PAGS,2.3757147443902227,-0.6616891450512585,3.3074356599549937,-9.154793067847011,,10.949999809265137,197106840.31665325,NYSE
JENA,-0.11511975949841657,-0.591942743266971,0.1924583081332809,1.8986089104539028,,10.430000305175781,8357110.754524231,NYSE
NCOOU,-1.2357789954554166,0.5190604154855727,,,,10.069999694824219,0.0,NASDAQ
OFLX,0.5541672493146077,-2.379328185182994,-17.42195929123066,-18.71924392845511,,25.639999389648438,852837.6596984863,NASDAQ
IGACR,-0.9874999743886281,13.644189807276241,-11.988894330571986,-16.621053427408285,,0.15209999680519104,4655.324602216482,NASDAQ
VS,-1.1121397899145569,-13.113577066712557,-23.18214374278339,-8.170815254718056,,1.0700000524520874,26889.101318120956,NASDAQ
LOGI,-0.1505531874192001,3.049012851920385,7.011439455489965,11.670415771042952,,101.37999725341797,42328277.833244324,NASDAQ
WENC,0.02998269661580455,0.09000205993652255,0.6941693809287441,,,10.015000343322754,11206.785384178162,NYSE
QNBC,-0.22809038459855602,0.7664021378392949,3.7919221997415598,12.698804449732904,,45.11000061035156,2070503.9180145264,NASDAQ
CRBG,-0.6159437162187587,2.3005842307542324,14.049141056257941,42.07127729052016,,34.84000015258789,124885374.1469574,NYSE
BRBI,4.473312984886979,11.352604024846391,3.1336736117430153,-20.236380634335283,,13.760000228881836,87389.76145362854,NASDAQ
KB,-1.9740479331147198,-1.6592858932628962,13.807935818787676,24.92916651827688,,124.75,18658732.75,NYSE
XMTR,2.0167058416272976,12.590128006388124,10.610592986691403,154.1803772795784,,107.69999694824219,91504933.00714111,NASDAQ
GFS,2.0948789850534943,9.604291345358206,-33.23175016189134,11.832058946246482,,48.560001373291016,213767924.4454193,NASDAQ
RDGT,-3.7159093099623175,-10.053077620041451,-43.4379169639339,-78.2743588472024,,0.8865000009536743,31324.477533698082,NASDAQ
NVO,-2.694885737506447,-18.173133961936394,-23.39456772156754,3.4638004344361706,,37.540000915527344,677393812.5003128,NYSE
WB,-2.1380568544861256,-6.178624092597385,-13.638815006977756,-26.547456796389834,,6.480000019073486,5510857.696220875,NASDAQ
IIF,-2.898156162100607,-7.479225346351271,-6.663172775753923,4.1715425513127125,,21.280000686645508,235207.8475894928,NYSE
AKTX,-7.732847790334619,-13.2787185059003,-20.537660230731426,100.97130360310156,,8.9399995803833,84080.69605350494,NASDAQ
LGN,0.33891979983606824,1.3137138900308765,-31.546090586102682,-6.08698604291642,,53.790000915527344,77069291.30175018,NASDAQ
HCWB,-8.03474372248212,-49.26624700521914,-63.109755268100564,-10.427241380166741,,1.6399999856948853,134498.03882682323,NASDAQ
SXC,-0.8206823432149957,-6.062961408991752,22.50379768889623,48.967638744880546,,9.9399995803833,11982848.414144516,NYSE
BSRR,-1.0869055705328479,-1.7002558233652265,-4.1776365092228485,15.595408616545159,,39.38999938964844,2440722.532180786,NASDAQ
CRUS,0.7311218744083359,9.075463006682805,-18.073828101962153,-16.877643697788493,,121.3499984741211,93489616.37444305,NASDAQ
GAP,5.23809457270239,2.4516376502090154,20.72696652121273,-6.37882012984794,,23.299999237060547,161670632.9062271,NYSE
ENVX,-3.3379695080214544,-17.212624631752284,-50.15241175802275,-46.20742929648047,,2.6700000762939453,12132766.036687851,NASDAQ
AMT,-3.970269407030269,-7.063349104673677,-0.7873263655535312,-5.4721419923206005,,162.25999450683594,403082546.3740082,NYSE
CD,26.962390432754056,104.1873431061187,53.59309484607115,56.51450134794358,,7.510000228881836,1069777.002603531,NASDAQ
GNE,1.7823510785264007,7.475148220831795,12.018234242303926,15.34850630523199,,16.110000610351562,2006822.7760314941,NYSE
RRBI,0.973870095666185,0.0532294887788165,6.859671474847828,11.26140002064564,,102.97000122070312,7022862.993255615,NASDAQ
SAN,-4.259183297070135,-6.606732374189783,-2.224759520589059,21.388100332752646,,13.899999618530273,290978644.4144211,NYSE
PCTY,0.5869264438310484,-7.658322357311464,28.32834016391834,35.23439391936729,,147.38999938964844,82086649.31007385,NASDAQ
EPSM,-11.881187016985283,-15.799432651432245,-4.301074835636753,-11.631206299756036,,1.2100000381469727,26313.870829582214,NASDAQ
QNST,2.4111338915792757,-22.19198221559635,-5.251751423819351,23.062914558201687,,14.989999771118164,14278409.491983414,NASDAQ
BJDX,-11.70416436298851,-1.8025917055660812,-31.086178817032938,-55.434278940862946,,0.7612000107765198,297101.6926061511,NASDAQ
EVGN,-3.527775461352378,-22.822222924723057,-3.9723488283024633,-46.15503753591007,,0.40380001068115234,239423.92893314362,NASDAQ
ESLA,-1.282051331036027,-33.10164969018875,-53.20097173444097,-58.378377083824084,,0.4399999976158142,13699.839925765991,NASDAQ
AACIU,1.4150892116569835,1.7751414734418214,2.3809501283202916,3.5520741583886295,,10.319999694824219,0.0,NASDAQ
PAYO,0.028002666015125577,0.2807408898199082,0.5347581741101504,47.17758474768663,,7.150000095367432,31010508.51362133,NASDAQ
SPTX,-10.598338464627933,-21.405459710572316,-6.522595907884576,,,18.5,3189807.0,NASDAQ
CHSCN,-0.6293917346275713,-2.6958245643327494,-1.2190185957485555,-1.6240556684490204,,24.350000381469727,927223.6645259857,NASDAQ
PONO,0.059877800252250424,0.15984000374991147,0.6626523616796387,,,10.039999961853027,9537.999963760376,NASDAQ
TNET,-2.6810620283891806,-7.8484890033513555,18.182836178546992,70.99660398806411,,63.900001525878906,25333666.8049469,NYSE
APTV,-1.8035078152704664,-4.023441594339072,-27.192189711746206,-31.838383198751597,,43.88999938964844,115065884.71984863,NYSE
PTRN,-5.8032821529517165,-16.255345352879036,-36.075058462152455,40.03249124227166,,17.40999984741211,19739945.306991577,NASDAQ
WTTR,0.060538254886699505,0.3846553948715581,5.803907466098823,30.624342252704583,,20.059999465942383,44283291.34104538,NYSE
ETON,-5.331258778554671,-9.54348586561402,47.047124270981634,123.1791844282447,,55.619998931884766,21804485.701271057,NASDAQ
UBCP,-4.455835164363786,-7.081682125443189,-10.07051868732649,-7.671788445697159,,14.0600004196167,93850.50280094147,NASDAQ
OCCIN,0.19009841441455233,0.10739259513741217,0.9716646519537075,1.6537096575979016,,25.0,67150.0,NASDAQ
NRXP,-5.918698286330959,-16.67626841635871,-27.402759739665328,33.56417079989742,,2.869999885559082,1930769.463010788,NASDAQ
LITE,10.544895592512216,17.53513069044139,35.359514453231355,38.863750155135854,,1091.6700439453125,3273992695.3549805,NASDAQ
INBKZ,0.16151804808253178,-0.13090116146711184,-0.15862375490041103,3.0071182450170264,,25.204999923706055,3175.829990386963,NASDAQ
ALMU,-3.910363047706178,-0.7611085280169072,-34.692835081801235,0.1646147879399651,,13.079999923706055,5940922.885347366,NASDAQ
ZBH,-1.9947092675257405,-10.160997554072148,2.5612256289609725,-0.8562710758521552,,91.56999969482422,209985209.92018127,NYSE
UTHR,10.438351759012953,6.031420103067053,-3.0117847434391165,-7.066237936963448,,536.4000244140625,436679505.0753174,NASDAQ
HAIN,-3.3206111541766004,-30.602740615007907,-10.17730310873316,-31.355013712541215,,0.5130000114440918,513674.09345912933,NASDAQ
VIVS,-9.96491234032475,-27.718309201742052,-79.47200000286102,-86.89144324097872,,0.20640000700950623,91015.38549095392,NASDAQ
CRVL,1.7408296814995117,8.151504521119524,17.484424951854027,38.45387701618714,,76.0,20591972.0,NASDAQ
BOSC,-1.567130089378388,-0.0859823916704805,6.070289410341112,-1.4418985447447685,,4.639999866485596,85069.75755214691,NASDAQ
SOLS,-0.48523332894326865,-8.340567430855161,-25.35285025781395,-25.086064013533495,,58.060001373291016,145667840.58547592,NASDAQ
RAC,-0.10034752098213584,0.06068754292822831,0.6716279929992464,1.2822996442732881,,10.5600004196167,2366210.9740247726,NYSE
ARVN,-4.307930128807779,-19.372854066385525,-10.491180240850738,-30.712442575139566,,7.460000038146973,4680083.24393177,NASDAQ
TRUP,2.9993090655954235,-17.313847619117904,-9.814040529660083,-7.374493919962077,,24.56999969482422,11049988.81275177,NASDAQ
MCI,-3.609754021905709,-8.282618745831783,2.2303961765664626,0.9880759191048583,,18.0,309888.0,NYSE
IDYA,0.3654286847375454,-5.386918193673984,-0.7645155205565746,16.74367030036965,,38.060001373291016,25043671.203632355,NASDAQ
KMTS,5.281611334117686,9.620820496825534,3.8719035274045632,43.259465694640944,,28.34000015258789,8321700.964805603,NASDAQ
R,-1.4759583282309086,-4.989787308390392,-11.834681641163236,13.919177255062909,,235.94000244140625,92879905.42108154,NYSE
MATX,1.0449159121176388,2.207672358464041,13.024314116861934,38.262776559730426,,230.66000366210938,63137178.84240723,NYSE
DOO,-1.6973623054737041,-10.820395724570375,-5.867476503336433,-22.225008599330142,,55.0,7225185.0,NASDAQ
OLP,-2.3786264678983704,-7.981260654835076,-11.760931869477066,1.0473140220283117,,21.920000076293945,2164556.1675338745,NYSE
LEDRU,-0.04152548476927809,,,,,9.969300270080566,1993.8600540161133,NASDAQ
BMRC,-1.4559611223123103,1.9841860793740063,-3.7047486142604447,5.951644749746365,,27.420000076293945,2356694.166557312,NASDAQ
NMRA,-20.477251719784505,-57.97492641859448,-66.12009515084114,-71.76114881273985,,0.5253000259399414,1570283.5699424744,NASDAQ
DTK,-2.298310403996484,-8.991612082756873,-12.819654722719099,-12.888925992176647,,20.969999313354492,1485221.1713676453,NYSE
CSAI,-19.73525725364863,-46.98986619189489,-76.04166611358238,-85.16294020885118,,2.6500000953674316,75816.50272846222,NASDAQ
ASIX,0.03722856704551081,-5.030634202850292,-20.25917639595599,-34.765720723410084,,16.479999542236328,4309058.440307617,NYSE
OTLY,-10.819780085172326,-26.10010831652534,10.78128318127034,5.704171053305895,,10.470000267028809,1025976.266166687,NASDAQ
YSXT,-5.243444301615541,4.200988353016832,11.946903971220134,4.718542430404615,,1.2400000095367432,302.56000232696533,NASDAQ
FRNM,0.14313245470900515,3.5787856717995448,46.104958205963165,47.30867851836027,,16.829999923706055,13004961.691045761,NASDAQ
IOVA,34.035805828565024,72.02010385645762,242.5643454875255,322.5161609181602,,14.149999618530273,165877516.47810936,NASDAQ
CLLS,-2.1680228446350647,-56.55836366356228,-54.15873073396228,-56.24242542378938,,1.409999966621399,52525.31875658035,NASDAQ
CUBB,-1.6085131661085272,-4.789280523335004,-3.7681263096503548,-6.573092884012411,,20.725000381469727,67003.92623329163,NYSE
JHX,-4.537865769522897,-14.012301134293603,-2.0020236884470743,34.81941838275233,,25.200000762939453,150893446.56835556,NYSE
TTRX,-1.1688118953536941,36.32653100149972,72.74372914130298,311.9642340075646,,12.359999656677246,1376199.4417734146,NASDAQ
DDD,2.1566394920000898,8.761328177902495,24.309392501712534,92.30768946657678,,3.559999942779541,10786280.066630363,NYSE
SPNT,-3.5379386467960128,0.3936358374069915,0.8235891306448861,11.97292419830649,,24.5,20725603.5,NYSE
CNR,-2.7307314476586297,-12.81832922293954,10.797399510964723,-16.143730286974023,,91.01000213623047,55552869.34396362,NYSE
GPAT,0.21940215911868677,1.0623485187610804,1.6945731193160674,1.9196005956428452,,11.105999946594238,44490.63578605652,NASDAQ
LHX,-0.6205289513940171,-9.950003837653576,-20.007964116489163,-32.42193713603739,,236.8800048828125,301659816.6981201,NYSE
BOBS,-0.3846708354150463,-16.17312162746758,-13.390313986018453,22.968692177415218,,14.149999618530273,12287817.218732834,NYSE
HDRN,-9.275362143569632,-35.12953441867399,-38.807427911181236,-88.23750477441938,,1.2000000476837158,52879.20210123062,NASDAQ
NBP,-7.113542770409187,-24.387527097545846,-32.838773576731896,-43.46378058566878,,1.3600000143051147,251580.96264624596,NASDAQ
IFRX,-9.504131839563756,-20.652175438839738,-20.652172011666536,95.3612831704864,,1.6799999475479126,1177691.7232307196,NASDAQ
AMIX,-6.040939909591392,-21.811382750911832,-42.77896097053831,-54.46186523359528,,3.5399999618530273,471106.73492336273,NASDAQ
LIFE,-2.132798437998251,-7.718994857871609,77.4072489622829,197.25859845976353,,36.130001068115234,77558972.61288452,NASDAQ
GM,-3.838853582568391,-8.140642554912281,3.3465810486140946,7.334291197621656,,80.2300033569336,520534107.06986237,NYSE
RNAZ,-3.705883026123047,-22.08472118632002,-78.83919317474906,-81.15791891840686,,1.7599999904632568,115424.31937456131,NASDAQ
ACRS,-12.36080147228339,-21.847070163186267,-13.5164821210779,21.826628354022336,,4.269999980926514,29955787.75619173,NASDAQ
LIDR,-3.5863205003886955,-11.485449985861006,-18.130311050297486,-35.49107069206633,,1.100000023841858,598192.1129654646,NASDAQ
CLST,-4.3256682196886835,-2.5942323449038907,4.158066288897255,2.460141459278531,,16.75,26414.75,NASDAQ
TMUS,-1.118382521773631,-11.228232170484675,-7.770983753975679,-20.633516289513853,,164.63999938964844,698967427.9687958,NASDAQ
CNCK,-13.422006211077974,-31.417622084248,-38.16925849414044,-3.504044568722009,,1.4199999570846558,56446.41829407215,NASDAQ
CHY,-4.137250943782956,-8.75136938852129,-13.483478422351624,5.874884467502239,,11.65999984741211,2114109.552333832,NASDAQ
CENT,-0.7862098442645404,-7.547081046255755,-9.804820542667159,7.909881140493047,,39.70000076293945,2859948.3549613953,NASDAQ
SITE,-3.3831973048237374,-8.63129941510783,-19.808731122166435,-31.09631034678134,,87.66000366210938,92153718.42984009,NYSE
CMC,-2.511571444323202,-7.108836518453399,1.9324456092129516,2.7679304326273746,,65.51000213623047,88769393.90470123,NYSE
REYN,0.6669707968458116,-3.5539211082603717,-17.665520433088723,3.9728215872192996,,22.229999542236328,27771805.04811859,NASDAQ
NMI,-3.921569746719067,-10.874973293740474,-14.82159249160091,-9.046499320111057,,9.1899995803833,559625.0244474411,NYSE
PRT,-4.6859424720926075,-12.694066730636877,-14.870882221349513,-42.30537126557115,,1.8799999952316284,49776.759873747826,NYSE
ONEG,-3.1141714315965796,-3.871091262350035,-15.722604644524441,-54.34322791818757,,0.9218000173568726,94840.31658577919,NASDAQ
ALRM,2.616999450803559,-3.462242162467921,11.591077745788802,26.48945984103719,,56.2400016784668,29290917.674179077,NASDAQ
NSC,-0.1466613811019979,-6.91841951697032,-2.1862254934413516,9.323646743058411,,316.2300109863281,237227848.4916687,NYSE
STTK,5.557310466188636,-3.9091683189665827,-4.485714715062339,4.993719048266576,,6.5,8055515.0,NASDAQ
INLF,3.896786575811162,1.3353852596827753,-42.528402125090814,-99.59232168195335,,3.380000114440918,145231.84491729736,NASDAQ
IVDA,-3.5657909189110493,4.700000776989111,-11.698795544545682,13.62791166388082,,0.2858000099658966,43404.16171351075,NASDAQ
BLCO,0.447165297907981,-3.7112207397328567,1.0416679366520132,5.8138100032503415,,17.170000076293945,6915938.670730591,NYSE
RPD,-2.6924949649645535,-1.2479614044738407,25.957135494954088,119.7277656200169,,12.359999656677246,17677444.54897499,NASDAQ
INTU,-0.6557423955546593,-20.41977025148949,2.61951051536522,-34.54624226852725,,284.67999267578125,830569536.031189,NASDAQ
NEWTH,0.09926149424053232,-0.08322879527939975,-0.744094247893079,0.32232446309199414,,25.1200008392334,219222.24732398987,NASDAQ
ACGC,-0.009944539136419461,0.5097982122782119,0.99437885810163,,,10.055000305175781,2222.1550674438477,NASDAQ
FNB,-0.9264570175725684,-5.084375723602741,-9.374348951161826,3.451569814222455,,17.399999618530273,70457696.6553173,NYSE
FSV,-0.7072499841716984,-8.320977556313292,-10.752084329015055,-7.39807555593538,,128.27999877929688,9226667.192199707,NASDAQ
SWMR,-23.195632823088697,-50.003061688948904,-61.3248675457365,-67.73785551047484,,15.680000305175781,11064952.85535431,NASDAQ
FUSE,-15.815980802260132,-22.046020937836065,-51.46175981674682,-47.82518222150639,,0.41100001335144043,198124.61143612862,NASDAQ
HASI,-1.2508887949695957,-9.43443687312373,-6.191690894643431,-2.666017873832749,,36.310001373291016,48842579.897289276,NYSE
UZE,-1.908161058226976,-5.188003094698157,-7.067879987152659,-10.912342594956758,,15.880000114440918,117242.0408449173,NYSE
NZF,-2.595997112328474,-10.15962849263593,-14.671511087149103,-11.455261672163974,,10.75,19325468.5,NYSE
FIP,-12.164348907936462,-20.983703396297628,-39.37025506826897,-45.284160255647755,,2.7100000381469727,2226479.1213407516,NASDAQ
C,-2.6824139626136834,-3.765268247396514,-8.56547054066833,13.320669961712394,,128.5500030517578,848523861.6438293,NYSE
PHOS,-4.649426754467923,-8.809890628940442,,,,14.670000076293945,340167.961769104,NASDAQ
UK,-4.1881243776292765,-2.2794836652199613,-4.457361377150104,-57.7368193461236,,1.909999966621399,14321.17974972725,NASDAQ
MMSI,-0.7727042577804322,-3.9442410187599752,22.431897177333294,26.793827564729256,,87.13999938964844,52191718.374435425,NASDAQ
CCEC,-4.4795404577587465,-8.864996121937342,-5.058292762413041,7.182091599778984,,20.700000762939453,117617.40433502197,NASDAQ
NDMO,-0.6983585737629916,-10.333606373368987,-15.360983406707474,-13.687099255347867,,8.779999732971191,3409063.1763191223,NYSE
CNH,-2.266962783133697,3.1968529768816145,20.97102002589304,21.802978753908576,,13.300000190734863,145360051.1846037,NYSE
MKZR,-0.5745455646417819,-9.530832188221039,-20.971897149686335,-61.495891761336196,,1.350000023841858,5964.300105333328,NASDAQ
ENLT,-4.522411964570461,-12.322353376677365,-21.881367367127357,-1.5332473684928294,,65.94000244140625,10302334.10144043,NASDAQ
IBIO,-7.003260238107167,-12.153845789869855,-31.94278988470387,-40.33437943947943,,1.1200000047683716,1258845.2853595018,NASDAQ
MNDR,-4.8584062646275346,-16.007811561280207,-60.05820380696456,-74.9802182487148,,1.2805999517440796,32820.496163249016,NASDAQ
COLB,-1.5677408180756247,-3.8646688953840713,-10.495516098045277,4.25639827220301,,28.84000015258789,74917783.75637817,NASDAQ
BUD,-4.835213986932452,-7.185611851934626,-8.451996979357833,4.778533214910907,,74.81999969482422,191695573.01811218,NYSE
AZ,3.967410148077777,-4.303880562040363,-4.02223982163984,-17.92505672041965,,6.230000019073486,3013544.4592261314,NASDAQ
AGYS,-1.1004685710986895,-14.26606855883017,-10.134481878590451,38.608539373439264,,99.5,36645452.0,NASDAQ
VSME,3.814901823345118,-11.727443994685515,-49.5170132919928,-6.90283201334585,,0.9100000262260437,57808.66166603565,NASDAQ
AXSM,-7.399444741500661,-10.770243180730665,-25.625562278445713,8.264594917138224,,177.0800018310547,152089409.49264526,NASDAQ
IDACU,-0.07945959518516066,-0.3960392113094846,-0.6125242215560545,,,10.0600004196167,0.0,NASDAQ
OFSSO,1.408672062611438,2.7923183812950336,1.8310442500999002,1.2264649334235544,,26.0,0.0,NASDAQ
AMAN,-0.5251325642161131,-0.8041880625086706,4.594756299441172,,,10.609999656677246,4838.159843444824,NASDAQ
GDS,-9.379746356119433,-5.8478247967238435,-2.3500917433941892,-25.549011967517888,,29.290000915527344,60955596.64530945,NASDAQ
LANDO,0.2218182263646007,-5.116459054972844,-2.587221993980493,-2.2615547397154656,,19.959999084472656,370517.4630050659,NASDAQ
RRGB,3.309314798234708,-11.19522848671336,6.200275008800893,160.1478518862379,,8.050000190734863,1985983.3470554352,NASDAQ
GLAD,-0.08297025891180754,-3.8331005598824186,-1.4122011167514215,9.179510882230236,,19.1200008392334,3076637.5750427246,NASDAQ
PROF,1.1589691600600416,-14.176695945428664,-16.50485361541759,-8.482001807474015,,6.03000020980835,805469.3380255699,NASDAQ
BGSF,-0.44229666403802215,-6.105418047413458,-13.78829774861301,-21.296881592556094,,4.78000020980835,83396.66366052628,NYSE
ARCI,-0.03960486536290775,-0.39463260516436893,0.8591433710517515,2.393511671977344,,10.079999923706055,101807.99922943115,NASDAQ
GTES,1.88964328875747,6.687771135796594,-0.21467096894342008,21.157645738678777,,27.809999465942383,59596161.415527344,NYSE
SELF,-1.8072319381461366,-7.874906388816627,-6.285932874157485,-5.011656667690434,,4.900000095367432,221656.40431404114,NASDAQ
BDX,-1.7415606346124268,-4.615432620008065,15.805724579712654,15.219320899263922,,180.6699981689453,295681628.2833252,NYSE
NPK,2.1282389830725723,0.9424021403919847,20.53071922587124,7.870553578860795,,151.85000610351562,17531083.20465088,NYSE
HROW,-7.206608982655172,-18.354027549943762,-29.832643707961502,-11.786964018414292,,30.579999923706055,17951621.995212555,NASDAQ
RYAAY,-0.21090070175532327,-0.0036431721262442096,-16.109801666173695,-5.733030601794564,,54.70000076293945,50270996.40116501,NASDAQ
CCXI,-4.698739743104808,-11.633078360187277,-31.214673607796396,17.33569586353232,,12.069999694824219,18568644.44051361,NASDAQ
MEOH,0.13203757525201976,-0.3033755506371416,30.959970306710495,-2.2216348671397435,,60.650001525878906,37595540.99585724,NASDAQ
NVCT,-0.9837883940594261,-10.29623904231769,9.72900102916816,177.88588232240636,,21.389999389648438,4155435.181427002,NASDAQ
CCSI,-0.1353625859008667,-2.230812183582609,-6.153599887809436,48.043481297872304,,36.380001068115234,3611879.2660446167,NASDAQ
MATV,-2.9615039120573616,-3.422305612809773,57.489981676847954,37.80373747645114,,12.109999656677246,4926226.760339737,NYSE
ISBA,-0.03171018703366224,-3.3663670867854822,-6.536562874107488,-17.25932848480969,,37.869998931884766,2011427.1232681274,NASDAQ
SDHC,-1.9911071758858645,-12.435234355413593,-34.90820440905098,-22.70163181686662,,10.069999694824219,473390.6856536865,NYSE
OIO,4.395603537999038,-2.2655153165604736,-23.47900694801175,-80.74601137232973,,1.7300000190734863,185871.20204925537,NASDAQ
RDAG,0.15348630352072234,0.3846150319251729,1.0257360651054537,2.0527844857638033,,10.4399995803833,5219.99979019165,NASDAQ
DIN,0.6071595549766551,-12.188584116898848,-19.647734256719286,8.882175425048832,,29.860000610351562,26367903.398971558,NYSE
NSAIU,0.019328153755560074,0.2791207500113968,,,,10.03969955444336,3192.6244583129883,NASDAQ
NCEW,0.011538689655399281,-4.639883670801903,3.6085582682140016,48.71794964063136,,16.920000076293945,0.0,NASDAQ
APLE,1.8066281932478834,2.909322878852616,-1.3759776744665775,41.63633252799735,,16.399999618530273,56189481.893013,NYSE
VLN,-0.10660843695242672,7.7011503655429525,-12.429904936494651,61.83074047641839,,1.8799999952316284,522927.63867366314,NYSE
TBN,-5.219167040043171,-13.379403310874139,5.58617110489148,-26.267136654469635,,33.900001525878906,4473579.801361084,NYSE
COTY,0.4521454581100537,-7.237298063443831,18.805705241836446,29.669262638359008,,2.7200000286102295,14160575.828947544,NYSE
HIND,-3.7661062207472007,-11.283694404415145,-12.758313567940649,-8.654755621749533,,1.9299999475479126,19593.35946750641,NASDAQ
RNAQ,-0.43613671339317595,,,,,10.04010009765625,15813.157653808594,NASDAQ
TGTX,-4.01752950014721,-1.489584859424986,-0.5484947091133341,65.40203948837333,,53.90999984741211,83335048.14412689,NASDAQ
TWFG,0.8578742221021063,-16.814640983746276,-3.029580332014803,33.43882902159032,,24.729999542236328,1871096.4953651428,NASDAQ
JZXN,-1.0600696666674403,-2.6086932184114286,-2.0979001304153866,21.68622394964881,,1.1399999856948853,1534897.1207395792,NASDAQ
AUGO,-4.369540882075196,-3.7762146017415676,26.249177153795998,-3.0220844967351224,,85.16999816894531,99601969.18867493,NASDAQ
INNV,-3.977579514767382,-17.625301594869036,-24.903051150035406,12.788045440298191,,9.0,5235309.0,NASDAQ
NIXX,-10.360437325473226,-49.50450356675468,-79.63151026886366,-67.52543096434673,,0.3199999928474426,260196.47418415546,NASDAQ
TVACU,-0.2991210471055217,-0.8183011536390783,0.6226377443047992,0.056282886778169505,,10.699999809265137,0.0,NASDAQ
AACO,0.04001692266277779,0.2606779922583513,0.7455185280879295,,,10.0,0.0,NASDAQ
LUNR,-7.885624769980637,-4.2261020573924775,-26.626493448527246,-29.610032795893716,,14.289999961853027,107421244.99324036,NASDAQ
MENS,-3.0927871678521512,-9.218612507677438,-3.2740892532993393,-8.088890625753498,,2.049999952316284,97112.59774112701,NASDAQ
DECK,0.14969780818427925,-7.706698022440572,-23.51277036535391,-20.406516640163062,,80.20999908447266,224618076.1861801,NYSE
L,0.25105074127043103,-3.4066343799416865,-8.662276554487146,-1.4139558203160818,,105.66999816894531,119375608.27145386,NYSE
DTG,-1.1722862331656314,-2.9587005159383506,-9.7787871724765,-7.235791215388632,,15.40999984741211,492334.0851249695,NYSE
ULS,0.7879753928178523,-10.744691690831587,-30.139181587667686,-21.339189462098606,,68.25,82784110.5,NYSE
MLEC,-13.834693463821058,-29.481783014079,-37.017061734524034,-34.35135060840491,,4.860000133514404,270016.7474179268,NASDAQ
KYIV,-3.7959124672081956,-7.655995844968045,-21.3271325605627,24.97504530000587,,12.569999694824219,4490368.420982361,NASDAQ
SAC,0.06937033094398526,-0.019802432681448323,0.36775750916844263,1.324506834780781,,10.100000381469727,91122.20344161987,NYSE
ERIE,-1.5704405399120325,-14.1671126711989,-12.326336298330764,-11.510004086489046,,221.4600067138672,29507331.294555664,NASDAQ
PSEC,-6.347751888343078,-8.781365315091838,-9.67169719291846,-21.632025492691366,,1.9299999475479126,16105123.882307053,NYSE
VGAS,-5.034719498678575,-17.496226972042138,7.465623576778069,-30.407123983422323,,1.090000033378601,33544.75102722645,NASDAQ
WLK,-6.572533088805688,-15.85612299003013,-14.900714101564482,-46.24105491651991,,64.61000061035156,68576860.81782532,NYSE
RIBB,-3.8265397830913095,-25.31319144353139,-24.646842708796623,-22.85442701778335,,7.400000095367432,153498.20197820663,NASDAQ
AKAN,-26.751385667182415,-41.07470583365828,-82.21237543129088,-26.609411008939432,,1.909999966621399,159712.28720891476,NASDAQ
IIPR,-6.8585184099024925,-8.40193579544909,-16.82974637042346,3.7165966178700494,,50.540000915527344,18387614.753089905,NYSE
AX,-0.8266133519035601,-9.205696361517035,-11.253648929020521,2.7764761597443455,,88.51000213623047,35466842.95600891,NYSE
KNX,-0.547429720781023,-4.206555782027877,-14.590006807622569,12.53417478713892,,65.23999786376953,199108363.3603592,NYSE
FRSX,-5.145794803309178,0.8204185230497485,-40.151514232776364,-53.52941044474142,,1.0800000429153442,14270.040567040443,NASDAQ
CTMX,-4.473305324712518,-24.94331104989148,-29.64930805403817,-41.49359159716409,,2.5799999237060547,4557500.205228806,NASDAQ
DRUG,-9.547827820154764,-29.693669649064415,-25.736673706252965,-30.683019430789205,,49.790000915527344,2785551.391220093,NASDAQ
ENGN,-1.6161600787619412,5.411255335857379,7.032969569457426,-71.08075956535274,,1.8700000047683716,1781868.774543643,NASDAQ
CPSH,-2.9075789801166096,-1.05820130515627,-28.049250214397837,-5.74596709383769,,3.630000114440918,1093356.0344696045,NASDAQ
HPS,-3.008250909966159,-13.074359309593419,-17.533004547381935,-16.04368044639488,,11.760000228881836,1570512.7505664825,NYSE
AQST,-4.351460354720571,-12.41379044490315,8.085113655099452,11.295034674348425,,4.570000171661377,4979842.357056141,NASDAQ
BTCS,-6.372239725806306,10.416665557949312,32.49999866953919,6.456241801047491,,1.5099999904632568,1790822.238689661,NASDAQ
RTACU,-0.13956226881073341,-0.3897912610010379,-1.892142121251994,1.8407787223507999,,10.704999923706055,21624.09984588623,NASDAQ
SB,4.458906704447729,-1.5000017881392935,33.641690971319946,35.31064585917845,,8.75,10028558.75,NYSE
ARGX,-2.2050263469564624,-9.525039559279113,1.8198006561574553,27.919451975145094,,912.8699951171875,294056421.4371338,NASDAQ
VLRS,-4.172790315534058,-0.9115761763457741,-29.32379694830829,-8.34738694040854,,6.449999809265137,1398476.0586452484,NYSE
PGNY,-2.3875953615173917,-3.250095653203089,-16.170693594164387,49.56645823122876,,25.860000610351562,27143742.760650635,NASDAQ
DUOL,0.5158160186120586,-6.204105769905954,15.92121002407756,49.12541298740116,,147.10000610351562,123736994.73413086,NASDAQ
EPD,-3.205369782927847,-7.855864611137864,-2.09623146689798,-4.990779891972197,,36.79999923706055,105821820.20609665,NYSE
BIXI,-0.3349717740579128,0.20802097233212358,1.089235762753904,2.099315575996785,,10.079999923706055,32215.67975616455,NASDAQ
QUAD,-0.4896753131851561,-8.316988394561886,11.764703601926584,37.6325099378636,,9.5,2300007.0,NYSE
WYFI,-8.755995452338949,-0.9417243289544519,-48.67099056700618,53.125536533680794,,17.459999084472656,18205820.40536499,NASDAQ
SCPQU,0.11673419231437165,0.3118924044171134,0.1557024591823053,2.8171805424529905,,10.300000190734863,1030.0000190734863,NASDAQ
ARMK,-0.9026310058337317,-4.117709534332114,-2.874298365274952,31.598709639578225,,55.22999954223633,85745071.35931778,NYSE
FTAIM,-0.35813990673990714,-0.7834299842737869,-0.1319827736625201,-0.19596719396266504,,27.0408992767334,82745.1517868042,NASDAQ
PROV,-0.9457579418499895,-0.7731688907886003,6.126250039764214,12.258222060168222,,18.229999542236328,216116.64457321167,NASDAQ
RNAC,-5.2893427680583365,-22.013800107355188,-29.875922868937764,16.979299838967222,,7.139999866485596,1615053.6897993088,NASDAQ
WTGUU,2.4721617104541904,4.370512750481481,4.321210482542992,-0.6978391815210094,,11.350000381469727,0.0,NASDAQ
SCPQ,0.3383086031195637,0.5383895758735324,0.9409433883840412,1.7558078238596675,,10.069999694824219,65525.48801422119,NASDAQ
HYNE,0.8150852434006595,0.26618417630797087,-0.9206104208919097,13.109943971748073,,16.579999923706055,87127.89959907532,NASDAQ
CDNL,3.5757006821063753,-19.068307692875774,-64.14386252759937,-26.923743467213523,,28.709999084472656,11646584.358604431,NASDAQ
PRGS,-5.245972207829997,-15.203621353892016,0.5261502529589457,42.75362562740948,,37.21500015258789,31169609.45280075,NASDAQ
AERT,3.1562629178392365,1.878652148963611,0.2602021113032871,126.85299446847034,,6.75,78765.75,NASDAQ
MDB,-13.243051101195302,-16.204483586846163,-0.8291000461336573,41.79899306567094,,359.2300109863281,1057220747.7029724,NASDAQ
MRVI,4.0307622811616595,4.977256130713359,29.685952052597187,170.92541743256712,,8.520000457763672,22399004.523456573,NASDAQ
AVD,-10.09268589977026,-23.01587226499565,-41.527126724456586,-28.908795847571632,,1.7200000286102295,397307.96660876274,NYSE
FOCL,-4.728548131909028,2.25563921567995,-16.88311577136571,22.79909546789829,,4.230000019073486,393491.521774292,NASDAQ
PCTTU,6.309959632479956,-47.61818278919567,-47.51320953590219,-7.0645149927605395,,5.989999771118164,0.0,NASDAQ
ATLCZ,-1.2572187207028462,-0.3394768107808699,0.1464252090668916,0.819919783755596,,25.139999389648438,385848.7106323242,NASDAQ
HP,-2.3410684016969774,-15.271109686957473,21.179761799412944,8.232090305973628,,40.130001068115234,48704859.30634689,NYSE
PYPL,-0.23567157830590713,-1.3045173376342367,19.345742041829904,18.344797174398607,,54.40999984741211,449615183.79909515,NASDAQ
PUMP,-5.533676938071775,-18.83902817800298,-29.201614171546986,-35.098958004530346,,9.59000015258789,38834350.78789902,NYSE
SOUN,-1.5941532384852408,-14.463046462233741,-11.021018480933975,-10.375073676461376,,5.880000114440918,81531493.58682632,NASDAQ
SJT,11.104442578152018,31.369768216021377,20.194807797544723,-22.584691145929646,,3.690000057220459,1457177.332596302,NYSE
PACS,0.9548934192060043,-1.392015854379558,-4.3942570621304355,32.437366120296,,42.709999084472656,36069790.10681152,NYSE
CORZ,-8.079219073502896,-2.272996472146527,-29.008428999125137,6.519754811814771,,16.600000381469727,241172989.34218025,NASDAQ
POLA,-10.107197082895725,-16.142855646658884,-31.505250285956233,-35.70646212667988,,1.149999976158142,382195.5920763016,NASDAQ
ADAMZ,-6.61892336150397,-6.824464306336264,-10.497232956237468,-4.729589183174731,,16.510000228881836,214630.00297546387,NASDAQ
CAPS,-15.579544844375237,-20.968083424690143,-42.410851261297836,-75.481847493784,,0.1429000049829483,101992.44925649464,NASDAQ
JCAP,-1.0638276807634406,-8.415792135509658,1.7064683948460058,-0.0882262597801331,,19.670000076293945,4758015.658454895,NASDAQ
AGI,-5.816386986115019,-10.988467045142192,5.034992530539939,-27.677136835142157,,32.310001373291016,85009778.38322067,NYSE
TIMB,-1.2143098262820784,-0.5835084081148301,-16.53572383467238,-31.10551555552924,,19.299999237060547,26420830.45557022,NYSE
SSBI,-1.1435014451721681,-3.9436612781579172,-8.360706619412362,-7.9622139046745755,,12.210000038146973,141159.81044101715,NASDAQ
PACK,-3.3707811992655934,-9.94764278089767,-39.04311795057137,16.216219771886585,,3.9600000381469727,1839926.8977241516,NYSE
CAAP,3.571726324242075,5.468292463628921,-0.7116871828812266,-0.4834736487549063,,25.540000915527344,8292659.51726532,NYSE
OCC,18.132631569449064,28.37328466225135,-0.11730250025775435,92.69065496060746,,16.989999771118164,3068920.648656845,NASDAQ
MEDP,-1.2376145256252968,3.3765561183745074,11.750310312976842,26.400913194760456,,620.510009765625,188487982.09643555,NASDAQ
HNRG,-5.885566558008392,-15.590938409903387,-16.39980540138971,-14.766262219984217,,13.949999809265137,8047782.789964676,NASDAQ
KG,-2.0944427371600294,-31.604152352196813,-48.03961237032014,-54.54384835472381,,4.909999847412109,62818.53804779053,NASDAQ
FBLA,2.9159485774887806,6.9518692811946226,11.169928038861542,21.70385206634848,,17.06999969482422,1163593.5991973877,NASDAQ
OPENL,1.8087814504497368,-33.445946175545195,-70.79318009740344,-67.75777472351395,,0.07999999821186066,31652.799292504787,NASDAQ
STKS,-3.771290333401267,-4.583835976412331,-18.70503769880446,-9.703197990599499,,1.5399999618530273,33240.899176597595,NASDAQ
AAMI,0.900086195400851,1.36061798937257,25.28207209151665,70.90856219151765,,96.16000366210938,40367681.05734253,NYSE
HOG,-2.2170010162365417,-9.766500568447256,0.032058682384028536,22.552772928151676,,26.190000534057617,96984819.53768158,NYSE
MACI,0.16331995809009126,1.077389166558973,1.7833113517336852,2.8035988094986752,,11.070300102233887,39133.51086139679,NASDAQ
GEGGL,-0.14201601884969994,-0.5584229094554694,-0.1760444960420826,0.6791031978146567,,24.559999465942383,36176.87921333313,NASDAQ
PBAM,-1.0148991758990311,-3.4533923266164335,15.319915456476952,25.78111455395671,,86.3499984741211,7989879.008811951,NASDAQ
MG,-1.8720635601047642,10.661998107382399,23.108698772869985,38.25049238413014,,20.6299991607666,8974565.38491249,NYSE
CWEN,-1.5979583404274078,-7.193514879378615,-12.260534053515793,-26.028363496198104,,29.520000457763672,49504657.00766373,NYSE
DXLG,-18.628250933474668,-28.931818402608698,-32.441358734943684,-18.018724386466157,,0.39890000224113464,59627.173435002565,NASDAQ
TME,-5.600963596188446,-5.849919515011226,-8.73809231363335,-14.574724220188696,,7.869999885559082,47441626.38013172,NYSE
CCC,-1.8441414768194275,-9.811423214945926,20.131051238470388,10.257265995429265,,6.579999923706055,48934465.85261345,NASDAQ
GWRS,-0.718533104295549,-10.906059295619864,12.052572469780177,4.621408546313632,,8.010000228881836,318974.22911453247,NASDAQ
COF,-1.6213434251301173,-9.711481820789935,-4.51786721997548,6.878917433974041,,195.13999938964844,485782880.46058655,NYSE
BKE,2.4515644943878145,0.023238858662133488,2.0435263270633053,-14.476455427888968,,43.45000076293945,19744114.846687317,NYSE
DFTX,-0.9404051092436694,-4.385518709047331,-16.084855911524155,91.11201593471088,,36.22999954223633,94257053.7090683,NASDAQ
QTI,2.577319987212001,-9.60866530746416,-34.869085874864105,-58.5682260341295,,2.609999895095825,86156.09653711319,NASDAQ
SLDE,-0.12893375080124114,-2.3038776351096635,13.51113514448221,29.14304440397444,,24.139999389648438,25850004.526412964,NASDAQ
RIME,-4.0352957665713785,-35.261904703336334,-70.44565194962098,-85.93620701918067,,0.1657000035047531,50372.801065444946,NASDAQ
VBIO,-8.454610266006569,-15.239012066213764,-79.35937562049365,-88.79558961622575,,2.4800000190734863,760221.6858468056,NASDAQ
STI,-10.128666276036869,-21.11829183195334,-27.434164127903358,-2.7364013624818773,,5.429999828338623,1053729.4766879082,NASDAQ
BNAIW,,,,,,0.05249999836087227,262.13249181583524,NASDAQ
EDD,-5.541740452911281,-9.218164034356825,-8.499656680532786,3.826632210262959,,5.239999771118164,2357502.0970249176,NYSE
DLX,-4.576086326228779,-2.5987256610975784,-5.441502620241634,-16.981542332756806,,22.670000076293945,13012103.973791122,NYSE
SPXX,-0.40706927367755164,-2.994573230835096,-0.053753111334242654,15.347395872724645,,18.670000076293945,3678531.4450321198,NYSE
FWONA,-1.742734303087612,-6.704610886458329,-6.027270669464924,8.077491980512153,,87.48999786376953,28983161.552322388,NASDAQ
THG,-0.006430461571504953,-4.361000839870033,-0.20987302694455146,25.20410117282794,,220.39999389648438,88880044.33865356,NYSE
MPV,-3.0441239030012945,-6.733846418792899,-4.433917135247611,-8.138720594002368,,16.25,188776.25,NYSE
PANL,1.5943085877657692,1.3953480771147664,24.608904233813277,16.413716034599666,,8.529999732971191,4952006.044979095,NASDAQ
PFD,-1.802795342946517,-5.905163854798346,-7.854307210021439,-4.678572847526874,,10.529999732971191,289080.0826692581,NYSE
NVRI,1.1331142218910406,-12.047232886617987,-12.628980896353593,1.5790003048667733,,20.3700008392334,3627123.0894355774,NYSE
PODD,-2.8609651817518955,-10.727641711142722,-17.099920856410822,-35.95332621955877,,135.6199951171875,263143883.38586426,NASDAQ
TMUSL,-1.0104662640401996,-7.890074016961757,-8.329749228357963,-11.905941653481623,,21.5,331487.0,NASDAQ
OWLT,-1.1941464309207728,2.8468325441780573,-12.157533346186156,2.7644233019467723,,5.059999942779541,828119.5906352997,NYSE
CGCF,0.12244788729516287,-0.2845535389263798,,,,9.8100004196167,5071.7702169418335,NASDAQ
NNOX,-2.1409463558557107,-15.615383879437717,-48.41692772660281,-71.77530030568083,,0.6430000066757202,443997.93460965157,NASDAQ
ARES,-3.3412461922824765,-16.749719117139637,0.3456721408250596,11.096584300081759,,117.12999725341797,197790047.17201996,NYSE
CRESY,-7.6172176230468125,-0.9267203665880297,5.346715866747687,-7.882558759166081,,11.880000114440918,2151919.460729599,NASDAQ
RDACU,-7.7386934239889404,-7.7386934239889404,20.789472941216335,97.84482957952518,,6.099999904632568,10369.999837875366,NASDAQ
SCSC,3.839663120154646,6.034178201091089,16.767348046487673,65.57214614169517,,61.0099983215332,16465134.307022095,NASDAQ
XIIIU,-0.772274990663091,-0.20837214767329693,,,,10.579999923706055,53968.579610824585,NASDAQ
TKLF,-8.609906845450222,-10.324483746766388,-24.707745915989378,-31.00943930684429,,1.5,7369.5,NASDAQ
BCE,-5.907292720764012,-15.127049812224946,-5.978160624969653,-19.82177315343393,,19.739999771118164,78479724.89004135,NYSE
OVBC,0.22085903832214093,-3.2124672802075205,3.9310067947756266,1.427789939399693,,44.720001220703125,567586.2554931641,NASDAQ
KELYB,0.4027212918762402,-5.7385343662246235,2.1952995757061444,65.05811120487903,,22.399999618530273,0.0,NASDAQ
ADAMN,-0.626324483898677,-2.7026469741256,2.9266330642710336,11.177303230555392,,24.03350067138672,162754.86654663086,NASDAQ
HSHP,-0.36987427318943,3.32442017921184,25.942194228978565,31.494081195322977,,18.059999465942383,8033322.542444229,NYSE
VYLR,,,,,,73.33000183105469,1241975428.3522034,NYSE
WAT,0.9484050115167397,5.463093938838992,15.227324469729808,44.959619096397255,,440.1199951171875,443378643.56103516,NYSE
CLSKW,,,,,,0.23000000417232513,14482.410262718797,NASDAQ
SEATW,-5.660378353139106,-34.21052728322983,-48.717949942567486,-60.93750045474735,,0.019999999552965164,0.0,NASDAQ
SSACU,0.35040151043295165,0.5853699474799967,0.9794356620578037,2.403660942442043,,10.3100004196167,4124.00016784668,NASDAQ
SLMBP,-0.002707817506308885,-1.603668661736668,-0.07304519881689009,-0.5439037873342434,,73.75,125375.0,NASDAQ
ACV,-3.2405194105001645,-7.560008472115354,-14.038954979034068,-0.6408682051703529,,24.139999389648438,888110.577545166,NYSE
TCBI,-1.4373451645444568,-3.9096259449025172,-10.414948350212017,-1.9937877949092853,,93.69000244140625,62391170.70581055,NASDAQ
ISD,-0.10268769348505957,-5.0431095858527675,-10.172360269687008,-10.392999029050031,,11.5,2490026.0,NYSE
SCLXW,,,,,,0.09229999780654907,41.258099019527435,NASDAQ
SHAZ,-9.756783428204297,-4.45881312639691,-32.93427461831835,104.78655180081446,,47.70000076293945,73882340.38171387,NASDAQ
ABSI,8.454928080127399,22.78796011116402,-5.123272203181617,263.42933681357385,,11.529999732971191,49345931.43717384,NASDAQ
SAM,-0.44868350270370616,-6.286869662421546,-8.174111507300019,-30.028915015424428,,167.69000244140625,26226045.621826172,NYSE
PLUN,0.1588876327704991,0.3981661354152122,1.2040966236120054,,,10.100000381469727,1292.800048828125,NYSE
AGM,-2.4831484091603295,-4.720805248579163,5.2884131535482215,42.16695642092769,,214.4600067138672,21467017.752044678,NYSE
GEL,-3.520734360537625,-14.80707594943741,-3.15686317477637,-21.50135743100179,,14.020000457763672,2393957.1381645203,NYSE
SLP,0.18432395966827553,0.36932452157321105,0.774347344680093,55.05957519834113,,18.5,11568161.0,NASDAQ
FOX,-1.732438524954405,-7.191929204100922,14.176056314226493,5.084364645039541,,56.70000076293945,57756832.07715988,NASDAQ
VSEC,-7.2798557826710075,-18.53801898453753,-27.527097385759536,-9.269652615949997,,168.1300048828125,64952151.61633301,NASDAQ
HTZ,-1.6524241341221435,-23.15227193798044,-19.608756773580726,-65.04657814490955,,1.7899999618530273,27863884.046188354,NASDAQ
AEXA,-0.6970481571960674,-3.8754321171736383,-6.1644985917559625,1.5350862210795402,,11.039999961853027,548025.5981063843,NYSE
CDIO,1.209088360189492,5.086577745052834,-4.7105007065110005,-0.41025724166479094,,2.059999942779541,80638.69776010513,NASDAQ
AIFA,20.277342070207904,55.619496860929644,112.03873923553327,169.58714422175188,,5.880000114440918,3972998.4773254395,NASDAQ
EMD,-3.1347316306627016,-11.326491925330906,-13.077495508376913,-5.124033219436031,,9.180000305175781,4198665.919578552,NYSE
TE,-2.965234792447724,-15.002238764345588,-55.67491790204835,-16.498020223727462,,3.700000047683716,72865440.33905268,NYSE
FULT,-1.495391527587775,-3.9097622053408387,-6.61061694521734,11.20926388812078,,22.690000534057617,34711003.986997604,NASDAQ
CGCFU,0.2629945453804794,-0.5218811304130155,-0.4419450948351389,,,9.949999809265137,14546.89972114563,NASDAQ
PGP,0.01754982348023404,-6.075811623674854,-4.358218698886263,-1.952420704436697,,8.31725025177002,377303.74042129517,NYSE
CING,-2.899133437027257,-7.160730177117425,-11.11315832571913,-20.674341538472106,,4.75,663822.0,NASDAQ
SIGA,2.7727548759257648,7.367758613741926,-8.530042409983585,-34.97330157449922,,3.4800000190734863,3323354.7782149315,NASDAQ
VRA,16.618073532041876,46.69926530645079,24.159336775515406,47.148986715933795,,5.019999980926514,2073345.332122326,NASDAQ
MIN,-1.0282766896124618,-5.094499464106739,-6.173846109776782,-6.854841733326134,,2.2799999713897705,648035.2718682289,NYSE
ELBM,-7.451195376102127,-14.03694872102158,-12.904678351022724,-11.989491962162358,,0.5097000002861023,253893.80294251442,NASDAQ
PFH,-1.8609862804852773,-2.329843842320878,-9.287628259105961,-9.868343874012798,,14.960000038146973,1811341.8446187973,NYSE
CELH,-4.370935037418199,-13.483075747541584,-14.027037316924517,-21.336941074614867,,27.520000457763672,192564048.00308228,NASDAQ
QSR,-1.524261441877639,-10.518689466681508,-3.784667487765614,-6.498126009871119,,69.87000274658203,221648469.97297668,NYSE
ECG,3.9411899955765106,5.617485657259502,-17.480751016061813,0.8609894801913986,,126.16999816894531,71531701.95188904,NYSE
FLYE,-5.069442971575033,-30.88978884467458,-36.88827251802957,-36.71296372743954,,1.3200000524520874,16049.88063776493,NASDAQ
WBTN,-2.2797721499299817,4.464809826106997,-6.687565565109166,12.847515670347498,,10.460000038146973,6807985.1648283005,NASDAQ
PNI,-2.7848089881631677,-9.300264627025634,-13.244846128986564,-10.489508915521117,,6.130000114440918,479580.5589532852,NYSE
MTVA,-5.078596905773647,-10.79545756263175,5.36912556226381,28.688522523784155,,1.5399999618530273,81104.09799098969,NASDAQ
EBC,-0.6345767075665698,-3.7736712053946797,-6.015471674125661,7.435452884010751,,21.239999771118164,52990825.82897186,NASDAQ
MAZE,-1.3792573033601263,0.4356643273887739,-14.343368162179516,-8.178820235834838,,26.43000030517578,15540866.609443665,NASDAQ
DSAC,-0.1576005072886133,-0.236216496087871,0.05923324885641623,2.198026019173782,,10.119999885559082,1708681.0206775665,NASDAQ
MSI,-1.6707518031916169,-7.075888302647426,6.6052578605032775,3.1109345939684063,,455.3699951171875,373016331.50024414,NYSE
CRIS,-8.930958293089697,-42.811189640856085,-88.95760191956641,-92.34269684788676,,0.7889999747276306,438615.3429507613,NASDAQ
CNXC,-10.530004637328306,-18.70301674569037,9.371383928736353,-5.718084911508381,,25.8700008392334,44487502.16319275,NASDAQ
WCT,-48.264333888711505,255.53985033873272,251.99440517193122,52.33192158296072,,1.0099999904632568,1165232.9489974976,NASDAQ
WY,-8.217978376675983,-19.26770962643689,-20.19834162197931,-22.53579436855093,,18.489999771118164,141196054.28217888,NYSE
CCG,-51.23128082889119,-61.95482918683073,1120.741374052169,564.6258540730693,,5.03000020980835,37056.01154565811,NASDAQ
FLO,-3.2191063781121243,-17.375885620404674,-33.66548048663002,-32.036945909186834,,5.599999904632568,44176629.64767647,NYSE
WPC,-2.5208281279136546,-8.134176537562954,-9.152551614114323,-6.522496100542785,,63.93000030517578,139041933.03372955,NYSE
AFYA,-6.637301010108265,-16.264813520230813,-17.765886979554256,-17.72185753494554,,13.3100004196167,23532346.941890717,NASDAQ
MIAX,-4.8842470922680015,-20.282997068544763,-16.86818533272537,-14.747709868781678,,34.31999969482422,57314159.25035858,NYSE
UPS,-0.9598487900737251,-9.891467956484812,-14.965070966846284,-3.9376882712006567,,93.13999938964844,446114797.2965851,NYSE
NERV,-5.8119683571408505,-28.286335808294005,-35.151041301786,-41.18484354473193,,3.319999933242798,240211.95516991615,NASDAQ
SCTX,-23.176254236037952,-38.7935062379882,,,,16.209999084472656,17907753.3385849,NASDAQ
GD,-2.0774685873738985,-10.341511757817234,-9.958962392406113,-4.398798687199945,,331.7200012207031,457207687.3624878,NYSE
HTOO,2.4201378534849827,-6.072441233545223,-20.92675722640369,-24.04881340629227,,2.0950000286102295,5034.2850687503815,NASDAQ
EMBJ,-1.8649728319071968,4.183833578057783,16.222968391566784,24.089320806354287,,75.2699966430664,119933029.82115936,NYSE
NN,-4.7534002472321095,-10.565016106417458,-19.33682453950568,-13.736469827356357,,13.319999694824219,34775975.083244324,NASDAQ
BKR,-2.681459018956389,-11.975839570311642,3.706174490886638,-7.695860700519597,,57.380001068115234,382008160.4309921,NASDAQ
CNS,-2.1173952179543654,-8.035557808431971,-6.541100687955592,17.017525960360036,,73.0199966430664,20843704.08175659,NYSE
UNTY,-3.0083985653407863,-6.359685434352713,-5.564946468287846,4.437407402550386,,54.66999816894531,1901203.8563232422,NASDAQ
ORA,-2.7829826487970055,-12.401912124939097,-17.843197787257314,-18.23749522061282,,91.29000091552734,84132408.39374542,NYSE
EWAV,0.1616179403292728,0.40501995773047916,,,,9.9399995803833,298199.987411499,NASDAQ
LTRN,-21.928230000840554,-50.65423248864177,-75.1012205709344,-32.620783664641905,,0.9401000142097473,259555.97332322598,NASDAQ
CPRI,-4.636725484015858,10.230567840902015,-23.47079541493042,-18.96958300250715,,14.489999771118164,44493529.427186966,NYSE
BBVA,-3.9188232953605517,-5.570836791113343,7.391476560870602,27.66155473583407,,26.940000534057617,41375530.42022705,NYSE
AMODW,,,,,,0.02419999986886978,14530.720521263778,NASDAQ
FLY,-1.742219804028311,9.11770310397686,-18.214208992972793,-23.297466349343743,,22.59000015258789,81051519.96747589,NASDAQ
AAME,-4.309065161623071,-6.122451816726093,-23.78698374776713,-44.0972237025652,,1.2599999904632568,13891.499894857407,NASDAQ
DCGO,7.175141428435405,-3.754439389289177,-32.32251042262606,-35.43226685855385,,0.36500000953674316,82231.2171485424,NASDAQ
DPU,-5.3037978585877,-28.704849949322696,-23.702193822947915,-32.05268127997123,,1.409999966621399,11509.82972753048,NASDAQ
CVS,-0.8115126317001953,-9.924843614932632,-16.92947503966289,19.445215309049303,,87.01000213623047,1044933134.1047287,NYSE
ABM,-2.1494527854636125,3.723335644470538,8.992901085288384,26.118818726735004,,48.4900016784668,20782281.329372406,NYSE
RBB,-1.253493715190579,-0.3011477566474019,-4.08185755203937,21.398068117205394,,26.219999313354492,1942298.8891353607,NASDAQ
SKYX,-6.199023078899035,-9.874609951595248,6.778085254853505,1.590104500001166,,1.149999976158142,365651.69241929054,NASDAQ
OMSE,4.207569552349555,-6.305174132047653,13.463983235721088,1.5119764240309364,,4.429999828338623,81219.61685276031,NASDAQ
CRDO,4.299014206145646,3.363952896203126,-19.960308385009228,113.58435015021912,,212.47999572753906,1639901696.3055267,NASDAQ
FSLY,-2.2148313002819275,19.611645489101214,40.77701552098991,-14.883538972780952,,26.010000228881836,66147774.25208473,NASDAQ
BIYA,-16.739023774231743,-22.739481322412438,-66.65378748816543,-87.61836456130955,,1.399999976158142,269978.79540228844,NASDAQ
CCI,-3.2766433899806824,-12.317466893504703,-12.372701249410467,-19.19548618744803,,67.58000183105469,220064679.60256958,NYSE
GFAI,-6.053271866465826,-18.65828259245902,-21.49721744741039,-28.04821592963833,,0.2939999997615814,78847.271936059,NASDAQ
ABTC,-10.72925546576078,4.719765391428488,-0.964778533776578,-35.833709653302826,,8.710000038146973,7732711.903866768,NASDAQ
MCHP,3.9613243328939785,9.404385682904003,-8.80418180430923,23.226064452303817,,81.48999786376953,421521193.2099762,NASDAQ
EOT,-0.8517238392513504,-9.84510928243586,-12.693182988600304,-8.893637419532263,,15.239999771118164,991956.3451023102,NYSE
ARCO,-0.682311819023429,-10.014837134643583,-10.91799056779903,-11.739026231467209,,8.100000381469727,57796686.02193642,NYSE
QCRH,-0.542163993626088,-1.2317741801095128,2.2627211059398578,15.284186324171722,,100.02999877929688,12971890.241699219,NASDAQ
GGAL,-6.146019660896995,-16.119498200794023,-27.25085608791438,-19.307990111388797,,38.25,69755645.25,NASDAQ
MODD,-3.40326566980802,-41.31974074211418,-54.3612335588332,-59.798216099857726,,2.299999952316284,171918.0964357853,NASDAQ
RIGL,-1.4151318076422448,0.3654261460551256,20.105555999650182,76.80355300024313,,47.790000915527344,18699988.408241272,NASDAQ
GOOGM,0.05323705258244438,0.9586395145005255,-4.498903416186339,,,49.2400016784668,11464401.870792389,NASDAQ
ONFOW,,,,,,0.010200000368058681,119.5542043140158,NASDAQ
SHFSW,,,,,,0.012500000186264515,84.12500125356019,NASDAQ
GMRS,-9.953834062998379,-23.7171461660159,-33.98321171683275,,,9.979999542236328,4350860.640434265,NYSE
PFBC,-1.9455826086314243,2.45736739369129,-1.003670235298626,16.06586148835296,,105.2300033569336,12492800.7685318,NASDAQ
RMSGW,,,,,,0.02879999950528145,38.5055993385613,NASDAQ
SMR,-8.236961660762676,-17.417163572907135,-19.851575561016954,-24.753241615962462,,7.679999828338623,137169850.37401485,NYSE
PLCI,0.12133359728929705,0.06063580204118679,,,,9.920000076293945,0.0,NASDAQ
LEVI,0.5659476556439058,-3.920053493421216,-19.150144460583352,5.636946226273221,,20.270000457763672,82404970.68097687,NYSE
SLE,5.6142387152321005,43.896590491040996,77.71560408628413,51.359685695472336,,5.110000133514404,413404.1208014488,NASDAQ
RZLVW,,,,,,0.5249999761581421,17506.649204969406,NASDAQ
G,-0.3177214614107915,-12.14202646246152,15.826137651555072,-11.213156615298692,,33.52000045776367,68111903.49016571,NYSE
DRIO,-6.1647893829761,-10.66591479600808,-9.231652111422084,-21.51710528592782,,5.800000190734863,151612.00498580933,NASDAQ
ARAI,-4.781054202953738,-10.985797089505688,-47.76960809449767,-71.34982491876764,,0.20749999582767487,69651.3160994798,NASDAQ
ASML,5.170005683376155,9.491283351748137,0.08251653297874917,40.05513003055523,,1859.8599853515625,2577094530.2425537,NASDAQ
IGA,-3.704418375057117,-5.954397798962063,1.2373237484615718,5.384290873884634,,9.850000381469727,1901247.0736312866,NYSE
ALSN,1.0592232239932775,-8.512596670711437,-0.18533135972159664,-1.1577621468228272,,115.75,93506901.25,NYSE
AURE,-4.530287972387481,-26.774409816076684,-44.53738531912344,-50.929602223128455,,1.0700000524520874,69243.98339438438,NASDAQ
TT,3.659091895748179,3.7633269119984325,-4.7859798316416065,9.22787024021563,,470.760009765625,645403028.9484863,NYSE
TBLD,-1.4216600968480986,-9.365313917301687,-8.381761693548262,-4.699379856304842,,19.950000762939453,2839962.408607483,NASDAQ
LIVE,-2.2715542582346204,-16.84603758905271,-23.94535986387093,-39.200257943860414,,7.539999961853027,5270.459973335266,NASDAQ
DXYZ,5.597860528196175,-3.2676574149366755,25.990273753399396,13.514288206623458,,32.54999923706055,34645177.58795166,NYSE
SEGG,-17.272079479380775,-12.996253988689288,-61.34003416200853,-45.11128900773501,,2.200000047683716,73163.20158576965,NASDAQ
AFRIW,,,,,,1.4900000095367432,905.9200057983398,NASDAQ
CREX,-0.8730150470507736,-8.498167469368756,-38.80450780493763,-27.468060460016318,,2.4800000190734863,67793.28052139282,NASDAQ
KRNY,-1.391268340088836,-7.041970732936242,-2.1660659470344568,20.982142298125694,,9.270000457763672,4589910.946655273,NASDAQ
BOH,-3.075709321610065,-9.81235180882093,-16.6678795731818,-7.737682444098148,,68.02999877929688,48542057.29898071,NYSE
DJCO,-0.6960012166333129,5.374129379345716,11.017475527279274,30.313358059421702,,651.4400024414062,13860688.9319458,NASDAQ
FMAO,0.13152601569235145,1.897112615594998,13.819551677357156,35.99999881485134,,35.369998931884766,2281329.5611076355,NASDAQ
AMR,-4.635500156210126,-25.847216639611116,7.291233389994467,-17.93120894785323,,173.60000610351562,44371987.96005249,NYSE
KRKR,-2.1963834119442027,-3.0977995631617294,10.454513101837758,-24.409606003562956,,3.0,0.0,NASDAQ
PHOE,-4.686222140839225,-10.264170370772307,-4.194049552772727,25.92322693223612,,19.16990089416504,42020.422760009766,NASDAQ
SEDG,-2.3074586294586696,-1.3119341574131638,-41.544076181988096,-33.752506788811154,,34.380001068115234,105553135.47931671,NASDAQ
TVAI,0.03847354865555985,0.22163990221111263,0.638664632998176,1.8609165492009527,,10.399999618530273,5291519.805908203,NASDAQ
JBK,-1.4375985124488455,-1.971875440678239,-3.711705788312325,-4.57326509568492,,25.200000762939453,8139.600246429443,NYSE
WTM,-0.7596522063638256,-4.472128734179693,-5.2799123334739235,-7.8733576922597965,,2019.43994140625,41097622.247558594,NYSE
QSI,58.86811082584478,64.3921580543797,36.3695477068797,68.26331140630981,,1.2799999713897705,24442970.333657026,NASDAQ
EFC,-5.238554317025768,-12.109433906256973,-13.109665837367501,-1.441744513163179,,11.5,25962733.5,NYSE
OBAI,-4.618646454293973,-35.316093534896595,-67.56484126664304,-84.0127845780976,,0.20550000667572021,75722.64245986938,NASDAQ
CATO,-1.9623856587504207,-8.40335536000495,-27.24514171141922,-14.783221418373326,,2.390000104904175,121031.99531245232,NYSE
VTVT,0.293849265203705,-5.876947986985148,-13.108170232870474,-22.272266529038976,,30.329999923706055,450552.14886665344,NASDAQ
BHC,1.4669929256552638,-11.297709341267591,19.449015441053994,8.516997427840245,,5.889999866485596,8532230.246591568,NYSE
LAD,-3.2613698882840603,-19.400696234749336,-0.6499829491963705,19.279034076459034,,303.0,97353294.0,NYSE
CRE,-7.058001359202503,-16.66666716461692,-1.1887079151354674,2.150537417818388,,2.6700000762939453,18497.760528564453,NASDAQ
RVSN,-3.579234825663835,-22.6774749478697,-25.79899148340369,-58.57981262225108,,3.680000066757202,84397.12153100967,NASDAQ
POR,-3.979990464161387,-9.250956558125079,-14.547758196768223,-16.067995041914372,,44.25,79414767.0,NYSE
ASTC,-0.3300313802392596,1.9409284205863075,-31.493382780175182,67.15867405397695,,6.710000038146973,197139.80112075806,NASDAQ
SAIC,-3.7031952129724988,-0.06460172754864102,14.232454752644497,30.306954593126846,,126.9000015258789,51679518.02140808,NASDAQ
IRWD,-9.698682472456321,-10.163933712264406,-10.832169744985675,8.300395400586558,,3.6500000953674316,8124024.212265015,NASDAQ
NNBR,9.385293823684204,17.166372939466413,9.145675331789294,176.80555796089732,,4.239999771118164,13516542.630355835,NASDAQ
KYN,-1.6122103295869272,-7.733473263413471,-0.7341287940797248,-1.5560302583093266,,14.0600004196167,5394259.760990143,NYSE
NBTX,-16.70004826347009,-30.281515934340263,-27.660118590874884,-11.241526413330739,,25.100000381469727,4875298.574094772,NASDAQ
WPP,-2.5144923982908463,-1.3397816253646777,49.11334456823977,57.014885814045236,,24.579999923706055,7343545.357206345,NYSE
TLAC,-0.10150068377636767,,,,,9.829999923706055,85874.8793334961,NASDAQ
PRDO,0.9493065657615762,-5.876686007512344,-7.96043248838224,-16.67821486401736,,31.540000915527344,20439150.653297424,NASDAQ
ENIC,-2.1809756977676287,-3.1250013695919954,-4.830698479692408,5.400000874996191,,4.309999942779541,2969171.890580654,NYSE
HQI,2.3431663328281616,17.555663855396375,52.35452236756366,89.41454941594354,,19.06999969482422,402319.78356170654,NASDAQ
HNST,-2.985638551451608,-10.213360029987872,33.41995709704815,80.64743143829993,,5.150000095367432,5566099.503072739,NASDAQ
EZRA,-11.584455736005284,-15.075377839104432,-23.75120951519246,-66.1613274862768,,2.390000104904175,1970048.4064712524,NASDAQ
BIIB,-1.4354393214075722,1.9000920706377267,5.980609310979301,23.76045158969651,,223.58999633789062,212698927.61627197,NASDAQ
ESE,1.2806740303200614,-0.7950557204896347,-20.662795026822,-5.709524043085612,,271.9200134277344,62502446.60644531,NYSE
MIR,-7.8716067442108795,-6.441596977058406,-16.080749472286925,-21.822308128500534,,14.920000076293945,66064268.33782196,NYSE
UXIN,5.040651433993748,13.33333542472439,-23.86564493511061,-57.19019168395676,,1.2649999856948853,463456.7797590494,NASDAQ
TSCO,-2.4050716531167526,-9.638068882997198,0.4863079998508102,-30.033413655273733,,31.420000076293945,525279341.33548164,NASDAQ
SLAB,0.3568604851902579,1.199835853156972,1.8605611735721839,6.775732105930232,,222.8000030517578,69894143.35736084,NASDAQ
JD,-2.231975370922612,-6.436452242427504,-0.205041426024688,-8.964321851411706,,26.360000610351562,193426679.4386902,NASDAQ
GTEN,-0.2283555448103658,-1.7944128418708294,0.19109388102658276,2.6027376910040756,,10.470000267028809,80619.00205612183,NASDAQ
DOGZ,-2.736734683603448,-12.835967591658514,-18.324075701959487,-37.350851014648036,,0.8799999952316284,9441.519948840141,NASDAQ
RHLD,-6.1920637181832605,-12.526779951037303,-20.065256088351337,-24.665905203282932,,115.62999725341797,15225926.778335571,NYSE
LND,-0.9609926579880579,-8.224198444591636,-2.1775510785192798,-15.116277457959837,,3.700000047683716,667624.308604002,NYSE
YDES,60.86221388296869,93.05097229489094,252.40741232335986,1.10777519193479,,7.110000133514404,1832979.364420414,NASDAQ
SDST,-15.656742645582156,-68.78807473673135,-94.18357492530524,-96.18080883853415,,0.09160000085830688,4618390.3360750675,NASDAQ
MGN,-5.6459799862275,-97.40631987277857,-97.74330893733837,-98.04819020308672,,3.680000066757202,231792.1642048359,NASDAQ
VFSWW,-7.910075947904593,0.36297849985518216,-38.38440031874373,-41.91176480946495,,0.23000000417232513,372.3700067549944,NASDAQ
SBR,-2.563391332014664,-6.919238652328142,-4.207507449205428,-6.242649163941105,,71.37999725341797,1227164.9127807617,NYSE
EVT,-1.2357952986836174,-3.557806400661967,0.6659896918397745,13.509100649857707,,27.3799991607666,4139582.0731163025,NYSE
RWAYI,0.16268315643581666,-0.8454796068665615,0.2687076948260758,-1.9429849486227835,,24.5,170936.5,NASDAQ
IQV,-2.3222144453508897,0.46402015200777136,29.990370106531582,55.06869299172112,,266.0899963378906,449176411.3981323,NYSE
ATEX,-0.9088258957125284,-8.179536903889273,-21.647474426564372,110.72218366566426,,85.61000061035156,16236364.665756226,NASDAQ
MTNE,0.04035604919128133,0.1616179372155191,0.5883545588911909,,,9.920000076293945,7936.000061035156,NYSE
AERTW,,,,,,0.01549999974668026,72.22999881953001,NASDAQ
KODK,1.8773478560251577,7.81457606406637,12.430940390921275,-2.124247402379442,,10.029999732971191,9042967.519248962,NYSE
ACH,-27.073170290454087,-54.84899333356056,-84.5787965204004,-78.01470620890665,,0.45100000500679016,702951.1578038335,NYSE
XPON,-7.956449272453936,-33.201641455933895,-17.044084454236263,-36.00046556323239,,4.460000038146973,136453.70116710663,NASDAQ
VAL,-2.276242729160294,-10.057343952779041,8.107887545375947,-18.40876798825444,,83.48999786376953,97618509.26226807,NYSE
BMNR,-4.111070228109126,8.975410461425781,84.21781990077928,35.9128998010426,,26.790000915527344,775512472.5725327,NYSE
SLDB,-9.515262690062531,-29.34815372683639,-33.74647818814269,-2.8099160482845997,,7.059999942779541,9684343.121509552,NASDAQ
PRPO,-4.262884858475314,-15.084286416457093,-7.202283486651417,-6.311496106352454,,24.0,1043352.0,NASDAQ
SCATU,0.009964357324698803,0.2697269099828592,,,,10.03499984741211,10928.114833831787,NASDAQ
IPI,-7.368721682938306,-18.058554502317936,-3.5125059069610387,-24.015089460014995,,33.380001068115234,5729877.463348389,NYSE
XPRO,-1.3980047268672524,-9.576368737897667,13.10835104566246,-3.6011428495520525,,16.770000457763672,15414498.090763092,NYSE
BOLD,-4.2379212495104674,-9.867042183437691,3.205125143581289,131.03138165810608,,2.5999999046325684,143153.39474916458,NASDAQ
MTLS,4.920441150824573,21.107658080139636,18.857461670444664,73.52227101748592,,8.550000190734863,1405850.8813619614,NASDAQ
IMMX,-13.423332722975289,-26.924179419423787,-3.711050194427079,16.297902801833853,,10.130000114440918,16182553.622817993,NASDAQ
SES,37.1748868436111,42.72161479455865,-18.46290556148409,-24.07859385899075,,0.8357999920845032,16724195.696412444,NYSE
EDN,-6.47370354542881,-14.698532647191865,-17.154640576695602,-32.012477296113374,,20.829999923706055,4765133.272546768,NYSE
MLKN,0.06959224383842333,-10.509470680479826,-3.5457602463282,40.103003197941845,,20.639999389648438,12835664.74043274,NASDAQ
UHAL,-0.3593264580310285,-9.650186570010044,-8.363626562192838,28.650358811617703,,61.099998474121094,7157864.821243286,NYSE
ABBV,-0.9532177941536824,1.5125769197434469,3.158235457984926,23.773938922279015,,265.760009765625,2004030590.920166,NYSE
PYPD,-1.089815729404786,0.8042878599616055,0.9976966715869784,21.795465585264996,,5.199999809265137,528418.7806177139,NASDAQ
LUCY,-3.4248602954291885,-1.81562122577541,-6.258262370657763,-15.273574967037684,,0.8901000022888184,155084.7936987877,NASDAQ
SWX,-0.12149892464136114,-7.554934952380499,-7.997760655296926,-6.590607834154749,,82.79000091552734,68821671.96105957,NYSE
BMRN,-4.441544232277139,-10.69970155289125,-0.047754955622481,4.567674863158633,,57.540000915527344,138527667.2841339,NASDAQ
DOV,-0.10772787036813503,-1.7667015881385195,-12.745053517180748,-8.30117655942162,,191.3000030517578,175040267.9923706,NYSE
IMMR,-0.4369193006884764,-3.366021681114484,7.997629712559284,30.86863060821521,,7.269999980926514,1902871.6050076485,NASDAQ
PMTS,0.23542857185328003,-14.131718428010965,21.537553927799525,62.50328884585403,,24.690000534057617,2839769.791425705,NASDAQ
WOLF,14.394492770243627,17.429535401982086,-24.985599188327377,88.03706518565446,,33.529998779296875,110601919.85339355,NYSE
CBRE,-4.429292217323222,-11.350069125196416,-7.158905859789799,-4.003673325112134,,129.39999389648438,259257546.17138672,NYSE
BWXT,-2.2656269150155395,-12.853309163639937,-28.952111121588164,-34.41265562229777,,135.35000610351562,205042536.34625244,NYSE
HLIO,1.130452292217221,-3.1099474415708928,-16.849852707769664,5.810454766689244,,70.93000030517578,14378362.221862793,NYSE
BMEZ,-0.9641702936978525,-1.1054324181249076,6.831022907910955,16.69004439440933,,16.540000915527344,2225506.7431869507,NYSE
SLGL,16.613156841765896,6.472009663607636,-0.5956557077624547,-3.786423394664895,,78.94999694824219,2309129.5107421875,NASDAQ
BIAFW,,,,,,0.3400999903678894,639.3879818916321,NASDAQ
WHFCL,-0.016758550532547378,-0.5839663253354832,-0.9588018150145872,-0.7477644256809635,,25.07900047302246,21116.518398284912,NASDAQ
STVN,-4.566209712903236,-1.9437003794188334,8.623248940979478,49.52547844889585,,20.049999237060547,13084128.252124786,NYSE
SMX,-35.054919571479516,-66.33636957934198,-63.30141906865292,-73.58227075291876,,3.9000000953674316,2148108.3525280952,NASDAQ
PXED,-3.0176737335967485,-14.829877275548098,-26.591890160249164,-20.266497751743064,,24.510000228881836,2233718.870859146,NYSE
PHM,-2.932324696145927,-7.250681643830892,-12.658513619003397,-0.8504104004488866,,113.9800033569336,182788363.62347412,NYSE
AUB,-0.6017825497071971,-5.0874308700679,-9.421829813970174,7.152841971780921,,38.36000061035156,48896955.73800659,NYSE
SSII,-7.499999098087606,-17.391304347826086,-26.694472720222095,-42.799022681696485,,2.7699999809265137,142159.1690211296,NASDAQ
IBP,-4.438419702987861,-19.495713578690154,-14.815273458415035,-27.73644703002801,,191.11000061035156,91072706.3508606,NYSE
PPC,-3.454934222257855,-13.36414376562798,-5.509660405683059,-28.008320060670535,,27.989999771118164,54989573.40033531,NASDAQ
LMT,-2.6598875254125964,-7.13512145484626,-4.20928129667717,-17.599447039069283,,506.6300048828125,485210194.9063721,NYSE
VLYPO,0.2260424456283605,-0.7514593755783672,-0.15280571770175388,0.926753424540494,,24.799999237060547,120279.99629974365,NASDAQ
EXE,-1.9915379760467422,-13.845597851659285,-5.2786005852655915,-20.295493714574565,,86.43000030517578,207081181.36118317,NASDAQ
HUM,1.3521974701169004,-1.5518951788376367,-2.5275385860268895,121.31680451557973,,404.07000732421875,613334631.557373,NYSE
CIA,-2.271467334686028,-8.45874476416344,-39.13043528338286,-30.000001324547643,,3.559999942779541,378627.35391426086,NYSE
BLRX,-6.299844027857937,-13.539370144425344,-26.10063237303829,5.004463477022392,,2.319999933242798,46852.3986518383,NASDAQ
KYTX,-7.102272669546117,-22.438330965924358,-27.462288506113186,-23.651645238497633,,6.320000171661377,5140081.4196128845,NASDAQ
ATO,0.17596267381081443,-6.167586696022498,-10.06662091603423,-15.704766427776395,,158.0500030517578,133175935.52146912,NYSE
CDP,-0.9907998888707414,-6.1441258620204,-9.268764180513301,8.582886233347065,,33.36000061035156,30110002.630889893,NYSE
LAKE,1.4509613337920557,-11.238995336067692,-10.54247425774829,26.27017053915164,,11.770000457763672,3768848.30657959,NASDAQ
UVSP,-0.9147490611560505,-0.4714464485373826,-6.354952736810904,19.38946659683145,,41.650001525878906,7240228.01525116,NASDAQ
KCHVU,0.0,0.057075333090317315,0.0,-2.6827007455686114,,10.520000457763672,0.0,NASDAQ
EPAM,0.6833575642558598,-6.477262926538385,27.682524193193213,-19.60070950874312,,109.94999694824219,114943266.10964966,NYSE
LAUR,3.059465915317494,3.200969036837864,0.18817458212854188,11.611246970377852,,38.5099983215332,62667820.89860916,NASDAQ
TPCS,-0.531510499903487,-5.449297007646415,2.9065229282918548,73.62492004722172,,5.329999923706055,131443.12811851501,NASDAQ
CRNC,-0.7253590248143094,-6.303114127147436,-27.639013768257968,17.252586841590546,,8.0,6852424.0,NASDAQ
TOWN,-1.141881884323226,-3.45849374923336,-1.3921000168527597,5.772294612336193,,35.84000015258789,17519918.154590607,NASDAQ
DD,-0.8709745224381282,-2.6746938735963233,-6.449015057126351,-4.687319815364721,,130.69000244140625,91567166.07055664,NYSE
MNST,-1.7931622426347493,-6.328723861117636,-12.662767149451904,16.751126957890094,,43.5099983215332,452241399.70407486,NASDAQ
DIOD,4.270483405229686,11.867865407767786,-0.29183207963288105,45.1310652753057,,103.52999877929688,43461065.247558594,NASDAQ
RGEN,-1.1071149587218887,7.5199452590815286,33.77245420633661,60.59310512391613,,189.5,305776821.0,NASDAQ
HIMS,0.10936421473719538,2.1623886497429856,-20.18093316159122,48.16388510533223,,29.670000076293945,236430409.8379612,NYSE
GUT,-3.494628251687648,-11.08359135686422,-13.779648899551178,-4.170839124417503,,5.71999979019165,1095545.8398156166,NYSE
SXI,1.6641500435697898,-1.2721365586380928,-15.31917064330457,10.396902780060667,,289.239990234375,36497458.927734375,NYSE
CINT,4.339119456207019,-9.600925775608793,-10.532340647715987,-37.153195873086545,,3.180000066757202,243721.5651164055,NYSE
BACC,-0.047642825111393616,-0.030495548389741778,-2.978173559483399,2.6619684439262326,,10.479999542236328,35988.31842803955,NASDAQ
NMZ,-1.9209556671373917,-10.316980697578193,-15.711574502729874,-13.394423651137943,,8.760000228881836,17947339.548929214,NYSE
OXLCL,-0.5704801660574743,-2.5424064844459138,-2.3596190726613897,0.909936383772636,,23.850000381469727,53567.100856781006,NASDAQ
NEXN,1.4588564964492345,-9.237356722053358,-4.954088615425778,34.6747351649324,,8.699999809265137,3501428.0232362747,NASDAQ
EVH,-4.010987847831105,-20.118885509263496,-37.8070479520455,55.56544967888222,,3.609999895095825,4843724.579244614,NYSE
NVS,-1.200168683904379,-10.270350661861317,-9.194667184903416,-7.032126625970725,,140.92999267578125,187116133.59545898,NYSE
HRZN,0.08687881707931666,-2.0824489740168706,-1.7902796560552714,8.270673018878384,,4.579999923706055,1760414.5706748962,NASDAQ
OCSL,-1.6142324086556803,-9.072919688486325,-1.027338769777475,5.325338568255877,,11.829999923706055,4736519.029453278,NASDAQ
AWI,-0.38900793773604114,-4.934857996139197,2.8027095143344116,-0.8643910161531765,,163.47000122070312,56973218.705444336,NYSE
TRVG,-10.015985010563755,-15.097185292910332,-5.572120349646936,79.68084647318396,,4.730000019073486,1276556.0551476479,NASDAQ
NATL,-1.3798231806302574,-1.4355937300030042,2.0999486440084425,4.165322815004169,,45.5,72916753.0,NYSE
BLZR,0.2545260084674039,0.3232757875712089,1.1956531674945259,2.154611370541182,,10.25,98400.0,NASDAQ
GURE,-9.905660748693935,-13.623516551923398,-17.136659848291824,-54.182908500496694,,3.0899999141693115,61212.89829969406,NASDAQ
PYT,-0.0504849576234756,0.6609631430287255,1.895696463178731,0.669490674075579,,23.739999771118164,0.0,NYSE
OPAL,-5.585393089940737,-11.658291205628723,-17.61949301394449,-27.415360322526194,,1.7799999713897705,458042.0526378155,NASDAQ
LNSR,-5.08858850348386,-20.095465301448133,10.604558934929486,12.537818596748851,,6.670000076293945,343705.103931427,NASDAQ
MATH,8.760727839921367,35.876339993687935,13.447127913477885,-1.6245493151932133,,1.090000033378601,40578.52124261856,NASDAQ
ATYR,-11.363637862502596,-41.791045806906354,-51.24999960786417,-63.253161514310904,,0.28999999165534973,517965.79509571195,NASDAQ
ARQQ,2.111242767147825,20.45409128469695,-2.9220879707546166,82.38679796993746,,23.68000030517578,3933792.6906967163,NASDAQ
WALD,-11.428573018028631,-31.516938718121633,-44.37799073082169,-0.8105824791410199,,0.8790000081062317,242516.10223650932,NASDAQ
SEI,5.02737810852214,40.719636749826684,1.8904164637457699,30.749146347711598,,74.75,135657869.75,NYSE
TIC,-6.875699263276436,-11.531915055944564,3.201786952281971,21.86401126688522,,8.260000228881836,12072188.574516296,NYSE
CRGOW,,,,,,0.023900000378489494,785.6647124420851,NASDAQ
AMBQ,-3.156774860104694,17.843122139060608,-19.725440891018554,153.12805171469245,,65.91999816894531,33545896.028198242,NYSE
BILI,-1.749952043425973,-7.132075567665341,-15.23536211210721,-34.84246732708074,,14.75,24295418.25,NASDAQ
ENO,-2.5636017746585193,-4.439444572335837,-6.704696042487046,-9.167883576719692,,19.739999771118164,179199.7179222107,NYSE
MBIN,-4.483593676364517,-5.776763104253957,1.5659602898362879,13.137586299490223,,49.720001220703125,9870613.522338867,NASDAQ
HCMAW,,,,,,0.6000000238418579,2.4000000953674316,NASDAQ
SOMN,0.19130850157818013,-5.758283628872862,-10.18226578838205,-13.063618058326753,,45.150001525878906,7157720.041900635,NYSE
CSIQ,2.604919613778467,-12.765301907666926,-25.003305326984137,-14.873179994583685,,11.1899995803833,12461306.622710228,NASDAQ
NOEMW,,,,,,0.11620000004768372,38.346000015735626,NASDAQ
GRI,-6.513408430467393,-2.788843192917334,7.726269890780624,-16.36675298495155,,1.909999966621399,161557.34717667103,NASDAQ
RIO,-1.0752226288181288,-8.220164600489376,0.755033135394112,1.220509684148996,,95.6500015258789,242721539.52207184,NYSE
ENPH,0.5745045562224993,-9.102959319237524,-27.4074720947721,-8.724828927360385,,33.45000076293945,124967998.65031433,NASDAQ
IMSR,-12.01647876764933,-24.41997578312254,-41.6691953266543,-36.22034117552584,,3.75,4468916.25,NASDAQ
NTRB,-3.686751469159799,61.17777358557483,144.2295302239359,111.03064074548001,,7.46999979019165,145097.27592468262,NASDAQ
NLOP,-3.5298775669114657,-13.21625262674927,-12.455263023563656,-15.465700329425502,,9.569999694824219,1977822.2669296265,NYSE
QDEL,1.2839643777257992,-23.12146735562721,-38.80831839011285,-33.13267705622579,,12.140000343322754,32691928.324537277,NASDAQ
ATTT,-3.8824768366219398,-0.9943796745601752,-9.306929773767514,-32.640455693429296,,2.609999895095825,23850.17904138565,NASDAQ
GRRRW,,,,,,0.10170000046491623,604.8099027648568,NASDAQ
LYEL,-8.231172587031354,-35.086027922770626,-33.59617073579343,-54.24024830992087,,9.069999694824219,1174084.2504959106,NASDAQ
AAT,-1.2107204064676247,-4.443053254944351,-14.882943578127406,15.807148498744116,,21.350000381469727,7200842.7286605835,NYSE
XCBE,0.15983809830677487,0.28005669926736143,0.4810597869886468,1.9316791447135495,,10.020000457763672,685368.0313110352,NASDAQ
BOX,6.211105037909914,-3.292342972741502,22.706354328869473,43.62901892419886,,35.34000015258789,99503657.82962799,NYSE
IBOC,-0.5262860418239534,-1.98362308089296,-9.205690828198454,2.264729904706675,,69.48999786376953,29768472.73487091,NASDAQ
CISS,-20.217787367406714,-44.14231377657225,-98.7482915869458,-99.6149129333676,,0.8629999756813049,381438.22225135565,NASDAQ
NWL,-4.012896506073515,-11.903978451037556,-7.525023704831179,56.30105177785214,,5.480000019073486,25484619.52870083,NASDAQ
FNKO,3.3638028500984296,-10.82018745657416,0.8382366825727461,75.91785736741443,,6.070000171661377,4627525.330867767,NASDAQ
YFOR,-10.763452992106915,0.14045097845292176,3.9358615098072036,-95.53258133921784,,1.3799999952316284,349865.8787910938,NASDAQ
WLTH,2.6919250084518787,12.790188725589523,10.824187011120067,9.854950772055115,,10.619999885559082,23767804.003878593,NASDAQ
CMND,124.37995980086552,-0.363438002151073,-20.07950322581188,-83.14642306215482,,6.0,511566.0,NASDAQ
WETH,-2.5606190817239916,-15.366473648722067,-17.655738972618007,-22.663588320015148,,0.9929999709129333,58070.63829898834,NASDAQ
IGD,-3.1821038416129155,-6.253815206316304,-0.35667852734687644,8.817281402749554,,6.03000020980835,1626562.4065947533,NYSE
IBCP,0.2697232775374925,-2.608886891249529,-1.1248421234904105,6.831108142728648,,35.90999984741211,6525529.262271881,NASDAQ
ADACU,1.5865013531865868,1.7751767234098326,1.8149860943163176,4.2202237383003105,,10.520000457763672,0.0,NASDAQ
BDRX,-6.845045730660059,-21.656774491676213,-77.99861114555856,-81.84932617348181,,0.6141999959945679,63337.53198695183,NASDAQ
EE,-2.8761972295480054,-17.254324091228845,-14.812493565711993,-1.0375555458445151,,34.130001068115234,15235973.776817322,NYSE
LH,-0.32520213980469226,-7.228044332425254,8.424290994956563,13.86179733169579,,308.6499938964844,216241111.67385864,NYSE
YDKG,7.382551346834965,1.6949148903766975,11.368909727742182,1.2417634476236117e-06,,0.9300000071525574,1339.2000102996826,NASDAQ
CION,-1.3430330781965427,-5.010777457415649,11.055117329274577,2.798832524698147,,6.929999828338623,2100746.2879629135,NYSE
WW,1.3962202412390212,-9.611720525449552,-5.691559723769368,12.780501279218948,,14.869999885559082,1319043.3398485184,NASDAQ
IGIC,-0.10570051739253739,-7.261472648796152,-10.301524986302024,-0.22333180494505944,,24.799999237060547,1804348.7444915771,NASDAQ
BNR,-1.3060472715745397,73.46792579565349,75.50025978108464,4.578031571393004,,15.824999809265137,771231.3657045364,NASDAQ
CUBWW,,,,,,0.11999999731779099,193.55999567359686,NASDAQ
GKOS,4.153759107234456,-9.189629227652807,12.227250351521235,46.66798707619606,,164.00999450683594,132734928.6543274,NYSE
HUMA,-8.71721953073148,-14.532181949842748,-30.47233343015401,-15.981733606350856,,0.5,3209015.5,NASDAQ
HBIO,2.3040310078611848,1.4150971595385364,30.386210849717866,61.143986331947175,,8.5,195262.0,NASDAQ
PCVX,4.546959043598164,-1.3793228270524538,3.3456221272052167,3.509679453662984,,73.81999969482422,1095386111.851616,NASDAQ
VEL,-5.2274182110641165,-18.192877455634893,-19.597825796707813,-18.571113889500012,,14.630000114440918,2350426.558385849,NYSE
NXG,-0.22535720427173667,-0.9633070630241436,-13.719942802202167,1.6666666666666607,,56.0099983215332,3373426.1889076233,NYSE
MTR,1.4987515680835228,4.455871601932593,-21.50675785422661,-50.183897016112056,,2.440000057220459,2183.800051212311,NYSE
TRAD,0.09952267120525438,0.07960191262463834,0.9231406633064099,,,10.039999961853027,1696.7599935531616,NYSE
IR,1.0998937696128586,0.20752906808891858,-5.293208427550855,-3.1015822655097947,,78.55000305175781,332878810.182724,NYSE
BKSY,-6.24510225405378,-2.7114984383410867,-21.522308977661808,-21.102397457397892,,21.3700008392334,19952806.493577957,NYSE
NIE,-1.242383246098211,-4.036908904882097,-6.101875261926781,6.530089324319754,,24.829999923706055,3335984.9797496796,NYSE
RLJ,0.3614706675163504,0.07208499068400709,-4.816591461420727,50.56941571131368,,11.15999984741211,23628286.47693634,NYSE
BBDO,4.314232622232894,5.813194697782564,8.94418233098364,-2.3508143539307857,,3.759999990463257,984213.8375036716,NYSE
FLC,-1.214422504117596,-5.494374695044657,-7.793129405507415,-6.220731378733568,,15.399999618530273,507368.3874320984,NYSE
BLNK,-3.825902638481482,2.4682163354399655,-12.54388422947641,-2.0378928706961563,,0.550000011920929,418366.30906784534,NASDAQ
OTGA,0.117030178964872,0.43044652333377176,0.9439575391556376,2.027432722978606,,10.270000457763672,5388843.830196381,NASDAQ
DDL,-4.973354394629281,-5.726868933848817,7.971748962076242,-17.310661236987457,,2.0999999046325684,296492.6865353584,NYSE
CERT,5.896859054421233,14.77520992828023,36.70043207380882,70.19819947316968,,10.069999694824219,29233883.80405426,NASDAQ
ONBPP,0.20944957377246887,-0.0610570390123466,-0.11642882342840499,0.22559778202622116,,25.024999618530273,189464.2721118927,NASDAQ
ZENA,-7.544581004037232,-20.47197651238012,-5.469845525325501,-38.22181389731646,,1.2799999713897705,2080807.633490324,NASDAQ
NMRK,-4.7321981097310335,-17.067355783050363,-19.264990970100026,-15.231520255494857,,12.579999923706055,13630014.777338028,NASDAQ
PRMB,-0.9927348580410222,-14.161491707086693,-22.08441003822701,2.903945953598641,,19.8799991607666,117565742.6369667,NYSE
RY,-2.348589088094244,-4.8168713858091845,-5.312431278147455,21.112604308488603,,194.6699981689453,180206601.31498718,NYSE
HXL,-0.03976836795136496,-7.865459921711693,-14.342413078091765,7.014602807856463,,85.9000015258789,89851315.69606781,NYSE
SSM,50.259517387169936,-52.81173675371732,-59.148636084254576,-71.8749999034899,,1.590000033378601,5046100.425931931,NASDAQ
CHRS,-2.8333326743708587,-15.751445666739706,-22.473405073230325,-30.842231583175984,,1.1200000047683716,2246703.209565282,NASDAQ
VIP,-8.974360096555078,-12.148481942105727,-14.644809146122363,45.70895376745723,,1.5199999809265137,248003.19688796997,NASDAQ
NTRP,-0.9404404607587291,30.75861930847168,-9.369026144443371,-44.20247188007885,,1.9199999570846558,174568.316098094,NASDAQ
JF,-3.45911746138694,-0.5399562821177151,-10.755811851422637,-4.460579138762588,,0.9150000214576721,3310.4700776338577,NASDAQ
UFI,-1.5073861888753592,-10.640043415136436,34.72164715006627,83.23051403782007,,6.420000076293945,489736.86581993103,NYSE
INBK,1.384372360739361,-4.216693616326872,-3.983376960619589,29.550511210923403,,26.829999923706055,769001.4578132629,NASDAQ
MAT,9.355130657350564,-1.874492057027799,7.1333226222352275,0.16638919266431795,,16.049999237060547,235659955.99786377,NASDAQ
INR,-1.3685996416689328,-17.74813984280271,2.6732833274370593,-26.83928443728614,,13.210000038146973,2520375.5372781754,NYSE
ACOG,2.9744061915078834,-3.1761520923314635,14.807197269726057,54.26597630967569,,9.149999618530273,481207.6299381256,NASDAQ
VIOT,17.630056299859476,37.26812775508777,100.98765633415479,51.301115109841746,,1.5099999904632568,229757.06854891777,NASDAQ
TZOO,-3.6624791518579003,-15.734925266558564,-54.238444701797526,-8.36748725596519,,5.380000114440918,353939.4475288391,NASDAQ
BIT,-0.3903465484290991,-5.805369154364504,-10.2908270825097,-10.118478074476956,,11.100000381469727,5826279.200229645,NYSE
COLM,-0.2877242083478282,0.2684130915377114,-9.020748039266568,5.610221304543539,,56.93000030517578,33060845.21722412,NASDAQ
BNTX,-1.5981781708937604,-4.696281679776105,3.2840812518291296,9.472883601209748,,97.63999938964844,140202056.2435913,NASDAQ
GHXI,0.20128099947207545,0.22133183356263242,,,,9.990599632263184,10070.524429321289,NASDAQ
FDBC,-0.5733785103718025,1.7831931167318071,5.102042055706257,25.886785660075496,,55.099998474121094,796635.7779388428,NASDAQ
MYN,-1.2533581374032043,-8.10247932676037,-13.183783985743602,-8.178980831582972,,8.75,3614948.75,NYSE
STAA,11.445842091492931,-2.1321056765074675,-18.813168702837977,15.296288935827151,,22.56999969482422,10650534.585990906,NASDAQ
EOCN,-3.4201391812028525,-13.550793042321995,-24.54698311499055,-14.392118503080663,,3.4500999450683594,23329.575828552246,NASDAQ
BJ,1.5580830898838771,2.603177591966044,7.4427539353800976,-3.092887452296844,,93.80000305175781,254055338.46562195,NYSE
TKO,-4.4539830572247645,-4.605214052439022,-9.967074763244465,-11.307326164814091,,177.0399932861328,251992175.96372986,NYSE
RWAYL,0.17988576260752343,0.3028886329063507,-0.5416242838640173,-0.39594718203490586,,25.149900436401367,163298.30353355408,NASDAQ
GRCE,-2.1575987088716775,-1.8814702158901575,-12.500000250019482,-54.78977227936299,,2.059999942779541,162824.4554772377,NASDAQ
CGEM,-8.45474070029464,-30.34075419909167,-13.952180591514452,8.093627634824507,,16.040000915527344,17370695.431480408,NASDAQ
CRGO,-9.075580216580182,-26.231132083782537,-31.00441121715265,-42.644255699318855,,0.9096999764442444,30025.55742251873,NASDAQ
BRCC,0.30721831831497237,9.511260873977868,-20.08741358660432,16.785894431057468,,9.449999809265137,784869.7341585159,NYSE
PMTRW,,,,,,0.6899999976158142,1590.4499945044518,NASDAQ
CTA,-1.2515400189967774,1.5386560881752498,11.498067384549483,-5.012827456103808,,28.829999923706055,37401418.37102318,NYSE
LAC,-8.686440760013102,-14.427530400223066,-31.514828840334285,-34.56477774803712,,2.549999952316284,18632008.151590824,NYSE
PRPL,-14.420803116267955,-44.70468393326217,-75.51296496030714,-86.83636377886307,,2.180000066757202,47371.401450634,NASDAQ
MRKR,-10.118046143282001,-17.873653068199136,-29.403975189247113,-18.996960706588617,,1.059999942779541,77897.27579498291,NASDAQ
GRSD,-2.9487196945344407,-19.123932460754446,-23.535354025521315,-60.07384009487249,,1.5499999523162842,367934.3386809826,NASDAQ
IRT,-0.25927890430629263,-9.998767422024645,-14.694211143492897,-2.207653941936949,,14.720000267028809,65936327.596120834,NYSE
ECHO,0.46299389578454697,5.555300347622372,-8.012717874761432,-24.03183841271499,,98.20999908447266,666985941.2422638,NASDAQ
ADPT,-0.16032178750556847,15.8069219729708,33.448242808231285,104.46823570254344,,29.84000015258789,42213036.85585785,NASDAQ
AES,0.3637813924058708,0.9076119281894446,1.9433408081979353,5.004226468368733,,14.899999618530273,137278166.48540497,NYSE
RTO,-4.69034139057749,-16.865659752638063,-32.618258519066735,-37.64794105476753,,20.020000457763672,43660738.11831665,NYSE
MANE,1.83926809374233,20.781129430919187,-4.536876758005826,90.45014556827769,,118.87000274658203,63734767.11264038,NYSE
RYOJ,-21.27009818462906,-46.14736298920117,3.933494930581838,33.43323742886639,,2.799999952316284,39440.79932832718,NASDAQ
VMC,-0.4187324057703501,-8.129132095559811,-18.557113660554737,-11.6512657740527,,245.57000732421875,249385182.9580078,NYSE
HTLD,1.475181238256873,-4.005911246380167,-22.112695416214624,11.62657347386029,,11.670000076293945,5330050.80484581,NASDAQ
PSTL,-3.3146334491240492,-4.129445091916728,-7.647342412827019,21.590426235136185,,22.3799991607666,6874979.082193375,NYSE
MLAB,-1.0666941679154163,3.6455178807879296,30.853993311684302,48.673120042669616,,142.22999572753906,21038803.198013306,NASDAQ
FPS,-0.8397712486800546,27.331424528889126,-21.855467870381652,31.552163617536632,,38.970001220703125,256330677.79934692,NYSE
PBK,-3.849058729085497,-39.15950507195952,-62.20706112221948,-54.90265601668474,,0.22499999403953552,156087.89586508274,NASDAQ
SN,3.8241980578466617,-0.16499834890872922,20.14190447558559,73.58043133780609,,182.69000244140625,236075857.64483643,NYSE
FMSTW,,,,,,0.2500999867916107,146.05839228630066,NASDAQ
RFI,-1.3195095557628544,-7.590469728113258,-8.542977573158772,-5.913013830385738,,10.34000015258789,1350755.5799331665,NYSE
SEER,17.845830967242904,13.877549679862234,19.74248951741686,31.75915050925728,,2.3299999237060547,1388381.7145385742,NASDAQ
STG,-1.8493165225377362,-1.2132918437459228,-27.589691677072526,-20.167130228092734,,2.7799999713897705,6941.659928560257,NYSE
CAMP,1.6427113518894032,-1.9316475065236483,-9.257561709600626,-9.299126466195117,,4.010000228881836,1528435.647239685,NASDAQ
STZ,-1.7254571648544603,-13.127711779452856,-16.405278889096554,-25.514805103034444,,113.30999755859375,333336823.84783936,NYSE
AISP,6.631298419603571,-4.285714739844915,-11.531693457099712,-10.107333572206855,,2.0199999809265137,4868147.434033394,NASDAQ
FGI,-2.569858428379923,10.780145236348693,80.61979654492445,95.054950898217,,7.574999809265137,49449.59875488281,NASDAQ
BDMD,-2.156411970367078,-32.461947181422936,-33.98096772082536,-60.04293256997114,,0.742900013923645,38582.512223124504,NASDAQ
WST,-0.670181810804038,8.901147613582516,2.8101568069745397,47.13411884184171,,376.760009765625,257226491.74731445,NYSE
KOS,-3.8519654721637653,-11.10335307262693,21.122741017937095,-11.903115995522207,,2.5199999809265137,42386782.71918106,NYSE
DBCA,-0.13949530102534968,1.903161694905009e-06,0.3404105554599246,1.6430068056174862,,10.039999961853027,10584920.9597826,NASDAQ
BNL,-2.2074377410223445,-11.532584853002303,-11.978327050905213,0.11894116990716075,,18.399999618530273,37028950.43231392,NYSE
PLRZ,-5.614888057648204,-24.77752314556231,-27.346417478812302,-16.658960883713213,,9.260000228881836,155225.38383674622,NASDAQ
OCAC,0.14028377832404626,0.3212184147558972,,,,9.989999771118164,456642.8895378113,NYSE
BLND,-6.834536500243848,-32.19895394158658,-42.31626038600977,-43.69565360205837,,1.0399999618530273,1593792.6615400314,NYSE
TXT,-0.17157460913161948,-4.456111600244627,-16.80532237456219,-12.528190100855008,,75.75,124573905.0,NYSE
USAU,-6.096463954717024,-8.140414167506215,-8.577512249926201,-4.249181278416369,,14.279999732971191,2202075.9188222885,NASDAQ
OBK,-0.5903808203451044,-1.0850862621012203,2.7518633901884915,26.99236158954408,,53.119998931884766,10714941.22454834,NYSE
ASBH,-2.3780956729152813,,,,,17.90999984741211,2507632.8086357117,NYSE
SHOO,2.3464218874006404,6.61505905380404,11.835631600862516,33.85757164825862,,45.68000030517578,44738992.29888916,NASDAQ
ATOM,4.53074440077883,11.70948808891865,-41.326066632817636,14.771575393014281,,4.619999885559082,2164372.926386833,NASDAQ
HTT,-3.3717131029318392,-8.985281650833166,-9.961685494761575,5.192479138267769,,2.2899999618530273,456630.57239341736,NYSE
OCGN,1.7681735735999293,-22.10526646009101,-31.025300211373462,-41.86307478947451,,1.0399999618530273,5680055.471656799,NASDAQ
BRNX,-10.262935047175347,-40.86081765976643,-61.56640522151241,-88.65293893902896,,1.8899999856948853,329368.40750706196,NASDAQ
PBF,10.3843691377979,7.944443362099984,67.07934291093743,69.43926198875334,,84.16000366210938,255655957.04452515,NYSE
ETS,4.938271296058838,106.21057545739009,93.48964494450233,145.38106330144075,,1.659999966621399,125172.29748308659,NASDAQ
SNGX,-5.751290934726249,-4.263154823694171,-7.1938747225304915,-68.19929957455413,,0.35899999737739563,38736.09971702099,NASDAQ
AMP,-0.7684356250870272,-10.882394413583373,1.1216003825996523,13.11909439327119,,494.94000244140625,286569271.53356934,NYSE
CRD,7.175683010367884,-5.811075040476488,,,,15.359999656677246,312222.7130212784,NYSE
CHR,0.24875301375981707,-9.539844514426644,-16.39004319988846,-35.1046717064489,,1.5499999523162842,12851.049604654312,NASDAQ
SPEG,0.28884779745772526,0.48234613229403145,1.3821259607126768,2.439023932723261,,10.399999618530273,25261.599073410034,NASDAQ
MRNO,-0.20519877251939933,37.511783293463964,19.394437045282142,-37.40883794443399,,0.24400000274181366,148402.99766759574,NASDAQ
GRAB,-0.6685800371010076,-11.161732818635228,-19.338161617715667,-13.525500558750602,,3.1700000762939453,247250442.06069756,NASDAQ
PKOH,-0.8228545728357517,4.597241642791006,26.981467710594064,96.46409485984616,,47.7599983215332,2887999.3385047913,NASDAQ
TOYO,-1.0526294885134568,0.23180431310589888,-35.36621678422901,-49.141377920512596,,4.380000114440918,1062793.8877687454,NASDAQ
PRLB,3.628069256862876,21.482811680531967,24.068014376322687,68.39878226358533,,98.68000030517578,25281618.718185425,NYSE
CANG,22.370937394961764,22.254055643388092,18.518521216671214,-38.16425086831586,,2.7200000286102295,1235388.6529943943,NYSE
SBS,5.22474308222487,10.354553400026646,-4.928842770833364,-9.184349970644313,,6.260000228881836,176435521.07094002,NYSE
LIME,-2.714364984859885,-31.200474136233105,7.523077451265769,,,27.170000076293945,6944950.889501572,NASDAQ
NXE,-4.165783175081161,-12.768429612987575,-4.551230933302131,-21.267681441408037,,9.069999694824219,21043877.701942444,NYSE
CHMI,-4.630970390706812,-10.15678564696132,14.211439724507112,4.6862582858741675,,2.5999999046325684,793847.5708818436,NYSE
TTWO,0.14431151429781242,-7.436208980390857,-19.772080025086293,3.526701456263992,,203.4600067138672,453280003.6375427,NASDAQ
BRW,-0.6578941073609235,-7.248156206463996,-9.254807404713638,-10.065512854205139,,5.960000038146973,1611476.7303142548,NYSE
FCFS,-3.147571566223417,-3.601157092027607,-4.559697697334264,9.841993622975732,,211.3300018310547,75642826.86540222,NASDAQ
PRAX,0.5045480253218715,-18.336416472741234,-10.690155753995922,-6.512608705234413,,283.55999755859375,133418098.0112915,NASDAQ
DAC,3.7540453074433655,5.362099233622475,29.669476178764363,40.94537946020929,,165.82000732421875,24635381.028137207,NYSE
MRCY,1.3201325997946878,-1.9791055791946288,-31.609035280572485,13.610883157724762,,82.94000244140625,44657800.214538574,NASDAQ
NOV,-4.803452431047006,-11.14751192226786,4.617585014167647,1.3667899460873212,,19.510000228881836,80753256.64735794,NYSE
ADV,-16.810098224913094,-15.977922386240218,-33.24772354854245,21.773337511784764,,27.3700008392334,1861707.4570846558,NASDAQ
SYK,1.6003994625513718,-12.832349756557305,-13.762398951201483,-15.787078627028428,,285.2200012207031,945784960.527832,NYSE
CADL,-8.804922903644963,-20.365255507732638,4.0088174635448,112.83838862212563,,10.229999542236328,10019087.641674042,NASDAQ
ETN,-1.0795225749406834,9.359463062711804,6.007672522348662,21.053156621215763,,432.6000061035156,617064974.7061157,NYSE
CPAC,-0.620307073165427,-2.560818565169498,2.3537333271337113,18.952715418964527,,12.210000038146973,204151.20063781738,NYSE
JBL,-3.4045355526010512,-0.021180308218315957,-14.226021562345748,14.363140889449188,,300.94000244140625,314420910.7907715,NYSE
PENN,-5.382834879021258,-12.902080135575133,-31.03932604586863,0.27229511703037446,,15.100000381469727,44161612.11565018,NASDAQ
AWRE,-3.832749031273941,-11.396467363787789,-19.650655014256703,-13.343795929262814,,1.0800000429153442,31429.081248879433,NASDAQ
TDOC,-6.764704906129215,-10.927255626205767,-37.42048669813646,7.823129889180236,,5.789999961853027,25872116.889543533,NYSE
PKBK,-2.4393142990450145,-2.8601843354040812,-0.9221882920868341,15.760559891169379,,32.7599983215332,1250383.6159362793,NASDAQ
NKX,-3.736949825655278,-12.358240154056265,-16.361613077775328,-11.636117897240927,,10.40999984741211,5216544.613536835,NYSE
WEX,-6.19277364846419,-11.824477727743488,16.021123025828942,10.647045949131728,,172.47999572753906,101071380.21638489,NYSE
EXG,-1.7569549157402609,-5.7773321813483385,-4.005722513636789,8.126152672063093,,9.34000015258789,7376097.00050354,NYSE
PSMT,-1.9288252414294438,-0.8831189471013801,-12.821932850743224,12.162535341181457,,171.80999755859375,59697617.18170166,NASDAQ
VZ,-1.9013067012650042,-8.609642527653683,8.532257786472286,-7.5833229740954415,,45.849998474121094,1031968519.7062912,NYSE
RUSHA,-2.985945961080505,-7.04343692545274,-4.327859405444401,5.875661666905008,,47.15999984741211,30874991.660102844,NASDAQ
BUUU,-13.970971981235136,31.454145847283144,80.56702767689048,152.6640161565089,,38.650001525878906,3353737.9324035645,NASDAQ
CVSA,1.1879509045629177,-6.9980988615498285,-4.945361533532322,5.989259838828653,,125.38999938964844,51178805.98088074,NYSE
BON,-2.4813658726305254,2.6896947217024403,-1.221475177345821,-9.14814493693764,,1.1712000370025635,27126.164057016373,NASDAQ
STRZ,0.41958336235758953,-14.62861768499769,-21.97242313027431,91.40287211373288,,23.030000686645508,3045141.8407917023,NASDAQ
OXM,-5.426241025987499,-33.686611765430754,-29.030795616081505,-34.37860572155378,,25.3799991607666,23497970.702999115,NYSE
BHF,-4.127481158187562,-5.477137958587641,-21.643740653196218,-15.89056640761488,,49.81999969482422,28997681.00237274,NASDAQ
USLM,0.25750460095090855,-4.7361577218443145,6.8965528858957015,-15.531078170279189,,110.77999877929688,11890128.048980713,NASDAQ
WMT,-3.787503296865824,-0.7721544003272629,-5.7182923140137065,-16.1238191540814,,105.06999969482422,2017251007.190895,NASDAQ
KRSP,-0.6302597559481926,0.3645633506530688,1.167174239782498,3.030829402963664,,10.550000190734863,733520.4132614136,NYSE
BCTX,-0.8149594830152762,14.626039400988432,21.992924591296294,-0.9099619548807114,,4.179999828338623,248329.60980176926,NASDAQ
GDRX,-2.08581591300534,-5.899199356002194,8.807946570238201,64.30000024199487,,3.359999895095825,2963973.5074603558,NASDAQ
KFY,-1.4498714319678752,-15.5264758149392,3.366296516968448,14.069539576734158,,71.70999908447266,44395445.30319977,NYSE
TIPT,0.034825995114617925,-6.610316792458049,-4.847080953227845,2.9383671906324293,,17.34000015258789,4566072.880180359,NASDAQ
MYGN,5.539357972360492,35.580521178542,-26.596824338670867,-5.028423935206705,,4.579999923706055,10601948.703392029,NASDAQ
NIVFW,,,,,,0.025499999523162842,74.58749860525131,NASDAQ
CRS,-1.6743829734239823,-17.390713386298163,-35.89246514847555,-0.5415465165100275,,392.20001220703125,363851010.9246826,NYSE
IONS,-0.8856680667711281,-26.324189851855174,-45.92840303309524,-40.413057060859515,,43.5,124869534.0,NASDAQ
IIM,-5.098949193387736,-15.440826523399288,-17.25478065386924,-11.5192810487615,,10.710000038146973,3270020.0516471863,NYSE
PGR,2.3860743515579097,-4.606760350399519,-7.908654039824015,6.814810803926741,,212.6199951171875,587388888.7706299,NYSE
LNTH,-0.06610858081828042,-1.1022977788418098,-6.936308348349829,32.44829612885043,,100.19000244140625,66013990.32861328,NASDAQ
RACC,-2.1528940508750316,-43.41036151200278,-3.3867773494671405,,,10.369999885559082,368072.77593803406,NASDAQ
AHCO,-1.6831526949978581e-06,-3.475301265225239,-45.72797120152073,-52.10481811269896,,5.739999771118164,18735766.792913437,NASDAQ
MFI,-1.4868265011769854,1.0792607389087383,4.039312022545483,-17.526258601351095,,9.220000267028809,81818.28236961365,NASDAQ
YSS,-9.70025146708322,-1.5433528197320467,-64.02985155592755,-64.71449625890344,,8.3100004196167,20808049.920710564,NYSE
ELME,1.748250047954647,3.8049961648910724,13.082903128569079,-13.649850547394681,,1.75,5235182.75,NYSE
VTOL,-4.697198450315998,-9.25411822415797,-2.669866823741218,-13.350719516117914,,40.43000030517578,10240919.077301025,NYSE
AFGE,-0.8465547527724104,5.299886981260493,4.943611077555898,3.0771124059029376,,16.899999618530273,157930.4964351654,NYSE
CEPU,-8.651942506731103,-13.33814966427288,-18.651653790554022,-27.528701418865687,,12.430000305175781,4215945.353507996,NYSE
FLS,-2.2433155400442883,-5.711142055720931,1.0138109894011427,-0.15437523755976734,,74.30000305175781,118806076.379776,NYSE
ELUT,-3.827934784451492,-7.235431412650772,-16.46515504833387,-27.905795072531404,,0.8216000199317932,207341.44583004713,NASDAQ
SONY,1.0816397447902304,-4.9099541358352035,13.636366648442365,13.592513905143534,,23.540000915527344,111961917.49446869,NYSE
USFD,0.5095931258537245,-10.716519751052578,-8.519476232272172,3.643196026823703,,94.62999725341797,207519704.14685822,NYSE
YALA,-2.1470165654235096,-1.9328964563591011,-2.253725522163985,-14.281161760141059,,5.429999828338623,1557394.5407652855,NYSE
KPET,0.16016382960484243,0.2605270168874796,0.20028498303077402,,,10.020000457763672,0.0,NYSE
BTLN,652.3392970663738,425.51128042086344,520.0248925014643,846.6388164550473,,5.284999847412109,100573.54709625244,NASDAQ
DCTH,-2.0288038545019593,-4.8990978699882,19.216704921186277,66.3052732979402,,15.869999885559082,6792312.34101963,NASDAQ
WOK,-9.027778069645242,-22.661217138324375,-18.12499807287862,-98.53694158321393,,1.465000033378601,197974.24451065063,NASDAQ
TRMK,-1.2032394825994608,-1.1472163309577788,-2.4283095673005572,6.704965355281711,,45.540000915527344,16808131.23790741,NASDAQ
DOC,-3.8227213917527147,-6.487675258385972,-9.888592118012085,18.55844922642511,,18.84000015258789,126580591.62519455,NYSE
NVT,1.3844974277001487,10.412565139586993,4.133514694692697,40.310720936363985,,167.1699981689453,292150300.8800049,NYSE
RCBC,3.459907296214415,2.3835416307125934,23.01305960887894,26.08882917589628,,54.45000076293945,8752510.92263794,NASDAQ
ABLV,79.62202485395196,100.99301470386747,90.91703093867312,250.99550379236942,,2.549999952316284,294326.09449625015,NASDAQ
BNTC,-4.977017078337653,-23.65505274016496,-27.89322087700573,-11.289421771194041,,9.229999542236328,5392534.932556152,NASDAQ
RFMZ,-1.5995955868467693,-10.036945190856429,-14.185021921555741,-7.663138543834702,,11.670000076293945,1114006.5372829437,NYSE
ABCL,10.291140750095519,24.193549142166248,81.08384526999654,312.100052141408,,13.779999732971191,56011606.2546072,NASDAQ
IONR,-6.658369146315801,-2.5974001444537986,-30.52338831081064,-26.27181105164378,,2.9800000190734863,116222.98074388504,NASDAQ
WTBA,0.4071493707881846,2.1124291064052336,8.186482450456701,21.12887028258914,,29.450000762939453,2241380.658065796,NASDAQ
SIFY,-2.138956861493979,-8.218039082254446,-15.361061237278884,0.5303868693597114,,13.329999923706055,480319.88725090027,NASDAQ
REFI,-5.481753988562266,-6.600108580290143,-5.693481987607541,-10.042732285074996,,9.8100004196167,2332258.929760933,NASDAQ
FCNCP,-3.9504485095904207,-8.581945439825645,-9.80995121647561,-15.161922279683694,,18.0310001373291,209772.65559768677,NASDAQ
JWEL,1.7565372271918678,6.090291026639361,15.538035549405338,3.1897244951876624,,2.494999885559082,10109.7395362854,NASDAQ
RVSB,0.808352221320785,15.33718524658838,11.016319875812908,8.128611044496115,,5.989999771118164,428913.93361091614,NASDAQ
EROC,-0.4847328132528861,5.3901430351536606,-15.525990561671922,,,12.390000343322754,28343922.33540058,NYSE
AOD,-1.629486225955168,-5.479961978169046,-1.895918912333805,9.3359204679214,,10.079999923706055,4549355.965566635,NYSE
FOXA,-1.9360110131070085,-7.393224930850195,14.05907414914791,6.161750406503219,,63.33000183105469,319417340.24528503,NASDAQ
BEATW,,,,,,0.015399999916553497,6354.45576556772,NASDAQ
CBRL,7.3967555571772925,-1.8434031895213643,2.645341212274599,88.10772737043271,,56.31999969482422,42551336.72943115,NASDAQ
TPB,-5.274434239586023,-27.5100905189934,-33.371206102411676,-27.088884757776356,,57.61000061035156,44119524.37742615,NYSE
LHAI,-3.2319406198130562,4.926817205972389,-36.84863631930935,-12.392427464737231,,1.0299999713897705,91770.93745088577,NASDAQ
ERAS,0.7113742473817464,-14.52520648390303,-20.681027211818392,-11.784634794144289,,14.720000267028809,80756909.62497425,NASDAQ
MSEX,-0.8115176352140985,-8.865065116002224,-6.189649564473765,0.43547612436174443,,53.06999969482422,14395980.397216797,NASDAQ
HPP,-2.1831822467903605,-10.836443252641493,-28.748914260935653,97.62232758610917,,11.25,5503218.75,NYSE
MARA,-11.818465022495328,5.935985455313375,-11.95484150039018,36.982672706206166,,11.170000076293945,373341648.06001854,NASDAQ
CVLT,1.1616600892465634,11.350106675245609,0.7474751584858996,91.62098306656708,,153.72999572753906,82485212.77757263,NASDAQ
GRVY,0.6082711401030005,-7.451484250101458,3.9231309097072398,9.232949924777056,,68.16999816894531,1027185.532409668,NASDAQ
LEE,0.6076390002739185,-13.485941947193902,-22.784809711051935,-18.303570448231877,,7.070000171661377,182653.45443487167,NASDAQ
SYY,-0.7518630488655198,-4.872912152938724,-7.771101778177048,8.647811795910943,,76.37999725341797,400226984.7080612,NYSE
TRI,-0.6357605944345424,-9.283202971173154,12.251099369732387,8.379080364367386,,97.08000183105469,99288086.47270203,NASDAQ
CCCT,0.0,0.10173172898728655,,,,9.84000015258789,192440.88298416138,NASDAQ
BCC,-3.088544078872224,-2.947958686837371,-0.8127733014659411,0.4881580675185182,,74.83999633789062,17907115.603759766,NYSE
ACMR,3.565689155850693,12.075153601471111,-25.297197003230877,99.87997105904849,,76.16999816894531,161261331.20343018,NASDAQ
DSGR,-0.01715980971814801,0.6449006271044055,28.796698576445557,32.57736704583611,,35.02000045776367,8822063.415317535,NASDAQ
ZVRA,-5.876105654556141,-11.668465455415,-24.610149795953028,13.997860294129527,,10.699999809265137,21147575.9230299,NASDAQ
PIIIW,,,,,,0.009999999776482582,1194.8699732925743,NASDAQ
LBRX,-5.310414877202074,-22.81149271663887,11.527419056897115,47.22776120895988,,34.619998931884766,17118827.831840515,NASDAQ
SOHU,-2.786237620093557,-8.155927779967476,2.2254217321516556,-17.05637955771736,,12.550000190734863,654043.2599401474,NASDAQ
VRRM,-9.141107171402595,-30.762037742141445,-30.56727727457138,-79.4134006193819,,2.869999885559082,21377119.527589798,NASDAQ
JNJ,-3.866265480018183,-4.326867087560638,0.18265131541554958,6.984839866979042,,252.92999267578125,2286884486.807556,NYSE
FWAC,0.10060592861163009,0.38337284590543863,,,,9.949999809265137,2029073.6111040115,NASDAQ
O,-2.718718478724369,-12.015202236448975,-13.960358555855123,-12.126522115238414,,53.77000045776367,440752693.7522888,NYSE
EVN,-5.998776938453998,-13.467321348671014,-17.52596090625077,-10.76893707522889,,9.069999694824219,2515537.2053604126,NYSE
OXBRW,,,,,,0.13510000705718994,58.498303055763245,NASDAQ
MNY,0.19959538842460045,-19.761409664059837,-23.769807493001636,-46.45385716869552,,0.6699000000953674,11906.132701694965,NASDAQ
BANL,-10.041264732173904,-70.40723915623285,-6.441591317034312,-55.89255441062326,,4.570000171661377,51366.80192947388,NASDAQ
RRX,2.583114348614668,-0.9506815740734531,-29.29881573884565,-14.841009647281355,,161.25999450683594,154833299.945755,NYSE
ALCO,-2.109766898338128,-4.12756685996738,-7.86166328229998,-7.980834741299292,,38.38999938964844,739660.1182403564,NASDAQ
GTEC,-28.289068852680042,-11.322609353382962,40.851667454732564,11.057638892247512,,0.7932000160217285,384583.02776813507,NASDAQ
ADGM,-42.085271283265136,-71.50648353961572,-76.5652449768644,-87.33728815877755,,0.14110000431537628,224369.04306206107,NASDAQ
QCOM,-6.467394151559014,9.05918840598774,0.38140701787241493,44.08488482118007,,180.7899932861328,2215909501.559372,NASDAQ
CGEN,-1.8471875015013794,-9.659969223366948,3.4513240839304293,8.643118681575412,,2.309999942779541,459246.468624115,NASDAQ
TASK,-2.1286880612143677,-0.1973381242567518,61.131022791771585,20.273484538434605,,8.079999923706055,1806986.942937851,NASDAQ
CNK,-0.5735938072436775,4.066606394047034,19.056566771512973,27.393747668050406,,35.970001220703125,69527206.69952393,NYSE
UNCY,-7.150322241427753,-14.61257334041508,-16.175914712355876,-33.43824751479361,,4.190000057220459,2854512.9589824677,NASDAQ
IFS,-2.8604232765507165,-2.04480390977545,-6.884093519416334,8.781802245978309,,54.400001525878906,10147504.284629822,NYSE
BLUW,0.13119139727384432,0.06747999117133752,0.33249736426024246,0.9668333758518166,,10.390000343322754,53279.92176055908,NASDAQ
UEIC,4.176243983653283,19.411504625205268,14.725737549389372,30.909964397459767,,5.489999771118164,246830.38970947266,NASDAQ
FSUN,-0.4949743402872686,-2.6314459137176227,0.051309538221011586,7.29023383768912,,39.45000076293945,9168969.177322388,NASDAQ
UVV,-1.823378443877799,-8.79996462693039,-19.103161445646943,-20.467057999896653,,42.130001068115234,14984545.999900818,NYSE
TTC,1.4621708789128718,0.5942587990339643,1.250077806655403,5.3196984035463135,,98.94000244140625,73093410.90362549,NYSE
TRMD,12.109309227931163,16.42767226790358,42.317564132132105,36.683806561663566,,41.04999923706055,95792554.11963654,NASDAQ
HAYW,-2.668142497971715,-10.833092041131199,-27.050052250655632,-7.943856394335002,,12.430000305175781,37903098.250579834,NYSE
BGLC,-12.112676217144047,-16.241611146340517,-37.537536756347166,-44.290688122934,,1.2799999713897705,15019.519664287567,NASDAQ
CCIIU,-0.06678085890264862,0.04775111851784697,0.2392344541273017,1.012533579543784,,10.460000038146973,0.0,NASDAQ
TSSI,2.7295279243079174,24.824118375422998,-14.551085211324565,-23.74520392572459,,10.050000190734863,5583418.305965424,NASDAQ
GANX,-7.080609710580887,-4.692735656222025,-10.68062576265081,-9.158679496243638,,1.690000057220459,584608.1997938156,NASDAQ
RITM,-4.6130638661027294,-11.62372792713966,-4.406999273134938,-6.665260193171251,,8.739999771118164,60437299.43727684,NYSE
ABG,-4.480208388934315,-17.76200371089216,-14.568991471015192,-10.340679422505373,,171.8300018310547,51785094.971832275,NYSE
GME,1.5422890584313453,31.31031867448144,8.85333421495227,6.942623969330519,,25.239999771118164,300535756.55467606,NYSE
TECX,-6.377258488815974,-26.8207256672375,-34.986709293927845,-23.904407768254888,,23.110000610351562,7223100.020767212,NASDAQ
EXK,-8.883248198537895,-20.67759060112263,3.284583680129183,-7.632933792062113,,8.600000381469727,38364954.30175209,NYSE
INIO,-2.119221812915839,-7.0302449510344704,-49.41462147644735,,,18.979999542236328,81710644.18928528,NASDAQ
IRON,-2.5334395647681363,-18.648082533215092,-15.307513622338686,0.7113916538302956,,63.33000183105469,28898619.775543213,NASDAQ
CTAA,0.0,-0.2806180497805344,0.14090308123198003,,,9.949999809265137,0.0,NASDAQ
ACIC,0.19544007400429386,-2.390522797325534,-18.896118232143678,-17.05914201918002,,9.279999732971191,2423369.850268364,NASDAQ
SWAGW,,,,,,0.003800000064074993,15.013800253160298,NASDAQ
CDNA,10.584123533469825,33.79374121135725,130.23352590227964,278.4599573244055,,69.8499984741211,114269009.50378418,NASDAQ
ALIT,-22.24921853572792,-37.078652091737254,-40.2188411508052,-20.539199464345604,,8.739999771118164,3619548.545211792,NYSE
VCTR,4.765550420761011,-2.2604188706707773,28.20073524436082,74.8006696559075,,115.27999877929688,75637397.51907349,NASDAQ
BBD,6.988933045620294,9.606204630142878,6.184969266053919,0.60240775081295,,4.329999923706055,551254689.1069756,NYSE
SFBS,-3.4043577623713572,-6.162675115457528,-8.516785735117727,9.262707997484764,,39.5099983215332,25530373.165416718,NYSE
CRBP,-14.424240092065476,-43.30834935752404,-31.05468639243757,-34.19635458590328,,5.849999904632568,4637926.724391937,NASDAQ
NHTC,-0.5920794986694622,-37.71588214259795,-45.07549365100982,-64.44688400422724,,0.9501000046730042,87323.69142949581,NASDAQ
TRGP,-0.8072227588192704,-4.935373762034323,5.301171236928792,12.856158034377518,,287.3999938964844,396896804.97109985,NYSE
SKK,4.223048265265117,-2.0179886529700597,-8.425587343525942,94.72536622143366,,4.489999771118164,9990.249490737915,NASDAQ
JTTT,-0.9140750421739452,-1.6690840430510612,,,,10.800000190734863,71744.4012670517,NASDAQ
BZ,2.941177330754652,-14.968334278698936,10.158115190172602,9.846794342894217,,15.100000381469727,67477386.80467415,NASDAQ
TVGN,-10.16542267256616,-4.8332405580919335,18.016123079543767,48.16281514083984,,6.599999904632568,21489.599689483643,NASDAQ
MGNI,4.788031807219206,5.410152450571415,24.811880659348894,112.61595470913974,,24.959999084472656,37984276.366744995,NASDAQ
SLDP,-1.731420300766262,-2.472758428656463,-8.60172857405892,-20.362767654226555,,2.299999952316284,4479523.607130289,NASDAQ
DAAQ,0.13394689909946855,0.2874675624162881,0.6655907132256278,2.1770980029931053,,10.4399995803833,6524.999737739563,NASDAQ
GALT,-4.004003713745208,-8.536002484464845,-15.580985564468786,44.53655111336805,,3.7300000190734863,1047066.9553542137,NASDAQ
HTD,-2.22966316612917,-12.071013597459423,-13.049611723973786,-10.834270642959687,,22.0,3322308.0,NYSE
DERM,2.1752452238089415,-12.513116461822237,-5.188343494268954,41.7339578542417,,6.690000057220459,593657.2250776291,NASDAQ
BPAC,0.0,-0.009818418953422281,0.6519123214213218,1.8796194135824118,,10.1899995803833,0.0,NASDAQ
LUNG,-3.2553401396380965,-17.59098938109699,32.635983924469244,47.67080872674945,,1.8799999952316284,533275.158647418,NASDAQ
NHP,-0.6184280073797899,0.08719800312855241,6.862617081470179,,,15.869999885559082,14787634.153364182,NASDAQ
AIZ,-0.0993629245233385,-6.545450802253628,-3.9390834207581937,22.14634101400712,,266.4100036621094,83270176.38464355,NYSE
TCRT,-22.52120129855564,-47.10132688999211,-58.977549512000216,-69.60984038247693,,0.7953000068664551,38271.42693042755,NASDAQ
NCZ,-3.6536574600605887,-8.951138673465486,-11.173253022163877,3.2353397862431077,,13.859999656677246,661496.2036142349,NYSE
ZS,-3.562531130689728,10.364776997054559,35.395660914050154,43.7173218799181,,201.8000030517578,481038941.0746002,NASDAQ
TRLV,-10.156884281425393,-5.4468082743999275,18.443496138351012,91.18253989601253,,10.649999618530273,20222975.4256382,NYSE
FCX,-2.359061804564333,-4.4294746281464015,16.405223701598338,19.40685297403524,,72.5999984741211,994512821.4977112,NYSE
SKHY,1.0566449070999795,17.105491185365462,,,,195.02000427246094,2380073277.18219,NASDAQ
PRQR,-4.2392581665459,-23.515770802955515,-6.306818974596906,-1.3755996237948653,,1.6699999570846558,1203435.3690743446,NASDAQ
AN,-2.7279642006996063,-21.118570953647207,-14.438773696033557,-18.06127719506715,,161.6699981689453,101674908.52844238,NYSE
AHT,-9.326019264183838,-26.772152100249635,-27.6422779623016,-14.169140082552955,,2.25,38425.5,NYSE
SLBT,-1.3095197446491458,-43.52860924677871,-66.03154971941343,-72.78397793937746,,1.590000033378601,128330.49269402027,NASDAQ
SION,-6.787163937757468,-22.05428771912815,-88.39068325876825,-87.10187845800638,,4.849999904632568,5318107.34542799,NASDAQ
CTRI,1.5145522467951311,0.2933996522339166,-26.83361682963026,-30.361264217525306,,20.719999313354492,33213703.059322357,NYSE
HDB,-1.8086497868285978,-2.464849958773996,-14.656741771368665,-9.647851884241332,,22.110000610351562,173653603.04374695,NYSE
CPA,1.0217397896502778,4.014193514517372,-13.062621122207895,17.26526324295388,,135.50999450683594,46690917.17729187,NYSE
FJDIU,0.15971045770597492,0.5612380218435131,,,,10.029999732971191,37110.99901199341,NASDAQ
MOGU,-0.3709588382771245,-1.5294354534770904,-3.1925807966154296,-14.100339729580224,,1.9500000476837158,1466.4000358581543,NYSE
BRSP,-6.319886371354643,-17.965090810176587,-28.919217170922117,-31.153983070730472,,3.7699999809265137,7018333.754492283,NYSE
ARTW,-2.5529285157123827,7.48626141611104,19.556913365663675,49.18970976275487,,3.299999952316284,9675.599860191345,NASDAQ
CGNT,0.5567148527708232,0.8139543935632654,-3.9654428487219118,4.912875721751386,,8.770000457763672,3282058.6613121033,NASDAQ
BCRX,-4.518983383630237,-17.52514913058195,-19.072061138187447,-12.489325882376246,,8.100000381469727,38074877.99313736,NASDAQ
TPC,0.46037077227849554,-3.5671955980582593,7.443971847087583,10.333861413063072,,86.43000030517578,41591931.176856995,NYSE
BREZ,0.07984023957210429,0.19984470202756288,0.9665794756876789,,,10.0600004196167,75450.00314712524,NASDAQ
AXTA,-1.0838937897639345,-10.400489037919103,-6.516580918583692,19.42185451228047,,32.68000030517578,121562117.41518402,NYSE
SLN,-7.282228762773901,-25.32622198538187,1.1787106457268992,93.80918116085499,,10.140000343322754,9899428.835177422,NASDAQ
MSBIP,0.8134275297208671,0.580691015711321,1.7292919520830674,3.188909274267182,,25.31999969482422,147691.55821990967,NASDAQ
BVFL,1.3468333803687393,-0.9614493556560411,-0.34751652260693877,10.428807825116149,,21.469999313354492,465727.22510528564,NASDAQ
VIRT,7.7844303720926655,-11.729327586278105,-7.459501296820692,27.245241969966493,,62.880001068115234,134907030.13160706,NYSE
MET,-1.8330602550635566,-1.3969908369348416,6.986487568803512,34.97954055314152,,96.87999725341797,427942102.18769073,NYSE
MOBI,1.8714209786886205,-19.767642801194306,-29.69153497454583,,,9.59000015258789,1533095.7843933105,NASDAQ
PHI,1.219231032241752,-2.8804753783937764,-1.7089272307211578,-16.53229806197788,,18.149999618530273,4253379.810604095,NYSE
SABS,-7.255896819785179,-16.818425774358513,-20.44057578280928,-19.156688530473875,,3.0999999046325684,2685198.2173933983,NASDAQ
CRWS,-2.5078346476687052,-11.07934052363333,-15.889113662567834,-3.7151668507521274,,2.4600000381469727,314424.9048757553,NASDAQ
OSK,-1.7034216131799007,-14.00784162134906,-9.506841686730628,-9.812038730769002,,132.6699981689453,96612017.37660217,NYSE
AYI,-1.2973623962807768,-7.300448862889608,-14.761982052903843,11.525546161643696,,304.8399963378906,148565601.25524902,NYSE
ADT,-2.8903567123907625,-17.131367065680514,-8.306139870471451,-5.962884225649379,,6.210000038146973,39665834.97366047,NYSE
WMK,1.131319162769473,3.5105083230600354,-8.138247356038386,5.701681958717342,,74.01000213623047,14265575.931762695,NYSE
MSAIW,,,,,,0.024299999698996544,0.0,NASDAQ
PARR,7.56670375651205,4.170198406119896,41.306624851483065,31.38506931159384,,87.5199966430664,65045299.10511017,NYSE
EME,1.672918731556572,4.499206882789775,-2.8548061633355104,3.731957615876791,,779.2000122070312,278044277.9558716,NYSE
PNNT,-2.20107153621133,-11.707842592162566,-4.529617935612162,-26.01260137698641,,3.2300000190734863,1954169.3915395737,NYSE
WATR,-2.4390233909772463,-17.525773115250875,-82.98530544065848,-82.77043575120034,,1.899999976158142,11371.49985730648,NASDAQ
PACH,0.21284578628748552,0.4071309174607629,1.1128459634235144,2.12975541159397,,10.399999618530273,8319.999694824219,NASDAQ
VELO,-5.09234540861917,-9.101836302121669,-32.01027528039035,6.616982241717673,,9.569999694824219,72014553.94354248,NASDAQ
ITRN,-0.6569592007065195,1.2688955360826037,-11.451270122293167,3.4030449023894738,,52.5,3672007.5,NASDAQ
PBMWW,,,,,,0.020999999716877937,857.4929884392768,NASDAQ
UA,0.6329151170985758,-10.241935251282596,-31.083590012218988,-21.035827656267557,,4.570000171661377,10395351.970477104,NYSE
NODK,0.7954687856366105,-1.4889986335527294,-5.486728175323385,16.86727991736472,,14.960000038146973,540325.2813777924,NASDAQ
LU,-8.373590623707605,-8.520899822378158,-17.893216446072422,-38.61920098243886,,1.0299999713897705,1442163.7299411297,NYSE
VRAX,-7.7465341748088505,-15.668787082397206,-24.772726215085306,-50.42290572827326,,2.4000000953674316,6712202.66671896,NASDAQ
BIPJ,-0.5273745873476621,-3.421862249091978,-7.289001766096314,1.6206765886225938,,22.850000381469727,130473.50217819214,NYSE
WLDS,-6.985769217601523,-32.361241199946136,-14.097968301979325,-64.90971179173262,,1.3799999952316284,42341.15985369682,NASDAQ
SREA,-2.449862597551,-6.146194375652792,-10.820259769997753,-9.78873885037036,,18.940000534057617,972663.7274265289,NYSE
TARA,-16.081870040457822,-26.37249801934591,-29.205721137933903,-43.235759398912066,,2.630000114440918,3675677.639942169,NASDAQ
KXIN,-5.059921636797194,1.1347524086406713,-65.43868312327265,-74.66240259469907,,1.4299999475479126,81195.39702177048,NASDAQ
RYM,-9.859595464692694,-14.202417033500069,-19.150557460005835,-15.86393930033293,,19.0,80313.0,NASDAQ
STUB,0.8830031253535653,-13.773585182924187,-58.334598547084894,-11.662370779664698,,5.53000020980835,33103543.475949287,NYSE
TVIV,-0.060278655705114925,0.2822549090673476,,,,9.949999809265137,286112.244515419,NASDAQ
FAC,-3.147972504128216,21.804661129197143,-41.872062434745295,-41.000681469137845,,5.46999979019165,1880460.117872715,NASDAQ
SMRT,0.675672995317167,-10.77844502657519,4.378283683534456,-19.67654888654907,,1.2000000476837158,585344.4232594967,NYSE
PRZO,-0.17309095201503144,-27.958989980659886,21.877990741197895,-20.37770371455242,,0.6226999759674072,128047.04145812988,NASDAQ
CIB,-2.0322730786816234,-4.947848648112608,16.785371859791653,29.273778927794925,,96.05999755859375,43454180.79559326,NYSE
CTAAU,-0.17843389965025436,-0.29703649022181366,-0.09920862061038038,0.6999969482421875,,10.069999694824219,0.0,NASDAQ
STK,1.6768568657974159,3.866642684531807,3.7156082410889857,41.66100366990899,,55.290000915527344,1838724.2704467773,NYSE
FLUT,-9.671840179123059,-25.290096782708204,-28.97217381639391,-27.022882379147394,,75.7300033569336,211397350.9007492,NYSE
CIGI,-1.356503071561943,-10.205668562963389,-7.760243458986182,-15.581102069411557,,89.04000091552734,19967665.405311584,NASDAQ
WHLR,-38.05309850173908,-58.40760572432515,-98.46592154787983,-99.87329858328845,,1.090000033378601,6016188.694231153,NASDAQ
AGRO,-3.723302369169579,-11.439497422923983,6.635968215514021,-32.54766793040299,,10.75,8422883.0,NYSE
RC,-19.887954620863447,-35.000000203197644,-33.9491901917348,-28.58926404129517,,1.100000023841858,1790127.9387999773,NYSE
UGP,0.40464141742502235,8.608114402182698,43.59568226154153,34.174477052401045,,7.769999980926514,68631796.0015254,NYSE
WTW,-2.3864356789648378,-14.82057827623171,2.914847179129465,-0.17269935986702345,,288.1099853515625,208175598.5756836,NASDAQ
SCL,-3.010698118793753,0.1895570540271896,10.722908971874357,25.166573379041512,,62.7400016784668,8982862.480316162,NYSE
RKT,-3.4306447629556147,-13.884395401418681,-24.50032324086443,-18.86086430911398,,11.680000305175781,315593012.56583405,NYSE
LKFT,-2.378894293177136,2.191154333615275,-2.6441337798914,-0.3459492072101944,,29.510000228881836,12974130.620628357,NASDAQ
TS,0.5992973460694051,0.5740330396606153,3.168703287086383,-3.314477768218149,,58.459999084472656,113927664.6558075,NYSE
UIS,-2.0442931364204275,-12.746586408483818,-37.295530720272666,11.758989996776359,,2.319999933242798,2803156.159340143,NYSE
NIOBW,,,,,,0.6298999786376953,20226.088314056396,NASDAQ
KIO,-1.0961532592773438,-6.81282875973438,-9.374448801452361,-5.442175248554982,,10.170000076293945,2593350.019454956,NYSE
SABA,-0.6249999999999978,-3.589620368928781,-4.699115188718439,-4.23994051057165,,7.900000095367432,419679.60506629944,NYSE
AIIOW,,,,,,0.01140000019222498,689.2896116226912,NASDAQ
HBB,4.286267319914305,20.50102372501337,68.59799813665136,103.6285061691192,,36.369998931884766,3937743.4143562317,NYSE
MXF,-3.0559313574453073,-6.549328179504721,-7.449542054342572,-4.115580068658387,,20.049999237060547,1356963.8983650208,NYSE
VTSI,-3.6262218536395996,-9.078946666704313,-11.410256296611799,-25.5187296904123,,2.8399999141693115,118161.03642892838,NASDAQ
IMCR,-3.594915586516778,-18.274329763216624,-6.363185389529836,-1.009702992103756,,29.59000015258789,9748011.290267944,NASDAQ
AHRT,0.766412855085008,-6.666664802488453,-14.38278451518027,10.244257788977574,,5.960000038146973,4805553.990757942,NYSE
BCCQW,-3.3333328476658375,-12.1212136902355,,,,0.8500000238418579,1870.0000524520874,NASDAQ
EEFT,-2.2094111583177867,-10.127172315670773,-16.688934723706474,-3.2477441826883946,,64.24500274658203,60023078.14608765,NASDAQ
GHM,1.057909149357883,3.6083206826033276,-24.002961684915892,10.274606541727804,,90.4800033569336,11231101.856689453,NYSE
CAQ,0.12005076798833336,0.12005076798833336,0.7855011077412488,0.582918341227745,,10.0,66000.0,NASDAQ
MPC,5.708591454074408,8.608003211071335,56.056907075564325,70.44018499304643,,433.4700012207031,920207830.4814148,NYSE
TCBX,-0.7509417030875043,-4.11554237819397,5.895444013010986,12.005648130655654,,42.88999938964844,3195433.6245269775,NYSE
LSBK,1.435565353658963,5.5954564798811335,5.779273120642903,19.431339197664,,18.06999969482422,656338.5289154053,NASDAQ
ULCC,0.5802377811110038,6.438596732802093,-20.982027437326934,69.84882272949787,,6.110000133514404,11417390.649490356,NASDAQ
SOUL,0.1336619081589996,0.21020381968714918,1.1944935959208314,2.3019867197782373,,10.489999771118164,7070.259845733643,NYSE
GAING,0.4449410523408748,0.6616582379963765,0.5411441470405842,-0.6874815885368979,,25.24799919128418,251823.5439338684,NASDAQ
FAMI,-1.378787550729721,6.704915504675313,-39.16822539312746,-89.41626058782003,,0.120899997651577,152678.0784343034,NASDAQ
ALAR,-8.324204617460252,14.972527989866435,-70.2769889616771,-72.08138759358467,,1.659999966621399,71345.1385654211,NASDAQ
ANTX,11.906711609804388,-4.068745635438875,20.64402421449334,61.16676685538918,,5.610000133514404,1682708.3200473785,NASDAQ
NWS,-0.5215217235921443,-8.284091834981,6.994661370208988,12.100828583148825,,32.0,29344448.0,NASDAQ
HQY,-0.16985774452262792,-8.32460999510336,-5.260142820996572,7.233400109614618,,91.55000305175781,93184353.7062378,NASDAQ
NAAS,-1.755513501889161,3.0381161018484315,4.768731976333229,30.26666399842126,,3.0481998920440674,58430.94373059273,NASDAQ
CIRC,34.421049850782005,-29.956698361058088,-39.62926192676115,-85.24148426907962,,0.5382999777793884,388423.2681661844,NASDAQ
PSFE,-12.597686032525813,-14.911745799530408,-30.465057589679333,-17.375886784655492,,5.630000114440918,1601408.4925518036,NYSE
NYXH,-2.698864418078073,-13.510100240412925,-20.717592185378496,-57.026348812721835,,1.409999966621399,269372.03362321854,NASDAQ
ELOX,-1.0741665697341696,0.6243502799117229,26.69505417412048,,,15.40999984741211,401784.9260215759,NASDAQ
CCCC,0.16113653884082257,-18.037972761506982,-28.715596035287184,16.49175637374276,,2.990000009536743,4279781.36365056,NASDAQ
VERU,2.2328546430744556,-5.177516825041895,-14.873839448899107,13.451324927890006,,2.549999952316284,226003.94577383995,NASDAQ
AEMD,-0.9295955540232992,220.56213175835993,70.62992228768297,-39.242990440297355,,6.525000095367432,623307.1591100693,NASDAQ
VSAT,-4.209122399716259,2.6418716390886443,-15.561586818071206,46.17527114776192,,69.79000091552734,157111808.38104248,NASDAQ
BIXIW,-5.439403148323507,-7.1460824259607865,10.046789047829963,14.565069515837914,,0.3003000020980835,30.03000020980835,NASDAQ
FORM,13.009877835464213,48.89015429178605,11.561408797623152,47.12842286244579,,147.99000549316406,2059392954.8715363,NASDAQ
ALVOW,,,,,,0.4510999917984009,10015.322017908096,NASDAQ
QTTB,-9.926083896672555,-39.63198889056482,-34.29869884680994,40.06567887618766,,8.369999885559082,7990612.9007463455,NASDAQ
BCBP,-1.566457852779768,-0.3498125422806697,-18.063278950978024,-5.527304825535062,,8.460000038146973,4482641.000212669,NASDAQ
ATEC,1.7641216908091728,10.313709267358039,13.735046285106778,-6.552605205950779,,10.720000267028809,22112594.79081154,NASDAQ
TAOP,-28.73287565674828,-48.743842388759205,-70.77247241569083,-68.98658680508778,,0.4009999930858612,3964.6869316399097,NASDAQ
TLN,6.684141660970022,7.374699595580192,-13.532203560110268,-0.5428006099615801,,331.8699951171875,367040913.4597168,NASDAQ
KYMR,-4.78615426308433,-7.139477401940075,-4.635829438675099,31.381313204487384,,109.8499984741211,80154248.38661194,NASDAQ
ARIS,-6.683722943671899,-11.905003251629198,14.118107225865174,-6.882245961994171,,17.56999969482422,19558133.010292053,NYSE
RDAC,-0.9516863253488772,-5.566219793726113,0.48272988968967034,5.332810056070425,,5.519999980926514,73040.63974761963,NASDAQ
NWFL,-1.1537783197988705,-2.61731366866379,4.009463641146094,11.88052619523392,,33.7599983215332,1060097.707294464,NASDAQ
CWH,-7.832896054746097,-25.09851262073346,-31.36111058975444,-24.733473736192714,,4.550000190734863,35422511.33490276,NYSE
YIBO,-6.055361826705452,-13.120000839233404,5.130687079420837,21.205357068612663,,1.0499999523162842,2834.9998712539673,NASDAQ
JG,-1.3221155482167957,4.719387795830432,43.343519735105815,-5.68638586901149,,6.789999961853027,16683.02990627289,NASDAQ
RAL,2.33844497305431,15.621964613304119,1.8364851498654966,72.01830598995309,,73.95999908447266,114798935.53894043,NYSE
CBUS,7.3490806093059025,2.6348813115953496,15.373766524316078,-14.968815556202609,,1.6799999475479126,388745.2678627968,NASDAQ
UMBF,-2.9615245615336794,-8.053333846031396,-9.721434345196545,14.956824820002424,,129.8000030517578,95944268.25576782,NASDAQ
U,1.6711131210132013,2.0939928867211632,44.87788575605367,95.59443346295198,,45.68000030517578,399104015.70630646,NYSE
LOCL,1.4204554562521121,1.3628636612499356,-16.976742969669033,-24.577464773361235,,1.0800000429153442,5535.000219941139,NYSE
SIEB,0.459983350180182,-7.614211877142074,30.154948488373634,18.30986384813713,,2.240000009536743,146321.28062295914,NASDAQ
HUBC,-61.80789626239043,34.094907279659424,-32.5750668974256,-99.04916825051119,,0.9998999834060669,136076.38874173164,NASDAQ
SBUX,0.08033259082904642,-11.145104972085807,-8.177357815052211,4.762220158032426,,94.43000030517578,833080915.2723236,NASDAQ
XOS,23.106950389373292,1.0897440854692686,12.482168347937117,86.84833973946726,,3.3299999237060547,484148.6889076233,NASDAQ
ANNAW,,,,,,0.25,776.0,NASDAQ
MGM,-12.116881468426344,-25.74644943153215,-34.86331929232654,-16.331861850181184,,30.170000076293945,151811699.30390167,NYSE
MAYS,-1.330051516077202,-5.665708617630072,2.2251693509300674,0.23519862416623294,,40.099998474121094,0.0,NASDAQ
CCAQU,0.0,0.0,-0.1869112565033637,2.2009617235277057,,10.680000305175781,0.0,NASDAQ
DNMX,0.22873766340980595,0.0,0.6994373855266911,1.5313323428033376,,10.069999694824219,95685.13710021973,NASDAQ
TFSL,-0.6739673425369852,-5.518028473582149,-7.342540471412528,17.03063140529335,,16.770000457763672,10547743.337917328,NASDAQ
CNC,0.30804001954682914,-5.177744670578055,-6.0017447333159835,84.97632980400107,,64.30000305175781,291798750.74913025,NYSE
CCB,-6.235318268296874,-16.172495450227476,-48.657735081426324,-47.45320979794673,,40.95000076293945,7804578.7454071045,NASDAQ
VWAVW,,,,,,0.04800000041723251,248.83200216293335,NASDAQ
PDC,-6.854614667463799,15.7280217778343,-38.323573210988414,-32.17132316456948,,3.2899999618530273,47520.75944900513,NASDAQ
IT,3.0245433787849274,-3.189007206920269,38.800491282371354,19.317243105499983,,187.75999450683594,117552214.08085632,NYSE
FRHC,-1.0995585160508248,0.3523900127700097,13.820966351543195,16.010719233161595,,173.49000549316406,27262219.4631958,NASDAQ
HUBG,-3.6092186510787383,-21.80209581947429,-34.136172424654234,-18.20986104374487,,28.739999771118164,25061883.340410233,NASDAQ
MAIN,0.26810683778373257,-5.020933966408824,6.213539507744481,5.088284638207741,,54.9900016784668,30872871.67233658,NYSE
KOSS,-0.15205135988194396,12.958715499129703,-0.9552565535469792,7.650273765111293,,3.9000000953674316,167813.10410356522,NASDAQ
ZGN,0.01592646741186421,-4.209883004409276,-5.250451955728053,19.847327299547636,,12.539999961853027,8973536.192702293,NYSE
SBFG,-3.1372285785469467,3.8986905867216537,14.040294802880071,40.31514318080256,,29.010000228881836,478055.7937717438,NASDAQ
AVAV,-8.316446341540228,-3.7063811548692094,-18.654711366722545,-23.03355920380713,,139.3000030517578,182320301.59423828,NASDAQ
TCBK,-0.2844723298284668,-3.2235222969284605,-4.354720258136846,8.363619673874222,,52.27000045776367,15895411.679206848,NASDAQ
FEAM,25.134455596100302,121.72808179302281,152.16762796669195,151.4409208041508,,3.9200000762939453,4641009.610326767,NASDAQ
PH,-0.39144541581560555,-0.011364849444950309,0.12847246998386463,7.609529482878674,,975.6799926757812,321605590.54577637,NYSE
TRAK,-0.12165496416250976,2.4968788894820904,-12.603789743747484,8.857067486632687,,8.079999923706055,565244.4746627808,NYSE
ASAN,-4.452282169712662,-13.59378051515444,19.257222820363907,37.44451627742753,,9.140000343322754,31923224.359121323,NYSE
CLPR,-6.800708758792173,-3.785101659543244,12.410845351860523,5.206943984080126,,3.140000104904175,128495.08429288864,NYSE
MP,-4.862786505978534,-14.8224090820133,-12.909021312061064,-4.334591815306155,,46.84000015258789,183038120.63627243,NYSE
VICR,7.751213661385514,64.81349340404665,-3.4005749849003064,94.46895414156657,,305.6099853515625,252563426.5341797,NASDAQ
NAN,-1.7438361987815232,-9.690494035266205,-16.405183883418072,-12.292001866805947,,9.760000228881836,1917176.3649597168,NYSE
INFQ,-6.141467289651303,4.086426575856139,6.282972565176093,35.23189533886051,,12.65999984741211,98621740.63133621,NYSE
FDMM,-0.2031740884563371,-3.883038679486361e-06,,,,9.819999694824219,0.0,NASDAQ
BIO,-2.251822569994133,-3.593638834539803,26.205086587250893,34.29824879054906,,379.82000732421875,106120950.40637207,NYSE
ZH,-4.800873530298377,30.613774383921744,10.512980290937413,20.427881883386355,,3.369999885559082,1880217.2961502075,NYSE
HBNC,-0.2611258648064885,-2.111737039521955,-4.337807991328391,14.578833208884955,,19.239999771118164,14221207.350822449,NASDAQ
JRS,-1.9235888769878584,-11.049183900165293,-14.30905605922006,-2.4189244373822194,,7.230000019073486,726564.3919167519,NYSE
CIVB,-0.855337698525438,-2.2798919854232658,-5.834983164306751,16.337927577649424,,26.81999969482422,2496432.391593933,NASDAQ
AVPT,6.676758336113386,3.10213480706949,20.105683338088042,45.06897164337664,,14.65999984741211,42610081.196495056,NASDAQ
CSR,-1.2953261293661589,4.201425606704401,-3.403954577570023,-6.263705718797707,,55.18000030517578,15048468.963226318,NYSE
RZC,-0.4796748511324611,-0.98576140814437,-0.4640189967424213,0.21379401368606388,,25.149999618530273,1539154.8266544342,NYSE
AVTX,-3.368341494060023,-21.585950060213698,-19.580046840026267,-5.201661193014773,,14.600000381469727,10756506.481046677,NASDAQ
REGCO,-3.337413009988832,-6.616643650979315,-6.718452328760572,-6.667574944446586,,20.684999465942383,20664.31446647644,NASDAQ
IPM,-0.9999990728166153,-4.501609791761563,3.2444928071629686,11.934670913472623,,1.7599999904632568,15570.719915628433,NASDAQ
MCK,1.630608839822223,-2.1285896576440977,13.678261315893714,2.218524628033891,,915.4500122070312,638630744.8157959,NYSE
EEIQ,19.162377186959123,79.33098638786062,81.0522577247704,-40.98493408916796,,5.070000171661377,24807.510839939117,NASDAQ
IHD,-0.7042252995616782,-0.34031194512677,-0.3924636822441041,15.189108929561467,,7.75,488761.5,NYSE
HCAC,0.10872660168030901,0.336830126478338,0.8764931913447738,1.9528876824331798,,10.130000114440918,2042208.023071289,NASDAQ
MQY,-2.4921497314338126,-9.390954785194772,-14.357117990321234,-9.572337203758508,,9.850000381469727,14558566.513822556,NYSE
ENVB,-3.0839881226872645,5.650929522906534,1.7217630593897804,-25.328614445509157,,1.5099999904632568,81503.75948524475,NASDAQ
RMT,0.014836505921911325,-2.699582542046608,-6.518725018131056,18.01785834040699,,13.65999984741211,1147836.1271781921,NYSE
CGC,-5.012769641712778,-9.132557865295887,-7.20523733586893,-7.031247089616921,,0.8845000267028809,1473369.1869807243,NASDAQ
LYNX,-2.578840842571639,-7.220003112034434,,,,12.550000190734863,6803882.20340538,NYSE
WVVIP,-6.618793088966612,-4.501915196947815,9.809826038642132,1.3211377386108003,,3.009999990463257,45727.9198551178,NASDAQ
TOP,-0.26319227512506815,-4.377994490491243,59.726027958917285,267.8233433229619,,15.569999694824219,1330549.8939208984,NASDAQ
LZMH,-1.5437357828095966,-6.209148296180778,-10.312497654231256,-96.14247306142464,,1.090000033378601,40699.511246323586,NASDAQ
ONCH,0.1356620237265238,0.0968639005110461,0.47642174944169113,1.8529442141710595,,10.34000015258789,1629584.0240478516,NASDAQ
SPMC,-1.6292788422812565,-14.297471046440279,-17.05325968733269,-10.254201251741712,,8.25,124459.5,NYSE
MYI,-1.552286100113076,-9.22786952478013,-12.949247439512723,-8.608266779410235,,9.539999961853027,8246595.387024879,NYSE
GAINZ,-0.06764351873495,-0.02475917027863206,1.4275530596165042,1.148080054908207,,24.270000457763672,14319.300270080566,NASDAQ
GT,-5.873321299830625,-20.724215593234984,-27.023809373446326,-25.831821930718522,,4.679999828338623,68554275.48544407,NASDAQ
KHC,-5.200269519724676,-12.612474314337629,-9.233001058922707,-0.7050953088453271,,21.84000015258789,358394555.38396835,NYSE
FINW,-2.5166018414247704,-20.39956960742042,-22.71026757574367,-29.968611482995534,,11.020000457763672,290608.4320716858,NASDAQ
GLOO,-10.428933868922918,33.54231955241045,-0.23419404598793436,-16.04257071352243,,4.159999847412109,2981867.090625763,NASDAQ
ACIU,0.8614215126567792,-2.0014597324735317,9.293827014086409,-0.7005919426968377,,2.7100000381469727,599923.5484447479,NASDAQ
ADRX,0.6925045537331753,,,,,19.049999237060547,17410537.25271988,NASDAQ
RDCM,-0.5037769365183187,1.8041233897245101,-28.111437544332574,-16.96313024779186,,10.40999984741211,453095.24335861206,NASDAQ
CCNEP,-1.0306811654024806,-0.6521734890546971,-0.8597152447742396,-0.8716617702319129,,24.75,32496.75,NASDAQ
NBIX,1.2537174375137905,-9.308695706539826,-17.847034710913224,7.790290970312697,,144.2100067138672,241046882.0122223,NASDAQ
ALLR,-2.7300520532440253,-28.03672329820862,-18.610225917600165,-9.017858275649516,,1.0,37795.0,NASDAQ
VLO,5.062766000036145,11.014610974512662,50.61085591605789,63.56960914481995,,419.3299865722656,1067820875.4963684,NYSE
PBH,-1.9756065477597673,-12.978497938677425,-6.508827087379155,-19.36976786313157,,45.599998474121094,27559225.47780609,NYSE
HIHO,-1.9607876238215138,-0.6622536597910011,9.489047813337637,13.924047958772533,,0.8999999761581421,23783.399369955063,NASDAQ
RCKT,-9.008062375448645,-31.54008482193734,-31.104035692526487,-26.479750909231647,,2.609999895095825,4327583.406060696,NASDAQ
BH,2.3196106734099775,-8.586135965495057,-15.924064196488253,7.617240601094033,,364.3999938964844,22140943.62915039,NYSE
GMEX,173.13955823632426,200.385403285828,-20.914408256369676,-92.357650316222,,2.309999942779541,137918.5465836525,NASDAQ
ZTO,-0.4791999528141244,-7.5662859651722485,-14.706396229609775,-21.396359824068057,,19.700000762939453,31137072.605873108,NYSE
ARCLR,2.7916683965121036,-22.09473712642438,-32.10091755197221,,,0.14010000228881836,42.59040069580078,NASDAQ
BLSM,-10.004579209445497,2.057146385631725,,,,19.940000534057617,4018887.1676387787,NASDAQ
CNOBP,-0.15084680500773162,-0.38723151098903896,1.132307949033251,2.8805573652183503,,25.259300231933594,135036.219039917,NASDAQ
OXLCM,-0.32286406642317855,-0.22741920772190172,0.14817738516390566,1.3824681675534523,,25.014999389648438,284695.70805358887,NASDAQ
XIIIW,-18.73809611632793,,,,,1.5398999452590942,711.4337747097015,NASDAQ
BRID,-4.853041917929635,-8.17941954166419,-15.121950013945307,-25.91804189500363,,5.340000152587891,9291.60026550293,NASDAQ
PATK,-2.3965958003107635,-17.919821439150073,-22.255267961156612,-39.58542326908212,,66.58999633789062,37732289.16491699,NASDAQ
TVC,0.36194520540338004,-0.47559084791634065,-0.3758278149388339,-2.165626209793381,,23.72010040283203,137718.90293884277,NYSE
CRBU,-3.3070853251844334,-22.081216895689938,-32.4532444185037,-35.368420759396535,,1.190000057220459,1840279.1584887505,NASDAQ
FUSEW,-3.809522711365654,-24.060150217990394,-45.40540457272545,-47.93814597299971,,0.03500000014901161,245.45500104501843,NASDAQ
TRST,-1.7397518604620688,-3.647149449133902,-0.13824755859793703,24.586963192656384,,55.18000030517578,7240498.920043945,NASDAQ
JRSH,2.2063958012880747,6.905324628965603,27.00777475167819,99.83016239868266,,6.03000020980835,990511.9544639587,NASDAQ
INVE,-2.314053263773963,-15.025163015919984,-9.563890286301858,-35.830620815055006,,2.3499999046325684,218639.2911272049,NASDAQ
WTF,1.726675341695083,-8.528332477669709,-10.503962116815725,-27.642609385590188,,2.369999885559082,4841.909766197205,NASDAQ
NNNN,-3.479125845319464,-18.265992638699245,-53.38827079320936,-77.24307654281415,,4.829999923706055,512313.2619075775,NASDAQ
GOOGL,-0.27997331750228005,0.7438722488265714,-5.450942619582399,17.810357618355077,,346.4700012207031,8653257357.847656,NASDAQ
FCN,2.635257889159437,-10.049804660486217,-10.88922930080245,-23.861673771615255,,138.02000427246094,51425425.47189331,NYSE
KBDC,-2.3284306224064633,-5.512743536736564,-6.304188023260471,-7.88789369702979,,12.699999809265137,5213692.821698189,NYSE
BAM,-0.5557020507398036,-11.668770996538901,-2.612214820486758,1.5157686613911814,,44.72999954223633,141484343.30205917,NYSE
GRNT,-1.5212534531757083,-13.312326330750835,0.27334825511382554,-24.442154127357963,,4.510000228881836,5607689.184589386,NYSE
ZTS,-1.9287810695675534,-8.803848750066233,-5.525589302421063,-40.42310670504057,,71.41000366210938,260182276.93289185,NYSE
SCWO,-2.0543386754421133,-0.9383369019416832,46.3366353952374,4.23131269553203,,2.950000047683716,236808.3038277626,NASDAQ
CULP,4.891608471681486,12.724016618772161,16.76980384996436,37.43627165159338,,3.7799999713897705,266342.5779840946,NASDAQ
MQ,2.7639430696634104,2.0818275595215985,1.872817406137739,5.67841082497067,,17.030000686645508,17908459.212064743,NASDAQ
RGTIW,,,,,,5.75,539649.0,NASDAQ
PLUR,-2.023121778951764,-29.862070083618164,-51.755217719486424,-69.45945968392626,,1.034999966621399,6215.174799561501,NASDAQ
LI,-5.312768486494668,-8.37479457451995,-8.008660239236331,-39.0781772577449,,10.850000381469727,31353669.252347946,NASDAQ
LUCYW,-8.571429939902552,-17.098446470946605,-45.57823183125236,-54.802261596318004,,0.029999999329447746,0.0,NASDAQ
ESCA,-1.0026869088789025,-5.196990671362178,1.7530828140712496,8.435236400228451,,19.0,1008501.0,NASDAQ
PCYO,-0.16432555324079612,-2.1912179363579365,1.7870422183558166,6.880370359669041,,10.859999656677246,1126627.2243833542,NASDAQ
WAB,-0.4736566465817771,1.9068108540869044,9.827620396098148,15.53646304867009,,291.8599853515625,292710173.4888916,NYSE
FCNCO,-3.044117632161869,-7.345175295960182,-7.88909439658142,-10.922866799591057,,18.984500885009766,314782.0091743469,NASDAQ
NXTC,-1.9064451870533405,-27.603712772775534,168.9116430762872,-52.7903886442971,,5.050000190734863,73487.60277557373,NASDAQ
RVMDW,,,,,,11.699999809265137,132326.9978427887,NASDAQ
UFPI,-3.542677945605588,-7.360835682564026,-12.120595374242937,-14.536651330010997,,78.04000091552734,35579763.09740448,NASDAQ
RWTQ,-0.9163088520355411,-9.349804778279525,-14.877076863741923,-12.159777045299347,,20.940000534057617,412245.7905139923,NYSE
COYA,-4.495698287569261,7.954041833262049,-15.408586536119827,23.01107677571508,,4.849999904632568,566882.5388531685,NASDAQ
ALDX,-6.260664688018469,-20.084849719633404,-47.67460418311489,-28.076363015555806,,0.9236999750137329,6477150.490791798,NASDAQ
NKTR,-14.515855639732289,-30.754466101128763,-28.506324834779416,-30.72787860562236,,42.220001220703125,67513075.11199951,NASDAQ
LIVN,-1.3612878936455242,-5.991731564091052,-8.715202765085916,19.870558740966615,,76.43000030517578,42720090.09057617,NASDAQ
LSTR,2.6372858099068974,-3.749860746957634,-17.283064988772256,5.51406048466776,,171.22000122070312,62482116.50546265,NASDAQ
MELI,-1.6873983566257689,-11.840121624039423,-1.4339899093017028,2.385944059955425,,1860.6099853515625,2332215077.1186523,NASDAQ
ALLT,-1.1731603824891912,10.551178575628839,-2.0237305844146736,23.446656134695942,,8.40999984741211,2098345.4219284058,NASDAQ
CZFS,-0.05019817219675815,-2.253258485203835,9.376802365634095,27.740173489859888,,79.5199966430664,2197217.027244568,NASDAQ
PPIH,0.7306295622097725,15.634196577451487,21.441819116025385,4.835912484198568,,32.02000045776367,2006693.4286880493,NASDAQ
SMPL,1.078162100584379,-13.762605206785105,-26.845739056386762,-31.83725009186048,,9.9399995803833,21573685.629267693,NASDAQ
MRNA,2.3586049630079042,33.58141958415193,154.8298901018176,295.9802544362784,,203.2100067138672,3913046841.4033813,NASDAQ
NVMI,5.690524649624185,11.997464447667848,-19.880268070272034,-10.7815041018127,,392.8599853515625,94998651.63781738,NASDAQ
AFL,-1.8507830666104397,-4.015477955270486,-6.355039201881041,2.2398129959233515,,112.37999725341797,215789036.46608734,NYSE
BYAH,-11.733536610589502,-14.828343325956928,-65.56001929996147,-71.83574825254725,,2.299999952316284,21702.799550056458,NASDAQ
ATMU,-0.02233475590462941,-5.277190546324551,-11.585559270316349,-22.137962209589134,,46.18000030517578,33018977.298202515,NYSE
PGY,-4.653667670337924,-19.205841309637293,-3.6468542991629604,52.052912164367356,,18.399999618530273,33338959.308815002,NASDAQ
LUMN,-5.099630782145626,-13.244828587640578,-17.788180088477155,-17.425800396328338,,5.619999885559082,73824048.7367096,NYSE
BY,0.36636178957867305,-2.41487325103672,-0.814607053075056,17.35542711278182,,37.630001068115234,6891934.695625305,NYSE
ELLA,0.03590392873191739,-1.1860675015619715,0.1237728078033129,1.076181320360381,,25.075000762939453,438486.5383415222,NYSE
BMM,-6.173071971549482,-15.959972593832871,-22.237914744688126,-21.123845222149352,,4.885000228881836,600386.0681304932,NASDAQ
WTRG,-1.8361111342452108,-5.638297923362135,0.8683927688437176,-4.31030486788142,,38.66999816894531,148852230.60173035,NYSE
AMPH,-0.33314983950532007,11.783108604693115,29.143660785831482,28.53717165773697,,25.3700008392334,11508847.180709839,NASDAQ
CXAI,-5.58415791698792,-33.07130894906081,-71.41486901729466,-74.08695687418398,,2.0899999141693115,321408.5468006134,NASDAQ
DFIN,-2.6593128793095056,-2.1760708166392306,5.760802031661583,0.1270305799929261,,48.279998779296875,12238110.65057373,NYSE
RUBI,,,,,,1.0499999523162842,38531.84825015068,NASDAQ
SHOE,-2.988472722122415,-5.0764437145854435,-14.585283639959934,-18.824576925357416,,12.819999694824219,10390968.712646484,NASDAQ
PCRX,0.454543691554643,-4.066713945362221,-0.9669837653742963,10.85980296348894,,25.049999237060547,14033235.022594452,NASDAQ
AMD,-0.17449451472734134,34.28087656934486,14.51194223401744,196.05102486919245,,631.75,8596608881.0,NASDAQ
PPG,-1.9372172384621411,-5.860431683627166,-14.35231379366514,0.22316710405647644,,105.2699966430664,167228969.1072693,NYSE
AVNW,1.263156187910175,3.9625364218979664,-5.984735920712813,-4.428042822061751,,20.540000915527344,2031406.0905456543,NASDAQ
TYG,-5.314293936724701,-11.981563515053384,-10.743490012887513,-20.446496427159154,,38.65999984741211,5497065.378303528,NYSE
PEPG,-14.380531385784078,-25.337621024452595,24.70461992601367,2.8343650286617006,,2.359999895095825,1430523.3764119148,NASDAQ
NESR,-21.7701285219965,-27.58630799176318,-11.536295409213382,16.17660563439076,,24.079999923706055,71710047.13279724,NASDAQ
BHV,-10.104528385238742,-9.976207905299173,-11.492281104642466,9.195845957562042,,11.600000381469727,23606.000776290894,NYSE
ESTC,3.08592344864167,-2.922870168693903,58.36849517306211,84.26598625972058,,94.91000366210938,244134724.57995605,NYSE
VFF,-6.63645401355637,0.03468357637390618,45.951413672542806,5.255472902814939,,2.7200000286102295,2592638.747270584,NASDAQ
PAX,0.9181504679738994,-8.679511739659896,-6.582275743567633,-17.383655471285763,,11.100000381469727,34439871.28358269,NASDAQ
AMBP,-0.4533087257114876,-13.747052566652851,-7.4589108227287815,8.659075801615801,,4.440000057220459,7372491.335012913,NYSE
SAY,0.10213794038358426,0.34558736011116586,-0.5709266545739999,-0.4324681841821887,,25.203399658203125,112180.33187866211,NYSE
ATNI,-3.6130454018543423,-8.238149845261733,10.314079603057147,2.1110309021548757,,28.100000381469727,2679756.5363788605,NASDAQ
IDE,-1.9486843305486556,-7.520293843285142,-12.416594652313496,-3.0351669824497107,,11.880000114440918,1322814.2527427673,NYSE
NEXA,-3.6289038616527547,-9.201725125517257,-3.6896880318083913,14.253647362741773,,12.470000267028809,4287859.471818924,NYSE
LASR,-2.3263272870971408,-4.0820772624524215,-38.92608187956795,-31.176122732354507,,39.5,24362415.0,NASDAQ
CBFV,-0.3437550775038378,-0.7329745587183467,-2.1826250514998202,6.644440504086457,,37.0099983215332,206922.90061569214,NASDAQ
ARR,-4.193367632216516,-15.035827002015035,-20.02558362506037,-18.315712579253287,,13.529999732971191,68293931.94214725,NYSE
REFR,-5.588388436333935,64.13761607833646,33.51492659321045,-23.049462048857738,,0.7282000184059143,142055.07499057055,NASDAQ
SONM,3.907991349798756,22.520998885952203,-6.017898183768899,12.89975573533464,,4.025000095367432,14904.5753531456,NASDAQ
VGNT,-0.034688538258931256,-2.7296128144216336,11.727077377721361,56.694301703325564,,47.27000045776367,39457592.942108154,NYSE
RPC,-0.3165401289349612,-11.20771084201283,-3.3256604310500593,6.032545232833941,,7.889999866485596,5581030.855557919,NYSE
FINS,-0.40106914159604434,-6.081092088219597,-7.15064680260663,-5.800537545534102,,11.9399995803833,273987.1703710556,NYSE
KZIA,-4.103494579218436,-26.73358843593523,-29.088189713047385,29.582084989678204,,9.350000381469727,2244813.5415859222,NASDAQ
GNTA,8.294119612568407,-25.75115766008099,-57.18604615348426,8.806147676601617,,0.7300000190734863,29200.730762958527,NASDAQ
MFM,-2.4909597785651605,-9.304933582429065,-13.259472656286608,-8.311295151881094,,4.78000020980835,3295704.9846582413,NYSE
AOSL,3.3191430668916277,17.36885289676855,-28.75056130449165,28.15716559627188,,29.0,14327479.0,NASDAQ
EWBC,-0.3303711991231695,-2.35279749785684,-3.6348858764710834,16.4575742852193,,126.83999633789062,117918324.67547607,NASDAQ
GLE,-9.571371581874,-8.455414693973218,3.960218048989872,22.90753492697548,,0.4336000084877014,11608.339427232742,NASDAQ
RML,-10.035379354331187,,,,,5.53000020980835,10805.620409965515,NASDAQ
ATER,-4.951219776356098,31.655405508299882,-51.2112680575723,4.337349046697714,,0.6355999708175659,123926.10431015491,NASDAQ
PNR,-1.9633208520921652,-12.329717388623518,-30.309879707948216,-38.36157736371385,,52.779998779296875,117694066.49795532,NYSE
PFSI,-4.502216660546465,-13.910333325739277,-25.705515212051544,-29.115962952818208,,62.95000076293945,37752374.45755005,NYSE
FRT,-2.2123318094730338,-7.956779782212886,-11.482876505868056,1.521781518740406,,105.97000122070312,90296508.19015503,NYSE
DUKU,-0.6236054866355811,-3.4157495152850936,,,,48.220001220703125,11040258.599487305,NYSE
LZ,-0.2111170541449714,-9.79643739853846,-16.514571944114643,-2.1056253403349157,,5.869999885559082,23677014.348395348,NASDAQ
PFLT,-1.6253199309503863,-7.083219014843367,-6.655845456459907,-14.70951953205123,,6.78000020980835,6265527.013887882,NYSE
NECB,-1.0356452331492183,-0.5655255581766827,-4.511223406971299,9.581187196298636,,26.510000228881836,862423.3274459839,NASDAQ
TGT,-1.0796236466330211,-4.4615907460884845,20.790681025222767,29.136615122130994,,152.99000549316406,773212252.7124786,NYSE
IVF,-8.985744405874419,-12.45777594709655,-45.26708026613141,-64.78017521116482,,0.8289999961853027,120533.28344535828,NASDAQ
WLCOW,0.0,-3.4482726727597,,,,0.2800000011920929,0.0,NASDAQ
RTB,-8.978515074587223,-27.971128767860563,-42.651001012178355,69.59970078828495,,8.890000343322754,461408.7978191376,NASDAQ
GLXY,-8.805733550716399,-5.960591358257417,-10.459663117679119,28.855886305458036,,22.649999618530273,100302352.31071472,NASDAQ
EVO,5.897436422552427,-12.034077658035846,-42.31843555188648,-34.496429695861075,,1.659999966621399,541983.3491020203,NASDAQ
LXP,0.05254903014200174,0.3194353574699438,10.397185822343324,31.99445430051626,,60.91999816894531,57370859.99562073,NYSE
IRAB,0.8999996185302894,0.7187075586125635,1.5294852154567051,2.644964803305405,,10.010000228881836,151681.53346824646,NYSE
NAC,-3.006661982199088,-11.648466486232834,-16.001979141376278,-11.938493344167123,,9.989999771118164,22284822.359430313,NYSE
LZM,-3.787881159658324,-12.494261307633337,1.545840744039828,8.05445177459494,,3.8299999237060547,1684702.0664405823,NYSE
CVKD,-14.961082302536067,-32.17543682120786,-69.77871228877179,-78.72226869915309,,0.9458000063896179,59561.75540238619,NASDAQ
AIRTP,0.04981185366865759,0.4950192485149829,-4.123503362830405,-1.7178568859813947,,18.799999237060547,22653.99908065796,NASDAQ
ENR,-2.805848484212825,1.2595152071654958,0.5319128202144308,29.70142094259167,,21.200000762939453,25440615.71554947,NYSE
AKA,-1.7734355319196093,1.1931400805861747,-1.380812637598583,7.380956877428568,,10.699999809265137,9747.69982624054,NYSE
MGYR,-1.3333362247489489,-1.9716594399085796,8.538940598506262,9.246969655562243,,18.75,70125.0,NASDAQ
ALGM,4.385622215504781,4.92941485383076,-36.8048199683373,18.34722963577269,,38.459999084472656,133947907.9114151,NASDAQ
DSGN,-0.0803329659552321,-18.063241247763862,-16.332572519438028,11.491573822334011,,12.420000076293945,8454728.751935959,NASDAQ
DVLT,-1.9104052340068733e-06,-45.454545644007126,-57.83783763755926,-76.50602443165624,,0.1599999964237213,2963511.933760345,NASDAQ
PLAB,2.482176023398708,11.482944180336197,4.573931268354214,-22.228345625751388,,31.06999969482422,22480325.439193726,NASDAQ
CSV,-0.3084099201001278,-5.753899685810671,-18.017601589315003,-30.582462153085878,,32.279998779296875,4786219.979003906,NYSE
MGRD,-2.268068785115551,-2.1553236133337594,-2.855738371164551,-2.6965304007783075,,14.19159984588623,143008.75164699554,NYSE
PEBO,-3.9708241013852286,-5.241281537189957,-3.4151385359891373,12.634814453485244,,37.11000061035156,17470460.537338257,NASDAQ
KC,-5.667008996630274,-12.034713377641326,-0.6318081878818993,-32.89686374715668,,9.270000457763672,7048973.2380867,NASDAQ
SA,-9.230972115433456,-12.245675062506557,3.770048550757421,-4.54357432270548,,27.15999984741211,12714546.528568268,NYSE
OLED,2.5266981763278906,-5.78647705829709,-4.373144485758484,-13.37426980670482,,79.80000305175781,58677421.04397583,NASDAQ
WHK,-4.198795264492638,-8.721269798072163,-8.260839956230392,,,25.65999984741211,4421269.293708801,NYSE
CART,1.602506640499901,-13.256801831966513,-5.4629590099589675,14.27387697142828,,45.66999816894531,186132827.2173462,NASDAQ
KKRT,-2.078082914488355,-3.255736419333033,-7.25520987494842,-4.047030794263396,,22.809999465942383,1726557.2895755768,NYSE
PDS,1.2635170791100103,-9.492679394949866,9.18832502771172,-13.062977399170183,,88.22000122070312,9577251.552520752,NYSE
BKHA,1.230111581613369,3.2676896317074933,3.4702441940259288,6.505607341597086,,12.279999732971191,15595.599660873413,NASDAQ
OCLT,0.08085507977118045,,,,,9.890000343322754,11927.340414047241,NASDAQ
PDFS,8.908011369157776,22.71573051769611,-12.921403101221518,60.33661292136261,,56.08000183105469,30019176.340148926,NASDAQ
SAMO,0.16313003372396828,0.04073607344108332,,,,9.800000190734863,9182.600178718567,NYSE
JCI,3.5478243307636603,9.214671696195609,6.702006097241497,15.77613647378293,,156.85000610351562,455649110.8807068,NYSE
REAX,1.8827944964430188,-13.59839139737964,-21.58349290446179,-34.9960208944051,,16.440000534057617,5525845.859508514,NASDAQ
LIF,1.0854138344699615,-4.173828490381992,-27.21450904820104,2.782761825656732,,42.56999969482422,25824238.914871216,NASDAQ
ORKT,-1.8636788461264708,1.1298411534416353,-0.6642998307559322,-2.9036581726101907,,0.9943000078201294,100821.0264929533,NASDAQ
AGCC,2.551691112982035,1.1251275836087204,-2.0798940922165388,-3.160504386484686,,15.0,50985.0,NASDAQ
AEVA,-5.944378778166104,-6.7189534505208375,-43.48617927491295,11.674494681325399,,14.300000190734863,14394251.491991997,NASDAQ
ARW,2.7957212708271006,13.331657026870847,15.697488857405851,62.784780636429005,,240.22000122070312,185565626.9829712,NYSE
MREO,10.149942115778554,42.964074304060574,17.32186742081918,18.48635044431528,,0.3880000114440918,953811.1161327362,NASDAQ
AZO,-1.8107422479115343,-4.70131783743668,-9.491000975721475,-16.842864962573312,,2807.72998046875,614777748.793457,NYSE
APO,-5.102562371447316,-13.628021284199399,-3.030863448410148,6.2411646346379746,,115.3499984741211,425780491.11766815,NYSE
FDSB,-3.0092857729330347,-5.381368352729465,5.42314820780434,17.146329668239634,,17.329999923706055,159765.26929664612,NASDAQ
IH,-0.608695084295996,-7.22402866008024,-19.211197152970737,-30.27086572705622,,1.149999976158142,1549.0499678850174,NYSE
EMA,-0.3621810642019496,-4.394024124508777,-9.443813528764,-8.369067397374941,,47.880001068115234,17530831.47108078,NYSE
GSK,-4.312910257647551,-5.833070781434213,-9.670572203873085,-14.432435384703124,,46.54999923706055,161290906.15649414,NYSE
AROW,-0.3205140353346181,-2.589266573874771,-9.619296876621043,9.971712607974602,,37.380001068115234,2315765.826171875,NASDAQ
OSBC,-0.1857531439211746,-2.385277974255662,6.195223443730602,21.214200618242106,,24.8700008392334,14462676.458040237,NASDAQ
AXP,-0.6230746253661823,-7.828893418821192,-12.927366108547423,0.7337455577490992,,304.0199890136719,859690699.8134766,NYSE
PNW,2.960703312075652,-3.1475267767422044,-12.122115219859985,-6.899606899952316,,95.95999908447266,133640899.80496979,NYSE
PALO,-0.27994469108629794,-0.060115884619627025,0.6052070733429948,,,9.989999771118164,173825.99601745605,NASDAQ
ASGI,-0.6097562538159074,-15.201481169485742,-17.201893764835418,-14.636962028779632,,19.350000381469727,5550992.659433365,NYSE
TTAN,11.535395763504841,-29.820529503224115,-11.731858432663788,7.494879097303553,,72.16000366210938,133993622.16015625,NASDAQ
VICI,-3.0344254618539734,-11.09725802732976,-14.534013571468407,-16.857371412506694,,22.530000686645508,195237077.92022896,NYSE
ACNT,-4.810573417541031,-8.525406096833787,-8.188746838603489,5.88146286556015,,13.680000305175781,307129.68685150146,NASDAQ
PHG,-2.5798120615752484,-8.662130877218043,-12.763500033748997,-10.838930244407175,,23.90999984741211,27748391.672916412,NYSE
XTIA,-18.753887726229635,-32.55593795884869,-52.6178958254377,-60.9322027522561,,0.737500011920929,415561.3442171216,NASDAQ
PFLA,-0.5265271182365416,-0.8113901502215803,-1.7415295234418093,,,24.850000381469727,168010.85257911682,NYSE
STEX,-17.983259435837894,-14.095892506796448,-37.67640815378732,-43.75784763316315,,0.5924999713897705,506360.5480492115,NASDAQ
DSGX,1.406642348792686,0.0298421926639314,12.300048937941055,13.063886910067769,,80.66999816894531,30310299.75201416,NASDAQ
MOMO,-4.022526124816372,-12.552683646881368,-19.14605105389334,-18.510929089673734,,4.639999866485596,6559943.651239872,NASDAQ
VKQ,-4.034455137038373,-12.194112475224884,-15.75806007540972,-11.23690037378433,,8.399999618530273,3461681.8427944183,NYSE
CMTG,-6.382978145204888,-21.02564217776235,-47.16981091566149,-47.79661129617511,,1.1799999475479126,2955016.0486468077,NYSE
APA,-0.06985114687383387,-1.9509317032379903,31.446770901178066,0.9454811233315485,,43.849998474121094,166999255.03881073,NASDAQ
SFST,-0.285648062616628,-3.114310212893623,-2.2563014044554297,9.370103685443155,,60.66999816894531,3086100.796859741,NASDAQ
BCH,-5.710733851559013,-5.895270509269279,-0.7051483426126159,7.638546408525548,,39.41999816894531,23813936.253845215,NYSE
SDOT,-1.563623104066636,-20.334546175870027,-77.7746218251581,-64.65995633897069,,11.079999923706055,526809.6763725281,NASDAQ
FRAF,0.3401243553357469,0.3658874609590912,-0.956513623077393,21.322987035682893,,62.959999084472656,2538799.0030822754,NASDAQ
JCSE,0.20964340677658289,1.0570814400562734,7.657659479837964,-7.958921794665708,,1.4199999570846558,40717.07876944542,NASDAQ
OI,-5.544356629963076,-21.436556823136566,-42.53883873737732,-45.87986068422884,,5.570000171661377,25403745.902915955,NYSE
IPW,-5.834686046400195,-37.99359722707742,-93.48581689876663,-98.83220775406384,,1.2200000286102295,151447.14355158806,NASDAQ
RCKY,1.8863735114966973,2.552504103349107,12.873970629632447,18.382011855397007,,46.13999938964844,1799506.1161956787,NASDAQ
CM,-1.8105017266079049,-3.642287994391813,-4.001806989719037,16.16791403424065,,110.31999969482422,77340497.70605469,NYSE
NVNO,-9.085817181556754,-27.023380423460885,-25.91747229538697,-21.434793005029185,,8.010000228881836,83376.09238243103,NASDAQ
UCL,-15.273743572791998,-21.582213320494816,-67.84139110366544,-78.666479610877,,0.2775999903678894,21994.802436828613,NASDAQ
IPGP,5.142341622055069,7.185817625831015,-24.185397718582824,-27.396772843888805,,83.5999984741211,39353194.48171997,NASDAQ
MSD,-2.8981355283951626,-7.032968167333897,-7.185960627533383,-4.271570673141511,,6.659999847412109,221498.27492523193,NYSE
EQT,-2.201085702836525,-9.749728325618678,-4.932562657493089,-19.546028952869744,,51.119998931884766,434164758.04844284,NYSE
HACQ,-0.07961965555388639,-0.19881169909965468,0.05979806093314721,1.107750788485995,,10.039999961853027,0.0,NASDAQ
HIT,-7.167631510827266,-17.7759591898485,-21.197252257413368,-42.806268703716825,,0.8199999928474426,102850.13910287619,NASDAQ
JONER,4.166669900425579,-16.666666666666664,,,,0.15000000596046448,0.0,NASDAQ
CUPR,20.0208545401666,-20.893471892924197,-61.27187055276546,-13.01390649505213,,2.25,97265.25,NASDAQ
PSX,2.163590359397749,4.2070909955528535,49.073207164124625,45.74132129021211,,269.7200012207031,540568241.2065125,NYSE
BYSI,-3.8884822035240685,25.880846686848514,-55.94170374371831,-53.2421182059446,,0.7860000133514404,74102.5092587471,NASDAQ
HST,0.5549595802398999,2.173714754947098,-3.9911119281762386,17.522755743101868,,22.440000534057617,243167071.4672203,NASDAQ
SPKLW,,,,,,0.8399999737739563,15580.319513559341,NASDAQ
IBG,-4.784887083845901,-7.502546655551168,-13.084288528231802,-19.55673631934428,,0.949999988079071,12455.4498437047,NASDAQ
DMAC,5.173726724756467,27.600002693763194,8.845145330266746,25.933800434887665,,8.420000076293945,1948194.3576526642,NASDAQ
MNKD,11.89768157996889,-5.667002688593903,-11.772984093209049,51.44927687855174,,3.819999933242798,10986885.167996407,NASDAQ
CALM,-4.027234569044069,-14.984732960023617,-19.580707236023287,-16.10335768070088,,64.98999786376953,172637285.65538788,NASDAQ
CVCO,3.506930668092889,1.8482667447787815,-4.209122558830791,19.09396356257822,,576.27001953125,110259471.64697266,NASDAQ
CIMP,0.023991739043349725,-0.8719089908054478,-0.761786130100639,1.398628499816934,,24.90999984741211,663403.1159362793,NYSE
DRI,-4.40440614473877,-9.016906257390723,-3.3509796740961995,0.8976003525989817,,199.72000122070312,209054314.91775513,NYSE
SURG,-0.10752669866477271,-9.915151343507656,-66.52252231982513,-79.40703766201018,,0.1451999992132187,296724.9103921652,NASDAQ
DUKRW,16.640252646611508,7.759882402043794,35.54327668177193,,,1.5499999523162842,19006.099415302277,NASDAQ
MNR,-1.8821288629045418,-17.949125644393494,-18.480495123713137,-26.58606043150601,,10.550000190734863,6083858.059990883,NYSE
VREX,0.010833310518565398,-0.14061564345680955,73.82790489854072,75.41326143659445,,18.450000762939453,5499262.577404022,NASDAQ
MIRM,-5.903109670557982,-14.770082512478734,-31.31052832568536,-9.458209524349193,,81.43000030517578,79413712.06761932,NASDAQ
OXLCZ,0.09772062349759914,-0.2698453185713712,1.0929084474679218,1.8969247550665314,,24.970699310302734,49966.36931991577,NASDAQ
LILAP,-0.37985720206353824,-1.7766257202471047,-0.3604489369053998,,,20.350000381469727,469901.85880851746,NASDAQ
STEW,-1.1398243271828146,-5.194806347557057,-3.439152287808145,2.2289669569039106,,17.56999969482422,1095840.8809661865,NYSE
USIO,19.965279879721145,-1.0028643874931853,13.000819142310283,140.347829908865,,2.799999952316284,292011.9950270653,NASDAQ
BTE,0.26304017903824306,-7.145756305077677,16.327566166672437,5.343161435694088,,4.679999828338623,80331668.21345186,NYSE
XRPNW,,,,,,3.799999952316284,3751177.5529289246,NASDAQ
AFJKU,-2.504225089291412,7.468243494281945,-54.687611910326424,-54.03114912329665,,13.600000381469727,1482.4000415802002,NASDAQ
PECE,0.05996539323156469,0.2202252657066417,1.0700618679127638,,,10.0,29110.0,NASDAQ
BLFS,-0.6613591859468526,5.760381133878112,35.714283194209706,98.8533242175074,,38.61000061035156,169634813.74160767,NASDAQ
ACGL,-1.0512119147454424,-4.8342639393348374,-6.521780291685597,-2.274097068065073,,94.36000061035156,226948068.26797485,NASDAQ
IART,-6.063644461428385,-10.396749256138593,-16.260885722973118,59.70181214167771,,13.289999961853027,24705937.159085274,NASDAQ
H,0.4283294995733211,-4.205822649556012,-17.186429045790387,11.170300474171956,,156.77000427246094,136614084.82315063,NYSE
HKPD,-5.547945927258812,-52.20103967493569,-73.93194657885742,-80.48124575519917,,0.10360000282526016,53892.41066969186,NASDAQ
ECOR,-8.608635181700631,11.517542054321673,24.785200795669347,62.830892650294025,,10.130000114440918,324048.5736608505,NASDAQ
DNMXU,1.881014455307195e-06,-0.19684739295849907,-0.019716666759439505,0.5952403703965103,,10.149999618530273,60899.99771118164,NASDAQ
PINS,3.596425316035168,-11.097764096363093,-12.26518400661558,5.6440072382486495,,20.059999465942383,228576091.17461586,NYSE
THRY,-14.047749774074891,-17.74707487508994,-62.770562936872786,-43.37966188338297,,1.4900000095367432,610528.99390769,NASDAQ
ARTNA,-0.5910104999025112,-6.930472642957564,-2.403002177051472,3.499282305105189,,33.439998626708984,1280952.5873947144,NASDAQ
PDX,0.9860979466143727,-6.278027438101064,-2.233888580283816,-5.289928195458538,,20.65999984741211,2244812.2834205627,NYSE
SNTG,2.002353772643284,-1.1189774995392865,-16.385054817741462,-7.429182801016387,,1.7200000286102295,24076.560400485992,NASDAQ
CODX,-2.350811462794311,-9.395970133992847,-63.039012639628055,-34.585097302290166,,1.100000023841858,1178812.8255500793,NASDAQ
LBRT,1.7200306100148,-5.326219222494643,-22.443090170298664,-33.477185337437234,,19.59000015258789,68571053.84410477,NYSE
IMMP,1555.8823704075032,1097.8723424492296,962.2641625874151,1165.168537406996,,4.269999980926514,107557.02951955795,NASDAQ
EFT,1.338687721889098,-0.5256254631863855,-1.6700679694257925,0.2649013147370649,,10.520000457763672,1290088.6961364746,NYSE
SGHT,2.7746152508764332,7.492863038507558,66.5070000099268,148.56985376482413,,8.920000076293945,5039238.083101273,NASDAQ
EDRY,7.081544087034741,5.75089227757839,149.47732041808126,184.31575552750243,,58.470001220703125,22189599.34326172,NASDAQ
FC,-0.2665425191749504,-11.733333651550815,-25.739925437794454,-8.48574924691522,,17.350000381469727,695752.3652973175,NYSE
CMCT,55.3210968899412,-9.271170250502925,-1.2828010788030642,-38.43636469407515,,4.659999847412109,721195.5563850403,NASDAQ
ORBS,2.87769947675911,38.19763013717983,62.4077196307186,27.394207065739007,,1.0800000429153442,13095095.560352325,NASDAQ
EDSA,-0.9123189908511575,-17.371090774255148,-48.40327259543004,-30.352689450739824,,3.9100000858306885,273449.76600265503,NASDAQ
AESI,1.4001331990853405,-7.280581762802296,-19.315436702446654,-2.703138808055894,,12.720000267028809,60404406.54805946,NYSE
GOOS,1.3413998662222149,-5.702394926956622,-19.76259924508397,-28.236169657401067,,7.619999885559082,4375640.154284477,NYSE
SY,-1.1653302781488906,-0.8765513882944997,71.55499657299661,-1.3090879493902197,,2.740000009536743,1320090.9045946598,NASDAQ
EFXT,3.9413570975650902,15.684394329114548,3.158437425161287,18.47046388226388,,25.020000457763672,12854500.615184784,NYSE
NMM,2.1628486941665193,2.3662009004367768,25.879375791690528,34.60870818981148,,92.62999725341797,10145670.969169617,NYSE
KVUE,-1.6212570806184434,-7.904721823713179,-10.48048497655687,1.2514505961437106,,17.389999389648438,242238709.1879425,NYSE
RSSS,0.6603834971962597,-3.263824916120117,-8.7254022232645,-9.191486683297667,,2.0899999141693115,69908.4071290493,NASDAQ
ALDF,-0.036948934183933524,0.26868998425839674,1.1685483509752403,2.4985269272034705,,10.819999694824219,0.0,NASDAQ
SLB,-4.712710493024053,-15.114436051870939,7.611972031776748,-2.339689109956544,,50.279998779296875,438801543.86672974,NYSE
ITIC,-0.14932302934035357,-2.314427715373024,3.7228294076816493,31.610219032581945,,293.3900146484375,11104812.05444336,NASDAQ
FUL,-0.3071279408781158,-8.346167428030082,-13.691771644389284,-17.25758862661262,,50.439998626708984,50306584.83034134,NYSE
OKYO,1.9117646156504131,-11.944089357951782,-12.610340373035179,-13.698628998154138,,1.4700000286102295,16493.400321006775,NASDAQ
GPAC,0.05951336388876349,0.27832689887592466,0.8598286406874545,1.7243127866348296,,10.100000381469727,202000.00762939453,NASDAQ
HYI,-1.128352531208754,-5.105396134935591,-7.676387493864811,-7.693756667849061,,9.6899995803833,870336.3823108673,NYSE
FUSB,-0.6439103209225694,-0.48673597752326714,-0.9807499355787619,6.070036802427747,,15.75,81711.0,NASDAQ
RHP,-0.4902828367605472,-3.1404126744421834,-4.981616891341112,30.72600597707089,,120.62000274658203,70625665.2481842,NYSE
NTES,1.7616438687533043,-0.15803645965434265,-7.220703088166902,7.161604912280084,,119.37999725341797,78883078.92513275,NASDAQ
HPF,-2.0657551367793014,-13.202681590546794,-15.67080075264652,-13.191488901198456,,13.25,1170279.75,NYSE
UI,4.763319471123051,-0.14071774990499497,11.555718293730632,-26.41736312984496,,609.2899780273438,66298061.08911133,NYSE
MT,-8.124736622649753,-12.048190974513906,5.498104847183072,25.977911533401365,,64.7300033569336,105441097.47823334,NYSE
MEGI,-2.3608289411549577,-8.54490883063621,-12.23473840309719,-8.444929497494813,,13.34000015258789,2443194.347946167,NYSE
NTGR,2.5814609946340106,8.073409777577488,1.8460413303758916,0.38865872062174844,,22.940000534057617,6228095.444993973,NASDAQ
FOXXW,,,,,,0.06449999660253525,80.04449578374624,NASDAQ
KAI,-2.957017066149459,-10.65381494872918,-14.13739298418083,-7.959170539602534,,267.1400146484375,44211939.564331055,NYSE
AGBK,-0.852369589670321,-10.715382958431519,-18.45204806705715,-18.566228247993454,,6.739999771118164,5293818.240228653,NYSE
VLYPP,-0.07201164309810215,-0.8966823969702498,0.8234458496065633,0.426182602158498,,25.020000457763672,125300.16229248047,NASDAQ
NUVB,-6.95983467487541,-20.17231161266373,-4.275027784640695,23.767845976546464,,4.949999809265137,49311155.5999279,NYSE
CUBI,-2.788274808504676,-4.707777607165964,-4.6931710448752,6.671049445335253,,75.02999877929688,23030233.035308838,NYSE
IMA,-2.8258122677794484,-8.950803370259752,-22.083194618658077,-6.227108978249774,,4.699999809265137,40100.39837265015,NASDAQ
CP,-2.114123984347527,-6.307214400885353,-2.1186040239871695,8.951539287233823,,85.80000305175781,114445535.27062988,NYSE
IFF,-2.619179884221323,-3.6750779101710984,2.1355193962237395,15.871122221167111,,83.26000213623047,137042383.3361435,NYSE
SBSW,-4.9065850896880425,-17.770888089588365,15.99907855391538,-17.176199511926924,,10.020000457763672,39768940.93684387,NYSE
GAUZ,-12.50813213669647,-29.631083744057474,-43.94539453325186,-64.73249422999527,,4.659999847412109,84094.35724639893,NASDAQ
SST,-16.557161472992597,-7.569140108770078,-0.23566169275809346,-31.903484476694043,,2.299999952316284,212639.5955915451,NYSE
FLGT,0.27515292595727825,11.26602640627652,4.521988073600691,34.62627739484081,,22.450000762939453,6902028.2345581055,NASDAQ
PVLA,-7.8524114485102,-11.455885603063088,-6.846722136551742,12.567401359148223,,132.16000366210938,18577070.914764404,NASDAQ
HMN,-1.7569073848739736,-11.881268026981628,-15.100155839324003,4.898772092931325,,45.599998474121094,13205941.958099365,NYSE
BRLSW,,,,,,0.05829999968409538,26.234999857842922,NASDAQ
MTX,-1.5132476823244145,-7.385117835931421,-10.910319185059713,-5.884371338856587,,66.19999694824219,17791513.97982788,NYSE
SOJD,-0.2641926650868376,-3.1722010892773267,-8.42214421018468,-9.389676597088059,,17.766000747680664,2075299.8453388214,NYSE
NCLH,3.6358556469695325,-6.638950121102704,-25.629704490164663,-21.184728204647406,,14.869999885559082,320712633.3417654,NYSE
EVER,5.82891905288081,-22.786808521595468,-21.643047732632283,28.17288567657128,,19.40999984741211,19259727.628593445,NASDAQ
PCTTW,,,,,,0.6899999976158142,23.459999918937683,NASDAQ
APMD,-0.6940108404064116,-19.386058842249977,,,,21.75,7401568.5,NASDAQ
SONO,1.3531959595528331,14.006140598869399,30.593408158410607,32.47622090051265,,17.940000534057617,48150835.853406906,NASDAQ
TX,-0.054000116811192544,-0.9101275802356978,31.466048237007627,39.589721250529465,,57.970001220703125,35776186.25335693,NYSE
ALB,-5.084228506322496,-22.188615724941062,-21.225112389667565,-40.498002846686745,,104.37000274658203,211733754.65194702,NYSE
HURC,2.0517589200852893,0.9877463229810868,-1.3049670969572102,46.640110361776664,,22.3700008392334,309242.8916015625,NASDAQ
NIU,-8.695651923525972,-4.929577532354301,-8.252424173052086,-33.59100467310468,,1.940000057220459,313191.6692376137,NASDAQ
GJH,-1.246570988800666,-1.1212180013205009,-1.6000024895919118,-4.709482903788775,,9.319999694824219,0.0,NYSE
ZIONP,0.9787118667383687,-0.7664816894298321,-3.7069188691220667,-7.958082580714299,,17.657100677490234,116236.69375991821,NASDAQ
CHPG,0.2679945376951265,-0.019086229253739706,1.0143866078478503,1.8867892327667057,,10.520000457763672,10698.840465545654,NASDAQ
STAG,-2.548046414346261,-3.5786778758970295,-6.8428106125831505,-0.42473410219818764,,36.04999923706055,61475090.34897995,NYSE
TRP,-1.3060031912281445,-6.29274725474075,-12.246733012615474,-6.576392183693269,,59.47999954223633,183319380.9091568,NYSE
XELLL,-3.1917685318319955,-6.525077904784071,-11.342966021394052,-14.763931984784662,,21.085599899291992,1644908.7337436676,NASDAQ
FRPH,-2.9400648422799547,-7.4961705667011325,-18.04103161082815,-7.001811203755537,,20.030000686645508,2328327.339817047,NASDAQ
DLNG,6.494962746629085,0.3164566552315007,8.191126640897561,-9.729474010598537,,3.759999990463257,104794.95973420143,NYSE
XENE,0.8485863876733113,-37.17458642807414,-38.15337288009807,-33.48352562520355,,37.56999969482422,63635163.803100586,NASDAQ
VVR,0.27855292871741266,-1.6393459175346736,-3.871828591238735,-7.751440152850597,,2.869999885559082,2087201.6767730713,NYSE
OCLTU,-0.09869757379681321,0.9978029140602196,,,,10.130000114440918,0.0,NASDAQ
ANNA,-2.3967537657564097,-11.884153459912316,-4.852623638758047,-68.10074667021932,,2.690000057220459,329506.1770091057,NASDAQ
GGR,3.6507314716863526,18.70570332410615,-20.702056663951307,-12.964593531482594,,3.169800043106079,39289.67153429985,NASDAQ
CBC,-0.35226978022298017,-1.7399115642827478,1.440829919440656,31.471491533178252,,31.93000030517578,24164209.140953064,NASDAQ
IGI,-1.0627597341169026,-1.2490595395774018,-2.388634057687178,-2.315907995641875,,15.71500015258789,43231.96541976929,NYSE
PHUN,1.059536005692019,-3.5628276935457226,-2.2926796306675157,12.02460895752997,,2.055000066757202,191659.58122611046,NASDAQ
UNFI,-0.963273551510313,1.2728834868457328,-2.4563523881950267,0.20025845079119087,,44.529998779296875,37840078.94268799,NYSE
FMAC,-0.21803508689683948,1.8944662061315398e-06,0.6598716847517672,,,10.100000381469727,60600.00228881836,NASDAQ
ST,1.8403126333263353,2.607434935281483,-7.624762937062157,22.669279032140246,,43.16999816894531,42663916.28041077,NYSE
BTMD,-6.666667801993209,-27.586206997799636,-44.42344072418945,-19.562242937640473,,1.1200000047683716,226899.68096601963,NASDAQ
CRSP,0.2582408188400054,-1.8952028638947072,-4.5646987630352465,16.772494582685304,,57.34000015258789,97425304.79925919,NASDAQ
TPG,-0.2386753988635637,-16.73213166795953,6.766591671925082,13.250855318270283,,44.5,88545966.5,NASDAQ
AIRS,-15.340910174886456,-28.736547998829963,-59.602349370037345,-38.59890128334368,,1.909999966621399,1589796.1122171879,NASDAQ
BNJ,0.013901037711683273,-3.378106581284046,-4.948468319413147,-1.6340771866928394,,14.359999656677246,253468.35394001007,NYSE
LILAK,-0.9278800874951809,-1.4832965872070947,10.52149191051257,43.34242065223848,,8.770000457763672,8764387.657470703,NASDAQ
ALGN,-2.6757060300623525,-9.128818278954975,-20.828379465656464,-15.686663053463212,,140.64999389648438,236266110.1472168,NASDAQ
AVAH,-1.4332963469722237,-6.652744690758949,37.05650489013947,95.68480264659831,,12.369999885559082,56076203.021211624,NASDAQ
STKH,-42.101924914105524,-62.62865475158205,-43.176614436868874,-77.89710274521526,,0.6643999814987183,354015.56414186954,NASDAQ
BKH,-0.1333715149455128,-2.98812025239652,-4.168937196106548,0.405121251886742,,70.4800033569336,75679595.12458801,NYSE
SW,-6.054162244096217,-6.387303386332343,-5.438579874115657,9.532965668554795,,42.40999984741211,153186743.07884598,NYSE
SMP,-0.5482820135460975,-1.7924726060257967,-2.0550469114771097,5.840694252410539,,37.41999816894531,5129196.569015503,NYSE
AFGC,-1.5687117046207955,3.1893800947031092,3.0566126388501536,1.624005068025558,,18.639999389648438,297736.7102508545,NYSE
CFR,-1.4388944789600178,-4.475518565662084,-1.2135918525104428,11.553741723601863,,153.8300018310547,79008319.58044434,NYSE
FFIV,0.2242140431831574,13.087785116994045,7.43996019810409,51.75848624210844,,458.5299987792969,171897852.71237183,NASDAQ
QUMS,0.09671216633850843,0.1936134286207647,1.1928052527500732,2.2424206019730164,,10.350000381469727,1470507.3541984558,NASDAQ
HAFC,-1.665723582726586,-1.2192205467442818e-06,-3.859391929008371,18.11249356404847,,31.5,7294108.5,NASDAQ
RS,1.9301088260528454,0.6800350953714007,5.2594235831577185,29.574938718592737,,408.239990234375,155230806.8466797,NYSE
LNN,-0.9935989745974205,-3.5102381604919297,-5.644839959955861,1.105772256675941,,114.38999938964844,13119846.589996338,NYSE
ACAA,0.2801146424156409,0.4610133017779239,-0.909446698626637,,,10.020000457763672,801770.3766288757,NASDAQ
BABA,-3.0310658483931663,-5.270551808271318,10.947011928257577,-12.371453602980386,,110.80000305175781,1093761122.1253967,NYSE
EVC,-4.938914830947971,-10.586793727490285,-42.81469854459158,144.28857783413397,,7.119999885559082,7022512.847126007,NYSE
SPWR,-0.5667741504717272,2.367539622846504,-51.89725643180708,-75.42189962170919,,0.31130000948905945,963101.2145572901,NASDAQ
NCI,-91.14377710594482,-91.76373958283907,-90.79031860547293,-93.18180664056595,,0.9230999946594238,1585072.5397295952,NASDAQ
ALTI,-4.134366057474336,-23.78017488927067,-20.471597563142396,-19.609965798557393,,2.950000047683716,307449.00496959686,NASDAQ
HFBL,-0.7835608416307371,0.008059501038015782,16.31983691060437,42.14204036316791,,24.15999984741211,49189.759689331055,NASDAQ
LPCV,0.07945770372956851,0.5388097950780102,0.6191321506527236,1.7366733350688834,,10.079999923706055,0.0,NASDAQ
BLIV,3.1551239828814914,9.488367059026004,4.205397547402168,-12.490708322970844,,2.299999952316284,77742.29838824272,NASDAQ
FCAP,1.6126932702049457,-0.5801535424451165,-2.573954816101398,24.01685808258629,,63.7400016784668,967127.0454673767,NASDAQ
FMX,-2.001906780826135,-2.8162023920645374,-9.161939296839872,4.495765859450196,,116.91999816894531,27207868.17390442,NYSE
CLWT,-6.560772154791216,-16.993863500682448,-19.464286522699027,12.375415155750025,,1.3250000476837158,5637.875202894211,NASDAQ
CNMD,1.5239516632661543,-6.174332407183936,37.84312400882497,34.199131244276714,,47.33000183105469,16250424.81867981,NYSE
CRON,-3.1656809633826,-1.5935063324146181,16.809423976958794,30.190931554881217,,3.25,3945223.75,NASDAQ
FWONK,-1.9347205678974855,-6.036021840209537,-5.418317123037597,8.443156303850529,,95.0,342071915.0,NASDAQ
NSAIW,-0.07999986290931904,-0.07999986290931904,,,,0.049800001084804535,1384.5396301597357,NASDAQ
THW,-5.53648444071988,-9.764790200420748,-6.884376850567286,8.427545564739702,,12.260000228881836,2303555.963005066,NYSE
EZGO,-4.498263024365512,-1.01530649166105,-32.666153792875484,-99.5298690127995,,0.917900025844574,144939.16778093576,NASDAQ
CVV,-2.69160440936026,-36.17594292336276,-44.84096161199421,0.8034030128537095,,4.28000020980835,124976.00612640381,NASDAQ
DYNC,-0.007342819701205983,0.17643588367453056,1.0680462435657345,4.078666675553322,,10.904999732971191,172582.52577400208,NASDAQ
ZSTK,19.240257975251353,-5.880061269860426,52.6847799723332,-16.51122379145663,,4.820000171661377,131918.58469820023,NASDAQ
AGMH,-7.335406786021292,-21.75530684527588,-39.81481680312283,-20.272079250462827,,0.7300000190734863,50082699.58856392,NASDAQ
ALEC,-4.480651130369928,-23.30335257070397,-5.728642586334098,-18.11436174181722,,1.9900000095367432,177446286.97038174,NASDAQ
GOAI,-9.734513409187262,-24.444443986576115,-28.8372089197899,-53.96188550166444,,1.8200000524520874,65904.02189934254,NASDAQ
ENTA,5.512201531588579,-6.316557040727632,-12.303699596056482,0.07791832621526495,,12.600000381469727,2757762.083492279,NASDAQ
BW,-10.53776914915472,-19.38375489544464,-52.53174974213985,-61.79984115385933,,5.639999866485596,25237053.602569103,NYSE
KMT,4.224612046803422,8.118405085875269,-6.392505986409169,-11.566292276686108,,32.86000061035156,52959115.72367859,NYSE
MCGAU,0.5128211753161471,-0.21133276583145122,0.8347880831481858,1.4948693161524584,,10.420000076293945,0.0,NASDAQ
ON,8.033182905435975,10.505284192129928,-13.398257978374106,32.167878750322856,,85.93000030517578,974061666.7093277,NASDAQ
HEPS,-1.2028838897676475,-7.2987209480283255,-16.076294853225114,-7.159003848007616,,2.4200000762939453,780365.3246021271,NASDAQ
CRTO,-8.447100514471483,-15.597257550241562,-26.478074769784175,-17.434319808798005,,14.5,8143040.5,NASDAQ
MBAI,-32.71926402620209,-48.670944263592894,-59.52782495860557,-71.76470641505287,,3.059999942779541,36634.319314956665,NASDAQ
TRAX,-7.031802018638023,-19.303112951598845,75.41653233535894,80.64210189016241,,32.9900016784668,22030327.240859985,NASDAQ
NVDA,2.3312063551040207,4.570505754469578,17.69782209591577,33.199289394670764,,238.89999389648438,30193241227.910614,NASDAQ
EDHL,-0.5251905437950843,24.56157513569204,23.1102509931161,56.3436260333616,,5.079999923706055,975492.0653495789,NASDAQ
STRL,0.22131562282379225,10.554719668871249,-31.00108908817657,26.590177439404904,,523.3300170898438,267062111.01116943,NASDAQ
KNOP,-2.22554449596144,-5.272692364310361,2.1892138724123544,3.812551713776058,,10.390000343322754,434977.3643732071,NYSE
DTW,-1.6180905927651978,-5.632648068008184,-10.577584416893515,-11.277543520745148,,18.639999389648438,586582.1407928467,NYSE
TNDM,1.4278678614970897,-22.05089504738015,6.999090213775849,-13.57700958419441,,16.520000457763672,29575129.059516907,NASDAQ
DNLI,-1.9056763026998769,-12.646238917719954,-21.34588544797773,5.082998573883746,,19.90999984741211,34198451.057907104,NASDAQ
NGVT,-0.5824430733000319,3.5892813656402067,-2.3190544357592158,1.074328210340303,,73.13999938964844,19457799.737625122,NYSE
AII,0.9570521293640111,-1.9887891896581689,34.34375232308178,32.79234111029001,,25.489999771118164,2730565.245481491,NYSE
OPRA,-0.22619403162957852,-6.665257208948427,-11.780000686645508,22.61292501350951,,17.709999084472656,5109671.225852966,NASDAQ
SEIC,-1.5787256758616808,-6.722992384532855,12.051204956672269,33.32557569719634,,103.26000213623047,86178216.28284454,NASDAQ
AQN,-0.07904942268212034,-10.386383978122481,-9.649747428832855,-18.319868037357033,,5.070000171661377,20140748.061930656,NYSE
HIW,-2.694232007317088,-5.265550309211642,-7.063694364705652,36.68384060647505,,29.489999771118164,41643182.55679321,NYSE
GBDC,0.8180946991265259,-3.307693188007066,-2.3006381123362285,-0.7422619540335074,,12.380000114440918,23728486.239346504,NASDAQ
ADX,-0.6866204980972901,-0.9083199131807773,0.3586193109687885,16.613825673828476,,25.8700008392334,7669705.018808365,NYSE
APPN,-0.13078902657740477,-11.280013409059952,52.56410569912664,51.467065445831125,,38.209999084472656,20231468.525245667,NASDAQ
EQ,-12.571427652787182,-32.53968365765548,-48.31081163804839,-21.699078903860215,,1.4500000476837158,1150121.1878221035,NASDAQ
EGHA,0.21154331102897217,0.2501000871865111,1.0667187475925655,2.06639956687813,,10.430000305175781,1812734.0530395508,NASDAQ
ICCC,-1.848874742890283,-1.6314188764667614,-5.604948843410007,51.865672836805096,,9.75,109794.75,NASDAQ
BFRG,-15.09070981496805,21.518486209004916,-11.969220969488504,-53.33836881535409,,0.593999981880188,315498.3383758068,NASDAQ
WLDSW,,,,,,17.81999969482422,5417.2799072265625,NASDAQ
AMBR,-1.340482584008451,82.17822027585053,25.854991114341843,-23.841059713749292,,1.8799999952316284,166035.95957887173,NASDAQ
NTLA,1.4415921250741537,-3.930953471079668,-29.624094231398466,-4.597163481000132,,12.75,63186258.75,NASDAQ
BWFG,-0.5177735826042529,-0.3759915795579216,11.96878653833988,34.047332813770836,,66.1500015258789,3541935.68170166,NASDAQ
RDVT,3.086850679364739,7.520542719875389,20.27942623481851,125.41229104290946,,79.88999938964844,11868058.859329224,NASDAQ
IOSP,-0.7981070124940426,2.8886567573138233,17.53223067296603,31.825390635264306,,97.6500015258789,15869785.297981262,NASDAQ
RYN,-5.783332010618669,-10.768777926035911,-15.12699030824165,-12.253537753696664,,18.010000228881836,64946960.43538475,NYSE
KROS,-1.8681887799399055,2.179396656004129,2.179394900855214,-0.9601958681893619,,11.520000457763672,1525317.1806106567,NASDAQ
ADAMH,-0.26960664633916,-1.881772082036004,-0.6976493881096335,0.25182918524457865,,25.059999465942383,898526.2808513641,NASDAQ
MDWD,-1.4450839529012272,6.296761033057607,-8.160513894075594,-15.906287800441943,,13.510000228881836,673946.3614177704,NASDAQ
HMC,-2.306078343033635,-1.7913566047760954,12.752634447242862,31.74788346312216,,31.780000686645508,53806020.0025444,NYSE
BLBD,-2.403279161160865,-7.345863056392565,-28.03032211043589,-1.7515652755346944,,57.029998779296875,18433065.115447998,NASDAQ
SJ,14.954072721871148,-19.575043841662687,-13.147526690058598,-39.474260436071305,,0.8776999711990356,7188.362764120102,NASDAQ
RETO,-40.45226058030753,-92.3424878210859,-96.47321421855769,-97.04930280673165,,1.9500000476837158,36123210.73332763,NASDAQ
ARCL,0.16016382960484243,0.2605231845872691,1.2343193229661154,,,10.0,0.0,NASDAQ
ANNX,7.025640438764524,-15.059014469766396,-28.30642463126818,-23.159058776130735,,4.199999809265137,14481334.742358208,NASDAQ
TATT,-7.087034662105962,-6.385503327316333,-26.972106937926334,-13.175271961752133,,33.099998474121094,3905535.019958496,NASDAQ
ICG,1.9685920566717918,-6.338886168412772,11.191509492363094,-26.12179334408293,,0.949999988079071,15202.849809229374,NASDAQ
APOS,0.7976609657549982,0.7260674634530062,-0.20329989062685128,0.17266886663207526,,25.59000015258789,740523.4244155884,NYSE
CSQ,-1.668758028659989,-2.524382711534867,-0.9714415214305272,18.53488212408021,,20.360000610351562,4279468.528289795,NASDAQ
OFSSH,-0.025151480946339344,0.6498974856467221,-0.2342497968345736,-0.1339904051784524,,23.979999542236328,4795.999908447266,NASDAQ
YELP,1.069696975560941,-18.497109022622325,-29.597479404649363,-26.90804532100105,,18.5,26182735.5,NYSE
SKY,-0.18180826940900063,-0.8254431360464665,2.0829425157045334,17.278211653225227,,85.76000213623047,53311761.96796417,NYSE
NSSC,0.8583903445869456,0.13367907625725373,-5.982953863630314,-8.67666012047701,,36.220001220703125,11824128.058502197,NASDAQ
OBT,-0.5007984138988841,-1.5601934774548298,0.2792098652691255,15.163103067725148,,37.58000183105469,2144390.0644836426,NASDAQ
TBCVU,0.14106960896007603,0.10072176083775197,,,,9.920000076293945,156488.001203537,NASDAQ
NMCO,-4.820067553836848,-11.426835519599866,-19.823628247346015,-17.62929451356814,,8.609999656677246,10394249.885530472,NYSE
HCIC,-0.040065021028212744,-0.16006769065110005,0.20079823305980682,1.1144848830058063,,9.979999542236328,0.0,NASDAQ
BWLP,4.429288649703422,4.713249245704598,39.02198899008511,47.7159117859135,,25.940000534057617,10243135.530887604,NYSE
PRTS,-0.5224373343002187,9.344823495070287,34.09091422505384,4.203981348218377,,8.520000457763672,274863.7347679138,NASDAQ
HR,-2.5999981053669963,-8.649438368718442,-14.15981284076323,2.3467603477338006,,17.079999923706055,104562837.21293259,NYSE
EXPO,3.474831705950887,-4.822623822064154,10.883704293852169,2.2091072138662016,,68.75,37626806.25,NASDAQ
APXTW,,,,,,0.30000001192092896,213.3000084757805,NASDAQ
OLB,-7.803274550712458,-33.89101088919559,-47.724653105674584,-60.15981291377794,,0.1881999969482422,34328.24404335022,NASDAQ
ZYME,-3.324357401281819,-11.658800407604131,0.60666635790525,3.2957489555638375,,26.209999084472656,16094249.937820435,NASDAQ
EPRX,-2.1411194799834443,16.83369656989462,21.217600654315994,13.455572590770505,,7.744999885559082,13664634.963089943,NASDAQ
TEAM,-1.3706475818327069,-2.4177750116754937,122.04972855051616,172.73527471225663,,196.64999389648438,596914537.873291,NASDAQ
COHU,7.940697552494536,52.902303112507056,12.72598925946793,125.9444905173253,,73.7300033569336,81614247.53590393,NASDAQ
SLNH,-11.345219652391503,-0.9058005403592917,-12.480001449584964,60.41055609805688,,1.0299999713897705,9345338.060415268,NASDAQ
AGL,0.2331338077554035,-7.542558666038646,-25.056881685869403,710.6380880965677,,84.27999877929688,15855259.050354004,NYSE
DAIO,2.7234660973523894,2.7952504219808993,-22.21047052176852,24.030357560527605,,2.890000104904175,73119.89265418053,NASDAQ
CURX,5.884881469810432,8.87809082993909,-1.5575093606904789,-51.24604546291429,,4.960000038146973,433375.0433330536,NASDAQ
GXAI,-8.721333929600716,-33.0530071978989,-54.07342629615669,-57.07516385287619,,0.4869999885559082,119783.97818517685,NASDAQ
MA,-1.2740444244435434,-5.363386808756177,5.369015510533437,12.162081419778747,,564.5900268554688,1357568575.9645386,NYSE
WS,2.8448005741866567,5.019193371532493,12.766088275577081,21.730757313555248,,39.119998931884766,23210325.686275482,NYSE
INSE,-19.599010142365913,-37.209710485177794,-53.888889155851984,-48.76543190439534,,3.9800000190734863,2934004.274060726,NASDAQ
NTHI,-4.653285293440046,-34.985483759798676,-29.487179762181604,-50.69204161331935,,2.9200000762939453,575756.8550434113,NASDAQ
OSPN,1.6890011444306685,10.309025767133239,22.971135470177618,70.84752854555138,,18.420000076293945,5472489.92266655,NASDAQ
OPXS,0.5938705486839391,3.5802319824267403,-23.677325788512626,-20.835218851793368,,10.319999694824219,127049.51624298096,NASDAQ
VEEV,2.6032467244453183,-0.28293044935777667,49.4268916609566,60.682947299270594,,283.45001220703125,375328349.513855,NYSE
SKYW,-3.6039427643325572,1.6587529671884704,-1.0445294081214307,6.071849420815911,,96.05999755859375,30988474.91241455,NASDAQ
RDY,0.435342634789615,2.6532624399804527,-13.30549692703833,-7.361690525851383,,12.319999694824219,33808555.482536316,NYSE
IVR,-7.970110445403023,-18.11634211161485,-24.87928718867244,-26.357746592078435,,5.699999809265137,21429246.18292904,NYSE
UPXI,-3.9933465744903196,10.11449972485745,35.09716659804201,17.563159549441366,,1.149999976158142,2484581.848489523,NASDAQ
AI,1.8867928898190112,2.692525540236934,19.10897329412058,29.57946906240041,,11.09000015258789,40927246.32312012,NYSE
ANF,1.382589410003554,-4.2635326054976,50.361601411853506,47.45502091946674,,141.39999389648438,207693684.23492432,NYSE
AGNT,1.441241635327306,-9.896601581993592,-30.812855371000847,-38.32153524276701,,3.869999885559082,9397899.982091904,NASDAQ
MCHX,-3.736922593808134,-27.88354023932286,-24.94172638616785,-17.857144269060466,,1.2799999713897705,40601.59909248352,NASDAQ
VRSK,-2.359394968190831,-13.49070570155132,-10.981707780562422,-10.86306868775645,,163.27999877929688,175938443.96466064,NASDAQ
VAC,1.5901446233698824,0.6924673427281203,3.4012386079061985,55.218446557396675,,101.93000030517578,35400594.895988464,NYSE
SDHI,0.13283036513511703,0.41864940482920776,1.1113256781859482,1.8725873467157372,,10.550000190734863,532279.159623146,NASDAQ
BTT,0.4324218520978196,-3.3212309353192637,-4.337920196707479,-3.7644366096055037,,21.760000228881836,3718174.759109497,NYSE
IEX,0.9999211402475394,2.3948850951680534,3.1464573314250233,22.223513161018005,,235.2899932861328,162807734.40437317,NYSE
PCN,-0.4091523504373695,-8.586549493336504,-10.030242467691263,-9.939456436755501,,10.609999656677246,6328705.645213127,NYSE
CZNC,-0.799121400260483,-0.9698105468472606,7.587732446874029,12.98295813690553,,25.5,1385287.5,NASDAQ
SSNC,-0.8576733357319899,-5.961780127160865,20.92541037748312,15.301301299633518,,79.08000183105469,106551129.18713379,NASDAQ
LEDS,0.9565187537151854,20.186332264945772,41.58536084346445,91.58415079070083,,2.359999895095825,20206.319101810455,NASDAQ
HWBK,-0.23438760300293904,-1.9854677252740927,-1.0793782683772513,13.297059034371618,,38.349998474121094,921473.7633361816,NASDAQ
V,-0.6147838658433491,-3.98563645505694,2.813534910139115,20.673084198470026,,369.7099914550781,1671739850.961914,NYSE
BAX,1.1233067695553878,-7.797952521610963,6.957693616873262,43.670654046126735,,24.219999313354492,246149693.74156952,NYSE
ETB,-0.7236993000020564,-2.052785478021979,-1.0816380941579107,6.031747205987648,,15.390000343322754,844957.1888494492,NYSE
PNFP,0.7569454078542481,-5.140628199357344,-5.652452381145512,9.352929143270995,,96.0199966430664,141440239.63513947,NYSE
OKLO,-5.500494073659723,-8.303120841120382,-29.10697712987458,-24.16191238066322,,35.970001220703125,273716601.8890381,NYSE
CAPL,-0.8290342733467293,-6.763661023103973,-4.140323865455753,3.6088941515305395,,21.68000030517578,591126.8883209229,NYSE
CEPV,-0.5598418226152813,-0.7514457399286023,-0.7571828149151361,2.1010890979431984,,10.270000457763672,16586.05073928833,NASDAQ
QXL,-14.948950590815112,-7.403524882658862,-21.259140612041538,117.05998191910365,,4.159999847412109,244728.63102340698,NASDAQ
XGN,-5.274113532910041,10.97561024462792,77.27272558381173,176.68919201377014,,8.460000038146973,2468306.531129837,NASDAQ
BKYI,18.1117498888959,-17.938421810378678,-46.94937446124984,-55.418183926353734,,1.9299999475479126,619203.8131717443,NASDAQ
AA,-2.3278339685024907,-16.50412419426438,-14.446958476453286,-38.55295536894003,,43.4900016784668,221575991.8315735,NYSE
CELC,-6.177041142565032,-18.255395496380512,-30.22203488534162,-32.80741460066011,,73.62000274658203,94070167.10952759,NASDAQ
STRRP,-2.9350096941894277,-4.7129037963813625,-6.237341074073688,-7.9358138561855025,,9.305000305175781,54890.19680023193,NASDAQ
LOAN,-3.3367584992671895,-7.287050828376018,-18.130435114321486,-16.938684356407062,,3.869999885559082,114675.83660888672,NASDAQ
IBTA,-1.5195937714601149,8.029157724574887,17.105338749814813,31.53429474592231,,41.349998474121094,5968458.779754639,NYSE
CXM,-2.828748912921575,-31.593110791100965,-5.007474458162154,-15.492022393845561,,5.230000019073486,13011330.027451515,NYSE
TRNI,0.15197305692369323,-1.2227841129776373,-0.4254656258221745,0.043944227178616124,,25.049999237060547,336897.4397392273,NYSE
MBGL,-4.872746716239207,-13.585614448676065,-15.497587268479196,,,17.59000015258789,142797274.69872284,NYSE
TXNM,0.12332458492085863,1.0231236768349694,3.038956108387425,-0.43264988427708095,,58.5099983215332,74078514.20492172,NYSE
BZFD,8.571429674317276,-1.2131745311361408,-24.603176167502426,89.18021595832953,,1.159999966621399,790428.6172556877,NASDAQ
OPP,-0.4603001305828691,-7.139022810400464,-9.989594678735436,-9.376638073963539,,6.909999847412109,664755.8053207397,NYSE
LOVE,1.0077948972272432,-5.010424256307255,-13.855147563555636,3.3406658136128087,,14.829999923706055,3174331.8236694336,NASDAQ
QBTS,-5.8926066940888315,-3.6530231021586257,-28.748679424575528,16.386374331194254,,15.640000343322754,252888076.5112934,NASDAQ
LGCL,-11.320756657019393,-39.66070663943819,-98.67070708611999,-98.61291174203825,,2.430000066757202,68649.93188595772,NASDAQ
EXR,-0.27773887235925665,-5.786904031188833,-9.725466633187752,0.6698793792067281,,132.91000366210938,148635649.47540283,NYSE
GGG,0.06679027512583868,0.1130830418477391,3.4498342074630317,-7.779542056795075,,78.83000183105469,153093302.82603455,NYSE
SORA,7.5731849923990735,9.328216074409301,23.691642764729302,13.071963069375968,,2.109999895095825,220957.07901453972,NASDAQ
CIG,3.3557061247516673,4.154587655994568,3.0592774713260606,-10.835402519971938,,2.380000114440918,41970454.73812485,NYSE
THFF,-1.0879406130563707,-5.249074125465203,-3.5033086942925284,17.19193172651263,,74.70999908447266,6680493.40813446,NASDAQ
SPH,-0.09642962541015487,-5.73248294336347,-5.149919827183469,-16.527343837344898,,16.770000457763672,3784083.5232925415,NYSE
AQB,-6.431769737179927,-24.375306522408312,-10.965116312917722,4.318803158217888,,0.8862000107765198,50311.34701180458,NASDAQ
GCT,-0.9168446443057476,5.383263272458105,59.13699483879744,18.159208453354747,,54.65999984741211,30639061.654468536,NASDAQ
QVCG,-4.4026034662663305,-15.918028732810575,,,,14.069999694824219,1953225.4976348877,NASDAQ
XYF,-3.135755903139148,-9.14634210999894,2.9256391153413386,22.604066363915855,,4.949999809265137,225893.2412958145,NYSE
DMIIU,-0.09794356803548565,0.0,0.3937004178520276,1.605767219716947,,10.199999809265137,1019.9999809265137,NASDAQ
STRC,0.6843223387072328,2.2998437097853763,14.235178131543691,-0.5370141038016141,,99.4800033569336,138167876.14244843,NASDAQ
ATLCL,0.2544512450275205,0.4024799514445121,0.2902222028628998,1.1646131571416474,,25.305999755859375,85711.4211730957,NASDAQ
TEL,0.5470572033100085,5.17648839422189,8.236518566849306,4.102567200522178,,218.92999267578125,253296747.2060547,NYSE
BTU,-4.371670426659158,-14.484045532013457,9.595466166333644,-26.338649382935053,,25.5,56379684.0,NYSE
CZWI,-0.33793176300391803,0.30231430672742476,-9.565588844655581,6.446761900873521,,21.309999465942383,529446.9367313385,NASDAQ
AIMDW,,,,,,0.0560000017285347,124.2640038356185,NASDAQ
HBCP,-0.9950840045694909,-3.1435625251480803,-3.448477900118474,9.412841009576113,,67.37000274658203,5867657.759216309,NASDAQ
NPKI,-0.30806144828965376,-11.80923440902022,-19.521968581926107,-18.995965935034054,,11.8100004196167,9219394.157570839,NYSE
PCAPW,,,,,,0.2994999885559082,572.9434781074524,NASDAQ
CINF,-1.0365696563653048,-6.047725906961632,-14.452351327247515,2.1344995755480545,,162.13999938964844,98469243.0293274,NASDAQ
BC,-2.5729771210462715,-13.23166873476721,-19.366888887123835,-10.588528693752385,,64.83000183105469,49354626.583969116,NYSE
EOLS,-4.370630565695355,-15.212580146600175,10.953346160911615,86.32602982786943,,7.46999979019165,5874587.1150016785,NASDAQ
JELD,5.2396881506258985,-19.108826088214304,35.827338020905586,65.61403470613219,,1.7599999904632568,2236544.62788105,NYSE
VOR,-4.03559755125964,-20.578915027494848,-4.9697718761004595,10.077152309668502,,18.579999923706055,12049074.210523605,NASDAQ
ASTS,-4.991220143209052,-1.778269836281554,-29.58258878520912,-31.74884912175977,,58.439998626708984,472135463.2252121,NASDAQ
PRHI,-7.9989210355079665,3.7509480623322045,36.356377873994546,48.14814998636161,,7.5,317272.5,NASDAQ
ABR,-10.549134255751369,-26.80331093019408,-28.49441762686833,-50.57226550866525,,3.4700000286102295,28217703.64265561,NYSE
RMR,-4.608345876275144,-7.483482966754096,-11.528974179892371,15.102092323732496,,17.440000534057617,2446814.6349277496,NASDAQ
CACI,0.06814916351687295,-1.3248281441647802,26.604450185836125,9.693139979416987,,624.1900024414062,170674769.12756348,NYSE
NVEC,2.814252396789141,12.430927946149328,11.511150094094337,64.77994767912661,,114.12999725341797,10316096.321739197,NASDAQ
VCYT,1.506316737928648,4.683159160220218,-20.711487671656272,43.96065637599389,,47.66999816894531,61449058.809677124,NASDAQ
VTS,-0.10691167131502421,-3.732110254489218,8.182171006625016,-7.072604154955197,,17.049999237060547,6601896.10458374,NYSE
GP,-12.693117835047573,-42.44699662500948,-63.4168757746258,-43.267576059719396,,0.5616999864578247,39568.95554602146,NASDAQ
USDEW,5.399169691622996,157.4971830925532,676.8707619944034,,,4.440000057220459,1641570.1411557198,NASDAQ
HTO,-2.859071079376907,-5.233267310692613,-1.5835250718681637,2.727614293016689,,58.439998626708984,42274910.60657501,NASDAQ
SCII,0.22060739795073392,0.39857864895251893,1.3686665987375335,1.9148345885288798,,10.170000076293945,457721.1934337616,NASDAQ
TK,6.033226974974104,10.175651530754859,41.52888367071223,17.6204342591328,,14.960000038146973,6368846.01624012,NYSE
NPV,-2.8529446209907827,-10.684666960843469,-19.628598637159357,-18.26685228025785,,9.3100004196167,1566212.0605916977,NYSE
HTB,0.8786510539335213,-1.333959955546038,-7.146017949046346,7.434821777985601,,46.529998779296875,6019492.882080078,NYSE
GENVR,-45.82228124364379,-83.82818654692856,-46.072606247935965,78.30642204808899,,0.8700000047683716,2636.9700144529343,NASDAQ
MWYN,4.38931452052993,-17.86786702665487,2.8195507001820275,46.452476778046424,,1.2599999904632568,208987.37841820717,NASDAQ
DELL,-0.2553728601183747,16.550574444773105,31.43968569495501,223.28548726636623,,552.2899780273438,2303607021.251831,NYSE
BHFAM,-2.2083254520545825,-1.6277444008848785,-5.638319328396035,-11.087421383082962,,9.789999961853027,112526.2595615387,NASDAQ
MGX,-6.2171632944529325,-8.617747513174157,-14.04494733542273,-19.534187423547312,,1.0399999618530273,169731.11377429962,NASDAQ
AEAQU,0.0,-0.11762668916597274,0.3150204702938142,1.0912664435497543,,10.1899995803833,0.0,NASDAQ
AFRM,1.2337260385779425,-4.334214259975411,-15.475225516298497,54.693432684485764,,74.75,318282061.5,NASDAQ
JLHL,-31.590868669010487,-35.448864020530365,-53.97420743626269,-32.93474422394541,,3.940000057220459,309510.6444950104,NASDAQ
ASTLW,,,,,,0.004800000227987766,323.0640153447166,NASDAQ
SYPR,1.6073477047271023,-3.066813659248313,-23.243711658265333,-38.881216391810504,,1.8200000524520874,55156.92158961296,NASDAQ
FISN,-23.26288319712274,-21.513175884911362,-49.09736840832836,,,5.375,1057724.75,NASDAQ
EXP,-3.855407782766518,-11.603657448154525,-21.55617769823549,-8.196422511855362,,169.82000732421875,73896666.72711182,NYSE
USNA,1.1187851158626083,2.750875871211611,-32.674268721497754,-15.646962928012032,,14.850000381469727,2431316.312456131,NYSE
LMNR,-1.1059772710664495,-16.268345584860466,-10.045045933236974,-9.665261900002498,,11.979999542236328,2320525.9113311768,NASDAQ
ALOV,1.904301760724536e-06,0.24019574681100053,0.481544306429349,1.8093134876788985,,10.020000457763672,14729.400672912598,NASDAQ
APLM,2.213763252266121,-11.043670095791857,17.93740506571313,50.72176597615032,,23.266000747680664,0.0,NASDAQ
TWST,10.526012860542977,42.9874281790954,94.03024707714309,297.62112251748374,,205.0,656758705.0,NASDAQ
TVIVU,-0.7508399720572156,-1.7986261122938108,0.3195504066667354,,,10.039999961853027,0.0,NASDAQ
DAKT,1.4497759276795419,-8.915290429889977,-11.564694903704043,-9.448498090780655,,17.799999237060547,5010343.785247803,NASDAQ
OR,-4.364060916433921,-6.967036498983237,10.425381830601022,-11.290906332074025,,34.459999084472656,18472937.249214172,NYSE
MRTN,0.4912491451299461,-7.529310700252934,-24.51568201515607,-2.123205852069565,,13.050000190734863,9395739.137325287,NASDAQ
THQ,-4.169325736235141,-8.704022804846879,-4.706503322579147,6.174875952662884,,17.75,2182007.5,NYSE
WPAC,0.13919207043635584,0.2787759782012289,0.559104877663108,2.0672930313601734,,10.09000015258789,0.0,NYSE
GDHG,-0.25728964318857406,-9.70496921716183,-14.359355679240215,-34.51576777112149,,1.1649999618530273,21815.78928565979,NASDAQ
PAL,-5.688464513111868,-29.209897000699982,-45.848596925593895,-46.91801397181381,,3.5899999141693115,1701853.8193116188,NASDAQ
OBX,-3.9499306921497723,-18.69555093980483,,,,13.84000015258789,2756706.5903930664,NASDAQ
RNAQW,-5.676855781536105,,,,,0.41999998688697815,0.0,NASDAQ
SSP,-7.952972841468875,-18.890919765129954,-12.892669009285296,-28.440860155786808,,2.7200000286102295,1943986.7404477596,NASDAQ
MAGN,-3.6287626578137666,-7.421686563147112,-6.36880450237165,24.740260502952573,,11.680000305175781,5344511.179641724,NYSE
LITS,2.2354708968637116,36.11111242514649,43.21502919022324,22.719143463967796,,1.399999976158142,605504.1896883249,NASDAQ
IAE,-0.11233473484103529,-0.08988755472589816,0.13513608137882827,21.641587923847737,,9.140000343322754,708057.5465965271,NYSE
REKR,-11.463762048428983,-29.524888726197275,-46.58473898258635,-52.40641801324924,,0.36399999260902405,535415.9611284435,NASDAQ
PTLO,-1.9694869453029784,-21.744907450933294,-27.073874652477613,-34.893146924088455,,3.549999952316284,4095042.0949952602,NASDAQ
UAL,-0.8407101300776487,3.2689787316097174,-16.138295889760556,22.467839985165263,,110.0,542055470.0,NASDAQ
OMER,-7.05905358686948,0.15936857926526216,92.89953075203532,73.8016209403809,,18.899999618530273,20186579.292562485,NASDAQ
DOCS,6.227689475245479,4.999626004454383,27.397759060817982,20.796270867360334,,28.579999923706055,90422032.51861954,NYSE
CVBF,-1.1062124552386754,-0.9369360273045801,-3.382828033423002,12.918467700574476,,22.1200008392334,39475441.97769928,NASDAQ
FT,-1.0387406229945717,-8.393969700195703,-12.919958311615709,-12.465856322964186,,7.03000020980835,644397.9392318726,NYSE
JANX,1.3285488065065465,-10.545221575708597,9.776974750136569,18.871107232496275,,16.540000915527344,8828043.548652649,NASDAQ
ADAML,-1.137636156118449,-0.6235373299837366,1.8949721858591673,6.41579607043794,,24.469999313354492,497548.4960384369,NASDAQ
QUIK,4.830215921948944,8.494641133573744,-32.20995850340815,19.573322386489835,,11.649999618530273,2160818.629245758,NASDAQ
MDLN,1.6574260420500142,-1.2786713086839985,-16.22406107466262,-19.723641116730704,,35.79999923706055,380004855.70165634,NASDAQ
PRME,-1.2246216947198185,-15.564737363805348,-21.127123031238337,-8.123501280878076,,3.2100000381469727,14891408.4569664,NASDAQ
FGL,-3.8583724761531046,-72.45057258479343,-97.05424202665665,-98.31771248384919,,4.139999866485596,63880.19793987274,NASDAQ
MICC,-7.690693997123709,-11.829463256404182,-4.051404188323248,20.289460208616127,,17.110000610351562,17131011.691101074,NYSE
DHCNI,-6.336679225833652,-10.146025949926651,-7.843354496002053,0.3988396478352918,,16.350000381469727,212958.7549686432,NASDAQ
GIGM,0.09272476078299174,-2.818559994716485,-3.353994415947892,-2.818556785594395,,1.3964999914169312,15816.758902788162,NASDAQ
SPXC,-0.44463266968917114,-11.798317003157555,-25.601176676891267,-12.976719782902645,,176.8000030517578,186362231.21681213,NYSE
COO,1.9950473680026226,-18.996322927916886,-21.555909728992052,-19.40742771208106,,56.77000045776367,224158220.21749496,NASDAQ
MNTK,5.598812521669405,47.87123406346363,74.08313081720026,148.08362344734576,,2.9100000858306885,5261181.2151789665,NASDAQ
ACON,-9.674980698998203,2.3116477888003306,-20.598004491932777,-28.614096300511317,,2.3399999141693115,77627.15715265274,NASDAQ
VOXR,-7.7895892467490295,-9.530658476694887,7.545963361414532,-2.726215944427701,,5.03000020980835,1694109.100663662,NASDAQ
CMPX,-16.013828030388254,-59.171428727130504,-56.8124442630344,-81.84379614348494,,0.9606000185012817,15172110.53821683,NASDAQ
NIO,-6.432104640983438,-16.486749156064906,-31.1488658422309,-43.7912810389217,,3.4200000762939453,89386684.93405342,NYSE
GEG,0.0,-1.5525098943707683,-0.8279660641103193,12.643683630352154,,2.1500000953674316,28238.101252555847,NASDAQ
CDTTW,,,,,,0.011699999682605267,4.094999888911843,NASDAQ
KEYY,0.22195442198735815,0.26241637205881574,0.6076568592875642,,,9.930000305175781,80830.20248413086,NASDAQ
WOOF,-3.5559397088419153,-15.049656269261092,-15.565677594028116,-17.994100476515396,,2.180000066757202,6607384.002335072,NASDAQ
ETOR,-4.546805204504089,-19.539579535989294,-36.550257201467495,-13.912750090528657,,25.690000534057617,17246031.32851982,NASDAQ
PBI,1.0003679505207197,-4.211497801429209,-3.44063315076486,50.22682168624608,,16.809999465942383,25226228.278556824,NYSE
CCJ,-3.7292147595977987,-12.222833208487149,-11.490695917703231,-20.845627703079337,,87.47000122070312,263625311.85906982,NYSE
CXAIW,,,,,,0.03180000185966492,325.09141901135445,NASDAQ
MHLA,-1.4839425956915453,-12.835588979569245,-19.405691045812134,-18.6985920552496,,9.039999961853027,42632.63982009888,NYSE
COCHW,,,,,,0.03689999878406525,0.8117999732494354,NASDAQ
UAN,-0.9777905255796027,-3.7922653609936963,9.976690146894128,-3.392327365583614,,125.93000030517578,2635211.1863861084,NYSE
FIGR,-13.582034355532969,-18.585074649531197,-12.034161189497382,-12.898512688127584,,27.940000534057617,120051113.47471046,NASDAQ
LIEN,-5.678673804744561,-7.238764732147873,-3.4042578436958015,1.274694000116261,,9.569999694824219,740028.9364013672,NASDAQ
NVX,-4.984995389399094,-15.467273171658269,-42.46453877661551,-61.71091450572812,,2.569999933242798,24211.9693710804,NASDAQ
WM,-1.2316881360741494,-6.8318923087753785,-10.452539348441226,-11.720131733058892,,206.66000366210938,528837782.87124634,NYSE
FUNC,0.08300300093861956,0.5047447714932707,-2.7119113575775566,17.5858703181891,,43.369998931884766,973179.4060325623,NASDAQ
QMLS,-12.431090755135642,10.31250268531345,,,,6.159999847412109,1835562.9145317078,NASDAQ
ISPR,0.9946414376154955,-10.9311749748651,15.586687575126913,-26.17449818356512,,1.2999999523162842,45674.19832468033,NASDAQ
ARLO,-3.9066082600215934,-3.316442379196216,-5.122794514951501,-9.91416098740412,,12.59000015258789,18166992.52017975,NYSE
STGW,-0.4063099322991537,-4.623484625936358,10.559831627013704,32.70700822462105,,8.529999732971191,24432375.875152588,NASDAQ
NGG,0.0423211739197793,-3.9732916959151376,-8.107384655222639,-12.07633785934843,,76.0199966430664,56753260.63385773,NYSE
LFT,-2.27867239417493,-27.534626270026397,-45.0420175677226,-58.34394941407724,,4.96999979019165,111998.94527196884,NYSE
BMGL,-18.493508444284355,-38.71093797948561,-55.7029932664993,-55.677966135940615,,3.1700000762939453,42081.751012802124,NASDAQ
SECZ,-9.963389031338732,111.16221826048837,11.967477380279945,,,11.699999809265137,34174307.14288616,NYSE
BWMN,0.1503298218441751,0.09390409835292601,47.67759644609906,47.000410851995625,,42.7599983215332,14008517.53012085,NASDAQ
CAG,-7.413011155536919,-15.871035299023085,-3.718537374580988,-14.209253839602532,,13.1899995803833,203466335.09707546,NYSE
ZNB,-8.345535268217063,-23.565324558792078,-72.44718341081833,-92.14357448885787,,1.25,988040.0,NASDAQ
UONEK,-4.352443699902442,-14.434945689016132,-22.294094152944343,-33.62799177121314,,3.440000057220459,4513.280075073242,NASDAQ
NEWTO,-2.523077451265776,-2.523077451265776,-3.008038397723223,1.1574988826472454,,24.969999313354492,38678.52893638611,NASDAQ
CURV,-0.2502122402544882,7.168456162589343,32.30088329864134,32.88888666364882,,2.4600000381469727,433309.32671928406,NYSE
AMZN,-0.19848821420509477,-3.708879123734976,2.813208176999993,19.63064025137806,,251.39999389648438,9507899500.36621,NASDAQ
BMO,-3.0166542483189174,-3.120387294192828,-5.600681602446789,22.992342453781724,,164.4499969482422,70039747.05024719,NYSE
CICC,-0.13895395131191535,-2.036721394415497,0.18861854073939366,-1.4996346157868157,,24.670000076293945,399160.60123443604,NYSE
WXM,-4.864560886752023,-12.729564465266218,-4.318925483303082,-22.8546659421052,,3.5696001052856445,35042.76423358917,NASDAQ
MHK,2.6363238902451513,-2.807016650285954,6.175269012469009,28.546202109334896,,124.93000030517578,114785684.28039551,NYSE
ISTR,-1.0654914137145033,-3.64201220503938,-1.553213984245505,6.5020438645034595,,29.360000610351562,2048153.642578125,NASDAQ
RPM,-1.616575172321122,-5.1823741328058,-10.815853081793191,-0.19662563689059054,,95.30000305175781,301902499.76771545,NYSE
RILYL,-12.029520282505935,-19.68256160538411,-26.003586967854442,-11.11847555216794,,10.630000114440918,8004.390086174011,NASDAQ
PLXS,2.0328236216987206,11.94647861558147,-3.8243794004898968,32.33075274287918,,273.17999267578125,64767971.2835083,NASDAQ
OHACU,-0.19512269555068684,0.8875697962137385,0.9273842699404122,,,10.199999809265137,0.0,NASDAQ
CTSO,-12.341910704143523,-42.53859310437035,-49.54819381294708,-64.68727959789524,,3.9649999141693115,33206.874281167984,NASDAQ
CMSA,-0.3550986205256401,-3.178754503835135,-8.572785230332801,-9.878278119252116,,19.479999542236328,765602.9420089722,NYSE
CAN,-10.360454939963514,-1.3151930448813132,22.937854474794573,-15.53614861887349,,0.3328000009059906,2691019.4761258364,NASDAQ
RNTX,7.781894270606959,4.840371349213601,-19.36633439181349,-36.175548123099254,,0.824999988079071,277316.320992887,NASDAQ
MLM,-1.60002598218002,-6.774959517806478,-18.579409572854498,-18.634482466214784,,485.5,343278115.5,NYSE
MB,-1.6369043764934976,-4.846451232224746,-15.074948894188111,-32.91383283640143,,3.940000057220459,30704.420445919037,NASDAQ
RNXT,-5.9610692910964325,-27.075469221836144,63.39040390921804,55.78395620526566,,1.4700000286102295,907475.117661953,NASDAQ
HFFG,4.241645811425299,-9.58751286267583,-4.700353586515094,-16.73511185191132,,1.600000023841858,114502.40170621872,NASDAQ
AKAM,-5.52164646647576,0.8424743280315061,-5.715137513863333,-6.0653633496828725,,107.98999786376953,390445504.56630707,NASDAQ
CATLU,-0.8099580927787953,0.621249087893605,,,,9.960000038146973,19920.000076293945,NASDAQ
EVLV,-4.185659955468579,-9.616884822778104,-25.250564207202874,-22.59792406463331,,4.480000019073486,9685975.081237793,NASDAQ
CHGA,11.505276182669322,-11.424219245438083,-59.42079559363872,-79.12778130337568,,2.2899999618530273,229932.02616977692,NASDAQ
PLMK,-0.08409835352971573,0.20616918177458476,0.15923573991145634,1.3362375933092752,,10.6899995803833,12464.539510726929,NASDAQ
TCI,5.30885564196435,20.4512329551628,-4.953363014934986,27.149448539232424,,45.459999084472656,830463.2632751465,NYSE
TULP,-11.757021103937193,-20.34198108151418,-25.110863317905917,-31.836528194392123,,2.7100000381469727,4441.690062522888,NASDAQ
SHIM,-7.240229883181248,-15.180055494599209,-24.91417428145476,-17.287952724648427,,3.109999895095825,140917.20524668694,NASDAQ
OHAC,0.10014249151539811,0.3614444795422944,0.9493056688283374,,,9.989999771118164,0.0,NASDAQ
ECBK,-1.2044691504923266,-2.044518468271672,1.8476234392476254,22.103136158639813,,20.950000762939453,220058.80801391602,NASDAQ
BHR,-5.208336581464501,-16.00000083140839,-25.273726166653752,-30.059776894767086,,1.5499999523162842,651416.9299600124,NYSE
AIRG,-11.068555742958496,-9.684948441310015,-25.409573707582133,-13.904339783865638,,4.199999809265137,541388.3754138947,NASDAQ
BSY,2.254882343989939,-9.746089575725225,2.7323820084216743,-6.215795263951939,,34.75,147629120.0,NASDAQ
ALC,-0.9376811430014009,-10.52923813883786,-4.888129427570442,-13.780368525566411,,64.33000183105469,81953656.14268494,NYSE
GMED,1.1939290307862338,-6.548564676724922,-4.373510406776793,-13.080449488838653,,76.56999969482422,123032369.22964478,NYSE
BPYPO,1.7314713482394772,-1.643525068686802,0.32067636295032287,-0.29312201103599556,,14.810099601745605,69814.80952262878,NASDAQ
EXPD,1.2713313502215495,0.5862304211810443,14.27726850812585,31.49104830403524,,194.1199951171875,315477021.864624,NYSE
BTCT,-6.42504273269947,-40.02111804543289,12.698414875957065,-1.7301041915986026,,1.2200000286102295,1836351.363064289,NASDAQ
GOTU,4.431437873740074,20.79303506016632,43.89401019599257,27.840326320601918,,2.5299999713897705,1026484.2383921146,NYSE
WFRD,-5.015807683763407,-16.79438327087377,-3.0146357929431433,-15.26814659154051,,82.31999969482422,66057766.07511139,NASDAQ
CNTX,-12.97520399115336,-15.262874151651074,-49.920734704165845,-87.98859309433192,,0.33649998903274536,331463.59369689226,NASDAQ
RR,0.36188143662752026,-8.420474316500059,-17.172720888645987,-17.378349492545453,,1.7200000286102295,7732414.928619862,NASDAQ
OESX,2.9710336916948243,30.410559286050344,161.20171608331378,231.40927241048922,,30.049999237060547,1315979.6165885925,NASDAQ
PLYX,-2.367428717305131,2.281743872973596,-22.0710529894392,-70.23672129301609,,2.069999933242798,82936.61732530594,NASDAQ
HCXY,-0.27207960353369254,-0.16035952964297273,-0.4709641775097695,0.2971063481944425,,24.90959930419922,166171.936958313,NYSE
TEO,-9.51380570216812,-8.247110361070487,-6.060134461688971,3.9475951608648474,,12.510000228881836,4116890.9553222656,NYSE
SNDR,1.3568690496674751,-5.194193734397235,-10.470536406291886,21.507641352104613,,32.31999969482422,28101302.45465851,NYSE
OPTH,-6.431197509823594,-5.621908303543954,-6.392974084971792,,,4.295000076293945,125229.31722450256,NASDAQ
GOOGN,-0.18530751221244035,0.8865384310661417,-4.435420291386083,,,48.849998474121094,27702492.184684753,NASDAQ
BTBDW,,,,,,0.015599999576807022,20.59199944138527,NASDAQ
LITB,-5.719918859933437,-6.8226117294287185,-3.3692722025532307,26.90265675309551,,2.9200000762939453,15508.120405197144,NYSE
LYV,-0.7048258263128604,-5.4854752702672815,-8.058506170672363,10.001300674489212,,170.6699981689453,483357915.2142334,NYSE
ANIK,-4.631885058985718,-7.412666708823467,26.89762595235492,33.67960818533089,,19.729999542236328,2412465.964027405,NASDAQ
ALPXU,0.4517748757638218,0.6692878818163273,1.7306484983272252,,,10.220000267028809,7573.020197868347,NASDAQ
TAC,3.254789036622263,2.0268007080129102,-11.171065735697706,-8.018724621760908,,12.470000267028809,8815280.118767738,NYSE
DXR,-1.1111126113156233,5.164856248544347,6.013446972712511,15.318702009604014,,10.630000114440918,322259.08346939087,NASDAQ
MCY,2.2038508451508454,-2.29139765003038,-8.113587918070897,14.343825338754733,,101.91000366210938,28915027.249053955,NYSE
BEAT,15.927650188071919,-0.8311211608676539,-36.79346137208349,-62.235690028717,,0.65420001745224,260791325.97638845,NASDAQ
SBXE,0.05940163265258924,0.019794594180511105,0.09904761602488321,1.8749986781227967,,10.109999656677246,0.0,NYSE
GPATW,,,,,,0.0689999982714653,3844.0589037016034,NASDAQ
AEHR,3.0765854003231174,30.629742139533555,31.789489633991884,152.6613532445217,,104.4000015258789,215190640.34516144,NASDAQ
AMTM,-5.55498043638295,-9.142572428759955,-13.653592599733145,-30.79960605118337,,18.239999771118164,36463930.10243797,NYSE
FVAV,-0.17519797699997453,0.45053778918118237,1.104101788639511,2.2736325924263,,10.25,0.0,NASDAQ
ZWS,1.048489150012899,-0.375509717418665,-3.7462781392823774,5.476638123293021,,47.9900016784668,56721158.61384201,NYSE
MTAK,-0.040575175704671285,,,,,9.850000381469727,97416.5037727356,NASDAQ
RLMD,-6.22107757330479,-17.316409533777545,-43.5818123953591,-46.86862787628091,,3.4800000190734863,4462901.664460659,NASDAQ
TRUG,-23.366012694204986,-36.01637101859681,-79.4897957821849,-93.47705140385015,,2.559999942779541,281006.07371902466,NASDAQ
URI,0.32904778073230556,3.43117935605739,-5.349940152928534,42.88753973116313,,1074.280029296875,453527725.6882324,NYSE
METCB,-6.621102951037427,-39.26090717957368,-45.226760861301486,-57.268070597974095,,4.420000076293945,164689.2028427124,NASDAQ
LCFY,-5.166138329329318,-5.091052207269975,-24.491338654765926,-44.58159997626176,,2.3399999141693115,11026.079595565796,NASDAQ
TBB,-1.6321840210939076,-2.3730884989315637,-8.340595750187706,-11.495649635880357,,18.8700008392334,2755925.8825683594,NYSE
LFWD,-8.15101990033268,-12.759750117044211,-21.107275155726736,-4.304518676041025,,6.670000076293945,69361.33079338074,NASDAQ
ECAT,-2.254156621993697,-9.259743552411381,-11.898412553090898,0.7844262049693462,,13.890000343322754,5601267.64844799,NYSE
HCMAU,0.0,0.0,0.13389930658316285,1.8284409463565687,,10.470000267028809,0.0,NASDAQ
SAZ,0.11156824988920455,0.45654910026815543,-1.285043142401887,-0.15782738058280898,,25.270000457763672,236325.04428100586,NYSE
NVTS,0.2164127874596966,6.870227120763972,-22.948932846009374,40.73640689723119,,12.34000015258789,212291081.5650444,NASDAQ
CLIK,-5.49053371538305,-20.7647910733331,-25.747127096415056,-35.74019936062248,,1.090000033378601,16118.920493602753,NASDAQ
MNDO,-0.3984059960658093,0.0,-5.838040416574286,-11.971830173017384,,0.9800000190734863,18577.86036157608,NASDAQ
WEC,0.0354485892463563,-4.338818393240185,-13.333218614077447,-12.655180412393452,,101.30000305175781,280080630.33769226,NYSE
NGNE,-11.594678370972478,-27.74027932755385,-20.672825268672756,31.873287899099843,,26.469999313354492,5605498.814590454,NASDAQ
BEPI,-1.2084971673265277,-1.0544027528272215,3.5696582289163503,3.9525449758147646,,15.59000015258789,700100.1368522644,NYSE
AMBA,-0.13009231479114147,2.095405922248794,-14.50315317463815,36.67656063035973,,68.26000213623047,74748388.37928772,NASDAQ
NOEM,-0.11342054135170532,-1.5281378271619794,1.3619797364057273,1.9093553244318162,,10.510000228881836,17867.00038909912,NASDAQ
RWTS,-0.6268253437857085,-9.389771552420644,-15.219138865302885,,,20.905000686645508,1050768.9545135498,NYSE
FRA,-0.2661567301052159,-4.877605800525631,-3.954595115228454,-3.477461508845048,,10.289999961853027,3461617.7271671295,NYSE
OCUL,-22.225721086173888,-30.060421823699045,-24.284546393935567,-9.126594241465968,,7.25,40734552.75,NASDAQ
OLMA,-6.563402604548962,-20.626655377368042,-33.059236101860634,-43.09853288441954,,8.25,8300432.25,NASDAQ
RAYA,1.5974451075180696,-16.462344864295662,-32.09964332071367,-49.868627980005165,,1.8899999856948853,15569.819882154465,NASDAQ
LRE,1.8715595816554575,-12.855123139492585,-16.15826089670911,-12.387562894799641,,1.100000023841858,26620.00057697296,NASDAQ
NEOG,-8.38550045722637,7.92316561379236,35.2170135658632,35.15893209697598,,13.010000228881836,66975312.048280716,NASDAQ
GOODN,-6.0765779795026065,-11.47216273117435,-8.004459403227948,-7.1567419520652376,,20.059999465942383,101242.8173046112,NASDAQ
DLHC,2.3118296095726354,-11.48837111717047,-27.33867956565471,-33.2046330495413,,4.079999923706055,167206.55687332153,NASDAQ
TRNZ,0.049528165184198336,-1.308116510955215,-0.7292312808869661,-0.08376843337311035,,25.0,338750.0,NYSE
ZKPU,-0.9433953422830488,0.4985064014558116,0.7999992370605558,1.20481812348876,,10.079999923706055,0.0,NASDAQ
QETA,-0.3715609077426518,0.49404067266696217,-1.4369266351988652,2.5913056083347596,,11.789999961853027,6048.269980430603,NASDAQ
ASB,-0.7098557435820996,-5.787340032078426,-6.435900686370511,11.44890640548526,,29.020000457763672,40261332.9350853,NYSE
CII,-0.35640307213871125,-2.108948916090636,-6.472694525372313,12.76615774873675,,24.059999465942383,1661848.2231121063,NYSE
TR,-0.0317313090877791,-6.044338318404529,-4.157793688360778,-12.563605858314709,,37.61000061035156,6595628.197036743,NYSE
OEC,-3.8190966397485093,-6.145799720067446,-3.786863695441678,-10.309280362311624,,5.849999904632568,2947335.2519521713,NYSE
EPSN,-1.9430483268311205,-5.884245588735027,9.175680878020675,-6.78343983430485,,6.059999942779541,761008.732814312,NASDAQ
OKUR,-10.765552110609011,-27.793142237676527,-42.18334866054373,-36.74903143029178,,2.630000114440918,1646948.151664734,NASDAQ
NXH,-17.945618377851822,-29.491174650445686,-53.123921221760504,-40.853657738783745,,2.059999942779541,23995353.133482933,NASDAQ
ADNT,-2.0247967478175477,-9.422651435290408,-8.264991244357589,-14.536614205178788,,17.239999771118164,14568523.886585236,NYSE
BOW,-0.13007592359636222,0.529698480671148,8.178556708299855,50.86637937753415,,33.79999923706055,8052241.418243408,NYSE
CFG,-1.5899882335197346,-7.876783578231006,-10.30664986329386,6.524849179514991,,64.30999755859375,221411797.32452393,NYSE
TDS,-3.4823662784404408,-0.49244194534880936,-3.9252535282681245,-20.383011200812607,,35.11000061035156,73252416.86341858,NYSE
CE,-5.653278116948002,-1.4748107693213663,-5.131804196585432,-30.5799262109691,,45.529998779296875,64803621.27255249,NYSE
NCT,-63.841807810087104,-98.39281403773074,-97.83755687245151,-96.89407375333914,,1.7300000190734863,579314.7263870239,NASDAQ
FMY,-2.334629812017708,-5.412813880218115,-6.422640140913016,-6.3273953423322755,,10.800000190734863,69681.60123062134,NYSE
TDUP,-5.521471264533073,-19.00826398908455,-68.79884182258506,-35.83333190234881,,2.1700000762939453,2996236.28534317,NASDAQ
HPK,3.5083157587406655,-2.449179529435641,19.10885463953942,14.585728179093227,,8.09000015258789,2698306.2908935547,NASDAQ
FCBM,-1.052299547379909,-0.4267402442410084,-1.8232790789191156,,,12.600000381469727,1160233.2351264954,NYSE
ORIQ,-0.14385510310804817,0.2503353745477277,0.979532915840231,2.0784322341924844,,10.40999984741211,1039958.9847564697,NASDAQ
BTSGU,1.8713563883360207,-4.472596373413906,-17.388419730010305,32.9348834290387,,197.35000610351562,493375.01525878906,NASDAQ
PK,0.7569824126498981,0.27276150473529714,8.27489425350234,47.694663366555744,,15.260000228881836,77566108.10339928,NYSE
NBTB,-0.4904831048800795,-0.9839124838262103,1.6473608492128644,18.261518094373375,,50.95000076293945,21515777.722183228,NASDAQ
F,-4.471990280273563,-13.288703838431138,-10.850781809748188,5.62109768475707,,12.149999618530273,431604825.2490387,NYSE
PCLA,-7.795254701832832,0.4056468580421857,29.71661415626987,183.1299725081279,,6.599999904632568,101745.59852981567,NASDAQ
STRD,0.271390523501025,-0.20053558031213337,21.255720544226264,-2.006589808460024,,73.6500015258789,4192820.9368667603,NASDAQ
BV,-1.3426747021753394,-9.464286054883686,-29.2887030067835,-13.422132093630557,,10.199999809265137,13049645.155978203,NYSE
DHT,7.423862352531185,16.974093414864022,37.045342707721865,26.858326845366555,,23.81999969482422,145415524.25697327,NYSE
SHPH,3.184386828322716,14.931353793494019,18.246029309768396,-40.75493812619505,,4.010000228881836,53457.313051223755,NASDAQ
ACT,-4.87908198371807,-7.768624012597369,-1.1641706092579196,9.59130728442723,,45.869998931884766,20832685.67489624,NASDAQ
WNW,-2.1846689268145036,-4.927886594674713,-36.2439565502705,-61.60194260679961,,2.359999895095825,50570.07775211334,NASDAQ
IZM,-6.200315879981389,385.1973740281756,253.71702941673226,71.11369117474928,,1.0499999523162842,187668.5914773941,NASDAQ
ORC,-9.000683287090839,-19.080949347080633,-22.86045745740327,-24.331245721068363,,5.050000190734863,39645177.997369766,NYSE
PKX,-0.5066920896280247,-7.338822274698509,10.906826152079962,-1.8815904193019817,,58.22999954223633,8508625.763111115,NYSE
SENEA,-2.2408581175671016,-12.038469037165811,-0.7435515400126325,14.992586269026042,,177.66000366210938,17837597.347686768,NASDAQ
DTST,12.216289451232033,11.546119811965427,-1.5231399405308377,-13.305827280802928,,3.390000104904175,37286.61115384102,NASDAQ
EXPE,-0.9294036324014932,-15.650549537760272,-0.6192784289637543,15.632653056305035,,260.1700134277344,336066809.74487305,NASDAQ
GCTS,-2.7247994815337906,20.608105917561215,-19.53418598218405,81.83361334023603,,2.0899999141693115,2642790.2614676952,NYSE
RDNT,-3.6726200456876246,-7.569031807379389,4.507346963170167,25.65121390655105,,70.56999969482422,48083998.4120636,NASDAQ
WETO,-36.03818595041703,-77.93330579364805,-98.63125640174574,-97.66550520473577,,1.0499999523162842,1625869.2761642933,NASDAQ
KMX,-1.5505238294786006,-9.237951320006921,8.974509300319621,36.112187180507284,,54.86000061035156,193043509.68772888,NYSE
GTIM,-0.6657783272939755,-1.8421035295047794,3.4674046509643786,25.589225021620223,,1.4800000190734863,65136.28083944321,NASDAQ
GOF,0.6324654502497751,-8.886531525520102,-21.4481603274962,-22.1739127054557,,8.600000381469727,20811166.723119736,NYSE
XMAX,-1.666667791624965,-2.424106570403328,-3.990191653036712,19.01077542615559,,8.710000038146973,3475734.2252225876,NASDAQ
ARTV,-6.534546335220992,-37.7952057982582,-27.337078945729797,6.825835700186911,,7.130000114440918,3373630.8541488647,NASDAQ
OMF,-2.344813572394444,-10.906313316059746,-6.88381765599927,4.129923162173776,,56.2400016784668,52289085.320552826,NYSE
CNM,-2.2267186956285046,-3.758109656637465,-9.825460706017775,-17.04345817207923,,41.81999969482422,108043892.93156433,NYSE
ALKS,-0.40538774940026556,-12.62913000323297,-23.299637644882566,21.76657845573211,,42.7599983215332,126975558.45580292,NASDAQ
CTKB,3.437392158659569,25.649767838001814,29.45566546812661,32.83783724280731,,6.090000152587891,10825060.531227112,NASDAQ
MU,-0.3417033818601256,13.233261211892366,5.5291146750645614,202.93312190438203,,1063.9599609375,19021077196.655273,NASDAQ
GITS,-12.855495204643674,-12.997603007115732,-16.096204435666404,-22.41231656937971,,1.7100000381469727,27987.5706243515,NASDAQ
WALDW,-1.5522042429161331e-06,-78.57142904659314,-87.95180702613095,-83.95721870536437,,0.007000000216066837,3068.100094702095,NASDAQ
CB,-1.2301257182265712,-3.2212491538184285,-6.75117531748175,1.0002017854783274,,330.489990234375,897475643.0705566,NYSE
PSQLW,-16.178737596034644,-43.568465289587486,-52.73675115101179,13.569936979846808,,1.1299999952316284,11852.56994998455,NASDAQ
NNY,0.30919836192124794,-4.395874140753387,-11.037476916003818,-7.7269499587946715,,7.900000095367432,732132.5088381767,NYSE
PFSA,-14.028777379462953,-32.198581808523954,-83.15121561290947,-97.73352301888046,,1.75,473394.25,NASDAQ
GRFS,0.0819690904768855,-5.714285188265689,2.6050428855588503,-9.106698822608594,,7.409999847412109,3651344.1148109436,NASDAQ
VET,-1.012180722801681,-10.763996213915961,27.570199749965685,-14.404389714362875,,11.729999542236328,9823405.416641235,NYSE
ERII,-1.6336054467378625,-12.278876847041564,-24.326751632284417,-33.51735092140413,,6.829999923706055,5956763.9434604645,NASDAQ
ALGT,-2.6494641558902354,0.7909189944957262,-34.55229440879223,-5.811539546898759,,75.13999938964844,31367418.16520691,NASDAQ
XTND,-14.482406575022743,-45.81583254958201,,,,2.940000057220459,3856912.5750660896,NYSE
BCDA,-1.3307972425122938,-7.155636725920944,-10.824744136823261,-12.182741669655805,,1.090000033378601,161579.42494797707,NASDAQ
YI,-7.568167348669408,-1.6577841041123365,-19.447138537115183,-48.93943968687117,,3.1500000953674316,14691.600444793701,NASDAQ
BRTMW,4.861108351636911,,,,,0.3100000023841858,62.00000047683716,NASDAQ
ESLT,-4.897947163185313,-1.1804525238111707,-10.84763083195418,-20.305644245220066,,709.3699951171875,79669344.15161133,NASDAQ
HSY,-4.19976787377424,-9.530975471291548,-10.138019052357716,-23.011295241808295,,161.00999450683594,255162198.89465332,NYSE
PDEX,-7.4578684580813075,7.5598415802538454,10.066923336646694,34.75479348860808,,65.40499877929688,2882790.726196289,NASDAQ
LBTYB,2.042815877456894,-2.2542260477481535,1.297858855704681,-7.221397617500502,,12.899999618530273,226614.2932987213,NASDAQ
LSTA,-4.9333333184984,-10.427136011401917,-57.33093836089209,-71.53692644938363,,1.2599999904632568,114348.77913451195,NASDAQ
HFRO,-2.3713133992786184,-8.285792435414386,-8.707411305259571,20.099607227657067,,6.730000019073486,466557.25132226944,NYSE
AOMD,-0.4566719184005752,-0.9359139481994183,-0.746982220294734,0.6122122060725488,,25.049999237060547,92684.99717712402,NYSE
CRK,-4.352407370609979,-15.578891651962545,-12.544754206928932,-37.162362302713866,,13.0600004196167,38166401.566283226,NYSE
ACGCU,6.881635909607198,7.430830575892067,7.964252838293939,,,10.899999618530273,1089.9999618530273,NASDAQ
NAMMW,-16.495507830756218,-40.26629948600026,-37.63183027522832,-5.7246374245126574,,0.16949999332427979,52.036497950553894,NASDAQ
OSW,1.6273089406270147,-1.364806997929513,-17.94487242127082,-0.7257020756698762,,22.920000076293945,26307438.567569733,NASDAQ
BDTX,-0.15822769688508265,-10.791704741170339,-2.923076580732298,-16.827768557156976,,1.940000057220459,1626385.4679703712,NASDAQ
TRDA,-8.362148428901751,-18.09497167789641,-22.57636116459364,-55.084745351763445,,5.480000019073486,2541645.9288463593,NASDAQ
NIPG,-13.737625341817505,-23.96018190638336,44.733424809429145,-45.477658134717856,,11.210000038146973,153072.5505208969,NASDAQ
BRKRP,1.0592815584930415,8.862572964460892,3.9627014958419027,63.00439262308571,,466.0799865722656,581201.7432556152,NASDAQ
FELE,0.597380426296068,-1.869174017795805,-7.4349492386088905,4.908386332736558,,99.04000091552734,34304386.07711029,NASDAQ
LII,-3.28428652358167,-6.2858034583834215,-36.84056888404791,-21.396728729247137,,361.1499938964844,158553153.77041626,NYSE
CLH,0.44185954605808764,0.013969559651383356,6.931944917964961,8.404382878252514,,322.3699951171875,154961967.17285156,NYSE
ASST,1.635768537733373,23.137904804433298,141.09943770220767,201.74018739179266,,30.260000228881836,288818357.5245762,NASDAQ
BPYPN,1.5053439641819155,-2.9267379520927728,0.1336517780410995,-0.7798715110514554,,13.460000038146973,445122.2012615204,NASDAQ
RMSG,-3.422818774495273,-18.23863840234763,-41.07289190398677,-48.06928916351624,,0.2759999930858612,151007.04821708798,NASDAQ
BXP,-3.7773610484979736,-10.838974451252925,-11.425645921570403,17.204550245025874,,59.369998931884766,86591143.44215393,NYSE
FMN,-2.5595592976991433,-9.91991062471136,-13.418472958527982,-8.723717297937084,,9.970000267028809,1248622.893442154,NYSE
WABC,-1.2409031041556995,0.7458347281120714,-0.6310328493011941,13.366696085239504,,59.060001373291016,10205391.057300568,NASDAQ
BP,0.3808142830786787,2.036865479836436,18.723859225033124,-5.826809041364866,,44.619998931884766,391946711.0975647,NYSE
PBM,-9.781319681558454,22.513811757465273,73.01690691602087,115.46558592843112,,5.079999923706055,719866.4691886902,NASDAQ
WTFC,-0.5229226539459453,-5.108274194510365,-11.108360510862925,3.8397682834055313,,145.1999969482422,97508622.3506012,NASDAQ
GHI,-6.029811012731868,-11.964457094189795,-4.212709676005466,10.827005747478434,,5.239999771118164,464064.85972976685,NYSE
CVRX,-32.83693271712338,-39.986693292771406,-67.3306769536844,-80.1671066785992,,1.559999942779541,899567.7270040512,NASDAQ
MTC,-14.566396084197796,29.699153271341405,98.4264373826525,-4.361013149331927,,4.989999771118164,63058.62710762024,NASDAQ
MTH,-2.3094711172273574,-7.456026603999433,-21.757466879204145,2.583585917538045,,62.279998779296875,64011445.02536011,NYSE
NKTX,-7.689558545319219,-5.97450201481502,-17.169449318575815,17.53187605438611,,2.5299999713897705,1320675.1650652885,NASDAQ
BKV,-4.497165419201665,-13.64073058352866,-20.495246043544824,-23.293514266002234,,21.790000915527344,19210892.827163696,NYSE
HOVRW,,,,,,0.3449000120162964,440.0924153327942,NASDAQ
TLYS,7.781922587463352,15.361595483322365,9.881234702418507,11.148487160214282,,4.610000133514404,1076296.731171608,NYSE
DNOW,-1.3880130996463347,-1.623869392047883,22.415410814998204,31.058191293889116,,15.899999618530273,31231447.05070114,NYSE
MCAH,0.09972116342942261,0.21964787708632638,1.1079739504751052,,,10.050000190734863,0.0,NASDAQ
CYN,-3.609648701426793,-30.933651587879464,-46.919085084910584,-56.75621913680375,,0.6367999911308289,124728.10386282206,NASDAQ
EDBLW,,,,,,0.031300000846385956,105.07410284131765,NASDAQ
CMBT,1.8096249400437303,5.392527795139324,33.27399824172912,53.08273577816654,,19.989999771118164,25611467.566753387,NYSE
GDV,-1.8641708976959492,-5.863189506126021,-4.362799480271651,4.601863935259254,,28.3700008392334,2687461.8094997406,NYSE
NATH,3.837179130090096,3.5405269859004607,0.14408150685858434,0.7265789228999786,,101.5199966430664,2668047.031776428,NASDAQ
AUTL,-3.5918782791863,-19.68776822090771,15.749999646097423,35.57833401333244,,1.8300000429153442,4612229.62816143,NASDAQ
DSM,-2.1953080560192406,-10.650068864386919,-15.858026309051532,-12.761648087645572,,5.150000095367432,1620612.3300104141,NYSE
OGE,1.4267179321668877,-1.703438979882732,-6.9353241770265805,-6.087459503199655,,44.970001220703125,127822236.79971313,NYSE
DEO,-2.3014733799128217,-7.146610581461877,4.517560610158267,14.372017012445193,,83.97000122070312,102978878.18704224,NYSE
GSAT,0.586383780221067,1.715178026865738,3.020225402932186,19.5759853491716,,83.54000091552734,49858009.18640137,NASDAQ
AAPG,1.444533461201991,-9.613412119237674,-15.79233296809136,-39.44388161876825,,14.604999542236328,51774.72337722778,NASDAQ
GYGY,-22.3366832740981,-55.77968503166208,,,,0.531000018119812,636849.0307317972,NASDAQ
ZYBT,-6.626042899729279,-26.76224479153323,76.96305248464303,37.41313785504063,,1.190000057220459,17402.560836791992,NASDAQ
GSL,1.6745634026954503,0.3742965557730571,17.66610945331766,19.710899991234143,,45.86000061035156,17409877.891708374,NYSE
STNG,4.027174455738658,6.951738784312722,18.319020399231146,13.402060954713036,,86.41000366210938,67465301.63922119,NYSE
SRE,-0.46109888275647215,-6.664595007412977,-15.914175450726663,-19.99303782798355,,78.16000366210938,281302699.1001587,NYSE
APVO,-3.948772727642258,-21.43168869539185,-59.71351776800079,-56.75156163024049,,1.7999999523162842,50569.19866037369,NASDAQ
AIBZ,-5.952380822421411,-16.84210574070629,-40.25596377235943,,,3.990000009536743,1331881.9531834126,NASDAQ
WCC,1.8326866574226663,10.39850084678311,16.050257013450242,35.40396618677584,,377.0899963378906,209570405.09475708,NYSE
CCIF,2.2015260363481115,-10.36019106349454,-14.092522022325827,-25.26315579687092,,2.390000104904175,365356.9260365963,NYSE
JXG,10.042917663266548,-13.319812236425765,-31.284617018658032,104.0318314733522,,7.829999923706055,120120.02882957458,NASDAQ
MTAKW,-1.1363642136296814,,,,,0.1599999964237213,799.9999821186066,NASDAQ
DWTX,-0.8368192906368921,-44.015748129057144,-4.177898366594979,-30.088494320069938,,1.5199999809265137,151326.63810110092,NASDAQ
FSM,-3.6382339967859223,-7.9659066357068316,31.745658063235638,11.719059393282883,,11.140000343322754,32122981.929995537,NYSE
RQI,-2.508003985619034,-9.98521765639132,-11.210108570714128,-9.98521765639132,,10.930000305175781,9326645.77040863,NYSE
TMTS,0.0,-0.39721909697362223,0.09979887750817262,1.10886749829886,,10.029999732971191,93339.1775150299,NASDAQ
FSK,-1.5875870323497798,-10.321848647422572,5.386817040307212,7.1678314164627555,,10.989999771118164,28226616.502141953,NYSE
FSSL,0.9115938978490501,-0.5593235119427886,5.59755153561734,-5.156806502720601,,11.65999984741211,5083153.613479614,NYSE
IMSRW,,,,,,1.1299999952316284,1548.099993467331,NASDAQ
CEPF,-0.11926671855189142,-0.9275520825150707,-1.2035701740950033,1.1480317932716977,,10.278599739074707,193021.82450008392,NASDAQ
TTGT,-3.2665945959200138,-3.974894124443429,-6.326529475263321,-9.645668337438828,,3.6500000953674316,2415226.9631052017,NASDAQ
NRGV,-10.523918683776534,11.908832810635129,-7.051583332959099,20.712967671334994,,3.869999885559082,15463486.252724648,NYSE
DNA,31.021898388901413,86.3321805231242,29.13669297834589,100.8703752947067,,14.979999542236328,114428920.90324402,NYSE
CRWV,0.4994862985023385,5.323441830446485,0.38218734022310574,12.979084761149284,,87.38999938964844,1579297125.279831,NASDAQ
SIG,1.1389649770133348,24.97134208547962,21.90578135291763,20.144912695261485,,100.88999938964844,88366523.76541138,NYSE
NEWTG,0.055705630199920364,-0.8587046892089112,-1.8347910547076518,1.0658807539150938,,24.979999542236328,284597.1347846985,NASDAQ
COCP,-4.060915825051115,0.0,9.03846471267351,-6.1258279322051195,,1.1100000143051147,45597.69058763981,NASDAQ
BANF,-0.8912496155518701,-3.0143912982205756,-6.102452678689074,-2.0192007760675645,,107.56999969482422,15909172.674865723,NASDAQ
FFR,-25.126902677867292,,,,,1.1299999952316284,626161.2473577261,NASDAQ
RGCO,2.256993023752596,-0.19437160903412742,-9.735475682150973,-1.1459462003876486,,21.639999389648438,332065.7906341553,NASDAQ
RAND,-0.6584215445608166,-7.710844885623169,-2.238367087843185,-14.420763899692668,,9.949999809265137,6716.249871253967,NASDAQ
DRD,-3.9996848977444155,-14.843640607797736,12.892730007177121,-18.800563244878322,,24.170000076293945,3756066.3518562317,NYSE
YORW,-1.3140064206968227,-10.491949827226065,-0.9430305414615203,-1.2183312573411764,,30.774999618530273,5344355.658754349,NASDAQ
REAL,-1.7220594503224995,-12.738608742265756,-22.705315376854784,-0.4444440300081842,,9.319999694824219,22386098.706985474,NASDAQ
III,6.090225155515694,10.79701411202083,37.19008047977282,45.31410929856654,,5.820000171661377,2458600.872516632,NASDAQ
SENS,0.30867216878716075,5.420682557779344,83.29694615819608,52.26723384342227,,10.3100004196167,7312687.407626152,NASDAQ
ONL,-3.0976955452292954,-11.976910966640608,-14.084505552432969,14.018688985734862,,2.359999895095825,808871.0840449333,NYSE
TCRX,-10.337528862688316,-45.99242004333291,-70.03250504531093,-68.84095389000005,,0.2953000068664551,221414.46864843369,NASDAQ
PEN,-0.42339884833235697,-1.330604674574054,0.1619077972662364,-3.396608564974546,,317.1099853515625,116782094.30541992,NYSE
ERIC,-3.7700468512130825,-8.096281303832708,-15.260454458001538,-18.81918830937055,,9.220000267028809,55003469.773005486,NASDAQ
AKR,-2.6302117398883995,-8.454696181881749,-11.608153400657184,-2.5491631956930494,,18.40999984741211,32329745.502040863,NYSE
ALV,-3.0570688432826065,-7.686747545777406,-3.8697087242951067,7.28577895927025,,112.06999969482422,101301641.70414734,NYSE
MTEK,-25.464888462206826,-31.780970503577066,-24.607142708469144,-43.4553577000668,,0.7197999954223633,272067.1230697632,NASDAQ
AGNCM,-0.9915141520289272,-0.954588460434147,0.39814914847948746,3.242349122136079,,24.920000076293945,837012.962562561,NASDAQ
SMWB,-0.3267976715818688,-11.495535878217488,25.793145683794762,201.06302099980695,,8.079999923706055,2602996.2154216766,NYSE
OPNW,-35.98749431017478,7.836292123993616,8.110687737813805,-17.425843411161214,,5.929999828338623,653112.3910937309,NASDAQ
BUI,-1.1076559764403693,-6.726792183061658,-13.89119954998641,-5.742061041588508,,24.690000534057617,2618843.6666469574,NYSE
UGI,-0.2354983838669944,-4.428121035822008,4.545453450787074,-0.049380707695123593,,36.779998779296875,76388820.82470703,NYSE
AEP,0.7085160435567506,-3.0828907377009385,-12.7054432720906,-9.397335599692692,,119.7300033569336,372167904.3246689,NASDAQ
STNE,4.354290981429321,-1.2660755022970593,-10.06772833329379,-30.10385525522239,,11.539999961853027,339009067.1393614,NASDAQ
XIFR,-1.7968598663164026,-12.533692087962123,-15.107913332522916,-1.2552280461511023,,10.1899995803833,16906635.90379715,NYSE
USAR,-11.054695511325496,-21.91062045118557,-29.27739208206247,-8.186824248699132,,13.649999618530273,132366025.55083275,NASDAQ
ITUB,6.839911655950592,11.486313004838689,6.448462067370753,4.986749417996772,,9.920000076293945,1123594691.201479,NYSE
WSHP,-10.471733128683159,4.124509639318696,-28.122485694277255,-11.361379108479719,,4.869999885559082,401448.7005662918,NASDAQ
PKG,-3.2732837570906392,-1.8317462834671283,-2.7974975791889567,10.332983961678988,,229.30999755859375,112252059.31488037,NYSE
KWY,1.7402658313776964,-7.787856352806843,-10.057691611834507,-10.676088978688568,,9.319999694824219,369239.7479095459,NYSE
FGBIP,-2.6384575735508564,-8.273731272622896,-13.34038418457265,-1.0430099873695142,,17.183000564575195,225836.1764202118,NASDAQ
IEAG,-0.039201209742012466,-0.29324880590274605,0.2752679865161811,2.0000019073486364,,10.180000305175781,2779140.0833129883,NASDAQ
MGIH,-3.405653426477828,-2.959047026128192,-1.0639730023473404,5.8501461232786545,,1.4900000095367432,17154.370109796524,NASDAQ
EXLS,1.565728003772171,-5.868280996199471,31.52852217867208,15.53366595379595,,35.900001525878906,102135683.84113312,NASDAQ
CDRO,0.3134788241054176,9.01658026596792,0.6922591214136853,13.892512702910075,,9.449999809265137,36127.34927082062,NASDAQ
OGI,-9.972654454593489,-17.21709982006293,-1.7704381922000079,-26.188341089242883,,0.9369999766349792,630275.8452834487,NASDAQ
KEN,-5.150265296149459,-7.676317150848089,-10.470655551512763,-26.516078926316645,,61.209999084472656,532526.9920349121,NYSE
ZDAI,-6.498461503248953,-5.97772323624951,-21.51859555300585,-58.0623792500053,,1.440000057220459,6775.2002692222595,NASDAQ
NUW,1.10786463031054,-5.426021124325187,-8.64729377972716,-7.723631741838677,,12.890000343322754,2626994.9599695206,NYSE
INVX,-3.2604872511146854,-10.007843843479314,13.93693632642632,12.733378054713661,,28.40999984741211,22295997.42024994,NYSE
AEC,-7.591479360073583,-21.411983690619007,-20.860613936117367,-37.95379505636846,,3.440000057220459,58197.920968055725,NASDAQ
VNME,0.3500589360340589,0.4281826908111963,1.0377926176083907,2.198458288817373,,10.3100004196167,8796131.508002281,NASDAQ
CMSD,-0.7472961879846807,-3.5635820950570607,-8.775417187481448,-9.35704024711127,,20.43000030517578,1475434.1920394897,NYSE
SLSN,-0.01219569193615655,-9.503313182709206,14.192195952439612,-28.580139779954404,,0.809499979019165,24008.150377750397,NASDAQ
TUSK,-3.997294175311439,-9.456870741343316,-9.745225755286901,15.862631672900918,,2.8399999141693115,225336.95318984985,NASDAQ
ANIX,4.031678809078421,-11.29527267328494,-5.059132585276515,11.669244590620465,,2.950000047683716,1089544.1676113605,NASDAQ
FXHO,-4.002732072542936,-17.077075834079004,-16.086360833560843,-62.093292287348454,,10.069999694824219,344514.8295593262,NASDAQ
MFP,-4.192088872219902,-8.642575713165968,11.064081662810722,,,42.540000915527344,33297632.696617126,NASDAQ
ADC,-1.6200987094847852,-8.906994254990908,-14.128177947731634,-12.523457822422401,,65.58000183105469,144046474.02191162,NYSE
FNLC,-1.3121829089857817,-1.9923541675844758,-2.9924336515695704,19.261396757480465,,34.209999084472656,2603859.8703155518,NASDAQ
BOE,-3.079471180017679,-6.12572116076846,-3.4630612954819395,6.436363567005521,,11.670000076293945,1748527.7814311981,NYSE
NKLR,-6.02739796537376,-34.67910747633635,-27.484143652385107,-24.04782925901533,,3.440000057220459,590011.609814167,NASDAQ
AESP,0.1604774608120696,0.08017631257244417,1.277892677589687,,,9.989999771118164,25784.18940925598,NASDAQ
VFC,3.230925612660429,7.527043565650682,-13.521024105166912,-14.787473695041642,,14.270000457763672,124937635.55784225,NYSE
VHI,-5.67745124504091,-16.36623550203845,7.123751145486645,8.189961943879265,,14.75,170480.5,NYSE
JUNS,-10.8811993146814,-29.673422387864655,-84.70768309209664,-90.70165647601264,,2.4200000762939453,36147.54113960266,NASDAQ
DLPN,-1.60405643512469,-6.429071901804273,-5.267731700216805,-29.420079713693614,,1.1029000282287598,10747.760775089264,NASDAQ
GOGO,-6.6551404230831395,-16.730916215023996,-38.35616238891064,-47.08476104126844,,2.140000104904175,8432892.97338581,NASDAQ
NICM,-4.105263425592787,-17.95256688485748,-11.923945411166159,,,5.400000095367432,54340.200959682465,NASDAQ
TPST,-8.558539861812687,-24.231775216642284,-24.528023276861777,-49.07537771073835,,0.7925999760627747,122566.07509839535,NASDAQ
LOAR,-3.355497120262696,-10.684241036376129,-22.401838256572802,8.549692981830237,,62.349998474121094,31249881.585227966,NYSE
BOXL,-2.56838496118712,-23.508198167328796,-4.87257968201641,-36.87770589927811,,4.610000133514404,102613.99297189713,NASDAQ
BBGI,-24.814303957095195,-37.19634239179829,-52.262190942246846,264.81367661006124,,10.369999885559082,542516.9140129089,NASDAQ
AMLX,-7.221476014366601,-16.81991249140521,57.251996317414886,97.86849139364726,,27.780000686645508,26123395.905698776,NASDAQ
NOEMU,-1.8240005493164069,1.1206333428527948,9.08444383409288,9.964158594331884,,11.729999542236328,224934.47122192383,NASDAQ
RBRK,3.9050855594077394,29.106893816317037,39.3904786652304,138.6752458504601,,122.68000030517578,496613180.39536285,NYSE
ZION,-0.5630425052041255,-7.038087207707678,-10.31865982794783,8.93717328301673,,63.279998779296875,82734042.24401855,NASDAQ
UNH,-0.8523396128363836,-6.141690706445713,-12.111879624005928,36.0972297570195,,378.5799865722656,2116461258.0119019,NYSE
PSIG,1.8165700175269972,150.59977807832158,264.1838312301742,-26.464001464843744,,4.599999904632568,3415131.9291973114,NASDAQ
ULBI,9.042197836669974,4.192002932617234,5.748619537862565,-0.3061831851274066,,6.429999828338623,136470.31635665894,NASDAQ
IQST,2.236420325912447,8.98254300742176,-6.0550467384633215,-38.71933125229536,,1.0099999904632568,188078.15822410583,NASDAQ
GCLWW,-19.01408318916198,-28.005007188286722,-39.769554378805516,,,0.015200000256299973,6.080000102519989,NASDAQ
DFH,-6.892932958081288,-23.644189835752925,-36.179397222018395,-24.014847200648592,,9.880000114440918,15152254.69550991,NYSE
AMPG,-7.448400314761027,-7.420704883182106,-51.98634348433616,64.39957789016022,,2.9700000286102295,3273293.4615318775,NASDAQ
OSPRU,0.0,-0.08001974119160593,-0.10000228881835715,,,9.989999771118164,0.0,NASDAQ
BCSF,-0.5573542255565389,-7.120068364755716,-12.303791188784285,-10.93397749503664,,10.899999618530273,6310554.779148102,NYSE
PRCH,1.3531303528553806,-3.318292124115174,11.706480062838542,133.87675639848518,,17.350000381469727,15369306.987920761,NASDAQ
AVTR,1.1240417650834278,4.524332180620538,50.531498849395675,95.67553603701057,,15.8100004196167,129330451.57258797,NYSE
SGP,-6.61577500879349,-6.000732287870858,29.10845417473642,8.095599465968073,,25.59000015258789,3406003.4303092957,NASDAQ
AWR,-1.0234600383480674,-8.116343256828918,-1.6808504866046348,7.088014340790916,,81.76000213623047,22701727.47315216,NYSE
JZ,-5.208506393107692,-61.40746988078119,-87.20101340246684,-98.23008641820452,,0.47110000252723694,105963.58136844635,NASDAQ
EVOXW,,,,,,0.3100000023841858,24.800000190734863,NASDAQ
CNNE,-1.0602950598659122,-1.0981990193704716,6.4165994051970765,33.557513954702635,,15.59000015258789,5331281.172180176,NYSE
TTD,-5.013402484217044,-14.792815772173606,-36.45855284337364,-45.69136402937117,,11.979999542236328,294832317.174263,NASDAQ
SMG,-3.211314287417477,-17.02669216203062,-27.00353597932754,-20.399048419078603,,49.099998474121094,55973752.760505676,NYSE
PHVS,-5.4785416296412315,-11.127553867536143,-8.26087239120773,10.01972745719437,,30.489999771118164,24883102.24320793,NASDAQ
PDO,1.3137681429786996,-4.824492973220984,-10.477914625257744,-8.702336921469467,,11.789999961853027,16208962.687555313,NYSE
JSPR,-1.6345514463334543,-15.405714511871338,31.474244527340133,-25.00506631930104,,0.5928000211715698,222859.61115932465,NASDAQ
ESRT,0.14591773700876054,-7.750893946823645,-25.935250042598025,-19.25489798255805,,4.230000019073486,29715957.403992176,NYSE
CPBI,0.01001716212651882,-5.359426443641391,5.020718239940414,15.15221310503334,,19.75,185650.0,NASDAQ
WNEB,-0.6046646646462484,0.8766808666692549,-4.1776547132735375,5.9058143982996025,,13.84000015258789,584933.7664489746,NASDAQ
MBX,1.235903046838116,-5.804963339549396,0.4677425261995438,89.09031175616049,,58.540000915527344,34140762.69393921,NASDAQ
DMA,-1.5243099292171824,-1.8467581636926633,-1.3246248340180289,-7.2524748911005466,,7.480000019073486,37257.880095005035,NYSE
CALX,1.5653621073587365,-8.523090131232614,-9.395583060203327,-28.31651713337572,,34.34000015258789,33113512.70713806,NYSE
CFND,-2.772405332183092,5.528343006025893,-3.64217213068988,-20.253833710264146,,2.990000009536743,50480.170161008835,NYSE
LTRX,6.927441587091754,36.159694612454494,26.716205423740846,35.489974178446815,,7.130000114440918,4385114.060383797,NASDAQ
PFG,-1.73533825457588,0.07311429295446814,1.4737516256490224,24.804837297050586,,111.02999877929688,155756768.33755493,NASDAQ
TFC,-2.194093148919596,-7.968397701458252,-8.908711596666308,-0.13785959688812355,,46.33000183105469,483733448.64811707,NYSE
BLTE,-3.3682922608824772,2.8044418666751225,8.423275671023966,0.16036400978987064,,159.17999267578125,21212803.363952637,NASDAQ
WHG,1.0135125338900597,-0.8189083710282152,-3.2949245671943794,17.47084028108581,,19.030000686645508,271291.68978881836,NYSE
ARWR,-3.93731168285677,-23.434463709172913,-22.989082723290387,5.765830893827206,,62.349998474121094,140247779.61774445,NASDAQ
WBUY,-0.4061175096872205,-8.914135803551948,0.2645511633277309,-14.534645285583547,,0.7549999952316284,92276.09941720963,NASDAQ
CTNT,-45.96078442592246,-98.63496780867858,-98.90504569158604,-99.99354959510771,,3.130000114440918,5455377.359462738,NASDAQ
ODTX,0.603716053454062,-15.625001320356047,26.213020148937982,,,20.84000015258789,3579936.906211853,NASDAQ
HTGC,-0.8483532829601681,-4.613463961855091,5.5966872400948775,14.318705231333073,,16.690000534057617,19638055.46839142,NYSE
GSIT,-1.4978621489305621,1.35779774517093,-21.3105424917874,5.94553206321129,,5.639999866485596,2133939.069483757,NASDAQ
HNVR,-3.24695142228677,-5.473229902267029,8.672202043558919,17.689595687362036,,25.68000030517578,978022.8116226196,NASDAQ
DLO,-0.9343804323553861,-8.673066017064446,-4.444445115147621,9.500158712641294,,14.520000457763672,35587737.04195404,NASDAQ
AUNA,-1.6810001157979815,-3.676750570405729,-3.3064210916824655,-9.88892940457562,,5.059999942779541,535241.7339472771,NYSE
OVID,-3.981079056368386,-11.224489494472845,-9.30752043027967,10.828025988970147,,2.3399999141693115,2745358.0993008614,NASDAQ
WFCF,4.844591075989557,-11.492231356638506,-15.184718769765226,-7.179095928492463,,12.760000228881836,212900.60381889343,NASDAQ
DBL,-0.559727734342208,-4.7007338674528665,-5.751778480109426,-6.689702920899398,,13.170000076293945,6906295.36000824,NYSE
ZBAO,-1.0878658192208013,-43.03614427462287,-78.11111100533125,-87.1696066879613,,0.08879999816417694,153279.7192311436,NASDAQ
NVAX,3.4450479778881826,11.819472018411847,16.487456458323457,38.40180407848419,,12.5600004196167,357905916.03726864,NASDAQ
HBANZ,-2.0341832397871684,-2.4535417331083997,-5.492619847850843,-8.866564591639293,,18.56999969482422,575614.2805404663,NASDAQ
MMED,-3.584997808546575,-10.337017337380727,29.558845413624258,39.41400414114167,,20.15999984741211,309391626.7782631,NASDAQ
CPOP,-31.52602333185306,967.9581837130602,275.0540014220149,13.645291566891293,,3.2799999713897705,38192.31966686249,NASDAQ
AZIO,-7.467281041438789,-1.636659678387764,-33.44407519927951,-28.791468784305764,,1.1699999570846558,227645.7216500044,NASDAQ
ALVO,-1.8008841464916436,10.727970118643103,62.08637251278475,62.54218302514691,,6.110000133514404,17709413.79698229,NASDAQ
DRS,-1.322724435544076,-2.528152690326968,-16.55147409464599,-19.032914159263946,,36.599998474121094,27254298.663749695,NASDAQ
FOXF,-0.042841796685666456,-8.688844515142835,10.811614834753591,12.515072342991962,,19.229999542236328,17509741.473186493,NASDAQ
CNO,-0.7245826976744807,-3.4581194033319496,2.360064251071714,30.27598966170175,,54.029998779296875,39343240.33111572,NYSE
ODFL,1.0385064802479027,-7.269334093790536,-17.97797400787119,-9.71714509070425,,179.3699951171875,322558551.03930664,NASDAQ
SERV,5.730337507269345,-3.1494436710045925,-26.300125190667643,-43.14886345724067,,4.880000114440918,12966633.66408062,NASDAQ
FHB,-0.5187960841093076,-2.9283490531143097,-16.93435287231646,0.26546838137275763,,25.040000915527344,51391997.71902466,NASDAQ
ELF,2.0622822360543136,-3.4248137952082702,36.29365217206142,68.01134745547601,,103.75,129315245.0,NYSE
NIVF,-79.64912308862151,-90.84595986440019,-97.40283006306893,-99.393749356853,,0.10999999940395355,3180503.5727661103,NASDAQ
INTA,1.1057686882889106,-14.410746226617066,35.730723200406736,45.423459222942085,,37.380001068115234,18474243.167892456,NASDAQ
MFIC,-2.2706860865458145,-10.111665085360555,-13.320038941860767,-22.911864188928654,,8.510000228881836,6064090.003097534,NASDAQ
NWN,-0.38164766645899517,-4.740279150267179,-4.496302559984711,-12.911956193162077,,47.189998626708984,13826528.027629852,NYSE
JVA,-2.3209866182303585,14.999999306922751,16.35294241063736,-5.674773686538758,,4.0,148156.0,NASDAQ
PBYI,0.4535172623999051,4.525955846270091,20.202270699960966,47.354098103902544,,9.670000076293945,2878024.102706909,NASDAQ
EXFY,1.2367479444453489,-8.173078668158674,29.93196974576375,165.4621199023428,,2.3499999046325684,1207824.750984192,NASDAQ
TEVA,0.5538055859556801,8.271788930682899,15.130888941625464,33.165118241048305,,39.65999984741211,164495243.12712097,NYSE
MCB,-0.668246766877234,-3.4220090668852454,-11.138262706399594,5.528374086628229,,88.54000091552734,12742854.011764526,NYSE
SLVM,-8.14256357726717,-6.977266609527222,-13.516337005186784,-21.522945565515183,,33.369998931884766,19618856.40203476,NYSE
CVI,3.95728250151699,25.681959306193967,88.24894837956717,62.84827880642352,,56.939998626708984,46653275.414806366,NYSE
FIX,2.84815413257391,8.847358695372565,-6.832530258957736,21.83419786091454,,1713.0699462890625,430105610.6246338,NYSE
LVS,-4.940863989568611,-16.27130944256614,-19.998277657717733,-30.863186410052258,,36.61000061035156,214638759.0283966,NYSE
IVAI,,,,,,10.180000305175781,2481110.394378662,NYSE
RNAQU,-0.5295523314593487,-0.5100190957732842,,,,10.12030029296875,175293.72137451172,NASDAQ
FCBC,0.4606558922345849,-2.2453408359949023,5.870041505156909,13.753173110934846,,47.880001068115234,4607923.422794342,NASDAQ
FABC,-0.3463220817034207,-10.497668383076519,-28.68649413098835,17.090536132196043,,2.309999942779541,184709.90542459488,NASDAQ
UTL,-0.18063114621124088,-4.968408989856343,-3.609888039097031,-4.144197715102916,,50.650001525878906,7847812.5364227295,NYSE
ESQ,-2.8359811160211246,3.3220155211589386,-2.274608138148859,9.237602953767276,,118.0199966430664,19510829.805038452,NASDAQ
ATR,-2.5808391156360133,-7.387985799951647,-4.007097284311278,-3.5516978229729546,,120.61000061035156,49827730.16215515,NYSE
FBGL,-8.479532119577515,-4.621635714409999,-31.259148069653342,-34.972298700172956,,3.549999952316284,37622.89949464798,NASDAQ
TTMI,0.5555275139350391,9.121580188478928,-21.934156447074425,33.86347716503324,,133.13999938964844,306742176.57380676,NASDAQ
MGPI,0.3859245323550864,-21.744885212844846,-23.440075020283256,-29.924567649484235,,12.770000457763672,4973915.17829895,NASDAQ
OPFI,-4.052330732547249,-15.104461801089608,-39.117231249646046,-21.282723901538525,,6.039999961853027,3835001.33577919,NYSE
LNG,-0.5466387500689951,-6.960118517767722,10.049676570586286,-4.571892244733567,,274.92999267578125,462838869.13983154,NYSE
WLY,0.7965127519856674,-7.594156317675315,-6.479965991476111,25.02080261652695,,48.540000915527344,21008160.93624115,NYSE
WSTN,-0.27510945328659275,-0.21628306088955496,0.5946428645691837,1.6219453108057946,,10.149999618530273,21436.799194335938,NASDAQ
AMSC,-2.7892900235076623,3.1481238231681363,-23.12454351685127,-9.576549924448363,,29.979999542236328,14614500.276851654,NASDAQ
PRGO,-1.1860951920890428,0.23509898396825157,34.22222077012555,37.01323196959292,,14.4399995803833,27124412.89178276,NYSE
JOYY,-0.16189351737272428,7.648515287136282,18.207020280442677,37.759907305098686,,80.5,21804391.0,NASDAQ
OTLK,-9.511450844039992,-6.690807173381453,-59.89851256812714,185.7762740521554,,0.5954999923706055,2697461.9219408035,NASDAQ
PMAX,-33.11549047651101,-9.19493921010769,-56.12321782722209,-74.4593947011548,,0.8187000155448914,4024698.165818095,NASDAQ
HAO,-8.496953932317297,-13.944601236986355,-87.3217635492115,-99.8978859393529,,2.634999990463257,106032.39961624146,NASDAQ
UPC,-6.851520821636559,-3.8512019311884083,-27.491748750065025,54.827344456912556,,4.340000152587891,34034.28119659424,NASDAQ
VTN,-0.2542370467033983,-11.303692555810175,-18.107496762666354,-14.02483614513419,,9.420000076293945,265926.6021537781,NYSE
NGL,-0.30999588892707264,-16.281591483083236,-0.10354513305040891,24.24340021918543,,15.75,2290239.0,NYSE
IBKR,-3.2964082602799705,-6.621704599358713,-5.93275307257779,29.767483141828954,,89.05000305175781,261393816.9580078,NASDAQ
GRWG,-2.402023453334834,-4.3370510727011595,3.7634404467246307,42.435422877133334,,1.559999942779541,320789.02823352814,NASDAQ
SGC,1.9319070795314808,5.0938758071587875,-1.1820715495542977,25.55100128175909,,13.0,386230.0,NASDAQ
WAFD,-2.671904122502178,-15.618195920937673,-21.08477814128299,-4.298554838043134,,30.170000076293945,36733091.3828907,NASDAQ
HCTI,-15.371839745954786,-17.87587052247881,-63.60447740433032,-73.43268498261872,,0.6068999767303467,559707.4345397949,NASDAQ
IPXG,0.07961965555385309,-0.01988133135969461,-0.867503310314166,2.319906928837945,,10.0600004196167,1050777.1038293839,NASDAQ
ORRF,-1.035147577265938,-1.9088523095029175,0.4544993050509927,13.500824025135305,,41.400001525878906,3533283.1302261353,NASDAQ
RSG,-1.2745036246735508,-5.637545650964282,-2.865540963031399,-4.906821584281962,,212.8300018310547,263223464.00460815,NYSE
CAAS,-5.040000915527343,-11.54992683996251,6.266788820084956,13.155390031789205,,4.699999809265137,289529.38825035095,NASDAQ
CARE,0.9450915649210856,-3.308683229544196,-9.315396067985693,29.82110774230897,,30.549999237060547,3717079.507171631,NASDAQ
EXEL,0.9952990210613688,3.0320118786585137,5.566593200821246,34.83436172401013,,58.849998474121094,151841588.16300964,NASDAQ
REGN,-6.006296699203018,-9.904464447707007,14.764743258063007,-3.1068975775072505,,726.469970703125,504669971.0078125,NASDAQ
ARDT,-1.9216268002174908,-4.283873866847632,-0.5919409330147118,20.7888630135586,,10.550000190734863,3772289.71819973,NYSE
NRIX,-2.740241723187997,-9.735234700674066,-3.304861934169523,51.52046484081638,,22.8799991607666,18702317.234003067,NASDAQ
DVN,-0.9341473622761054,-3.0074550120939403,14.950441251194624,-5.665746285813656,,47.97999954223633,466887521.98555756,NYSE
LEXX,-8.022042199563707,-74.81133625604737,-64.00670805806831,-77.87597532128528,,2.7699999809265137,100431.8893084526,NASDAQ
VRT,-0.2642886591341931,-4.295846104272205,-20.9603919597658,-1.7892912123056437,,253.6199951171875,1100040968.4014893,NYSE
FLYW,2.6196297776097,-5.626640657806636,-3.945073014495959,50.9505057560836,,18.170000076293945,22077313.232700348,NASDAQ
SMMT,3.671025949155715,14.71190708107748,10.284850424108406,-9.5932413234467,,17.270000457763672,90631978.01231766,NASDAQ
ARBK,-7.2776716764109795,-23.103211925257426,-35.46351596717876,-20.662904540259873,,2.2899999618530273,28682.249522209167,NASDAQ
CTNM,0.09420697128592614,-24.689897550252272,-17.013798160304884,-3.1890652179854095,,12.720000267028809,6466809.975756645,NASDAQ
RFAIU,-2.4010912676154406,-5.751963197785937,300.16258631519355,308.7269363019466,,42.119998931884766,1121487.0915603638,NASDAQ
TOMZ,-2.513967382673832,-15.802170673191684,-44.338117700902636,-18.93147381977056,,1.5800000429153442,161983.184399724,NASDAQ
HL,-5.583813587003106,-15.739094959122625,7.584731535993483,-8.507445230043565,,17.010000228881836,634769747.9912853,NYSE
BCCQU,-0.034725577519001405,-1.0768345384456701,2.0760958017147724,,,10.19219970703125,14014.274597167969,NASDAQ
AMGN,0.16203743990139685,-5.894722070970748,12.351678954022628,17.98651960724291,,402.9800109863281,1250573106.834015,NASDAQ
CMSC,-2.059942103599033,-4.9369838439998865,-8.483850958154736,-9.442136684996072,,20.270000457763672,850590.029209137,NYSE
DMII,0.275672632415902,0.2756707493730026,1.0316407962133178,2.033661322020408,,10.1899995803833,22468.94907474518,NASDAQ
INVA,0.15406822317094448,-1.4310103579224909,-6.288854560393508,-10.04929596434354,,20.639999389648438,20498863.07382202,NASDAQ
FMBH,0.052755892006017824,-2.0071554077176756,1.5905066678453261,19.037271131520008,,49.66999816894531,7654643.417816162,NASDAQ
BKU,-1.4546105983192281,-6.1340807131535335,-12.226320688792624,-5.408272131787872,,43.22999954223633,35752765.901412964,NYSE
HKIT,-5.528759588031806,-11.94577038474759,-49.23230454473633,-98.45274995069524,,2.5,72037.5,NASDAQ
DCX,-64.72174068168559,-96.75637392480989,-97.80651338139353,-98.68617327517907,,3.380000114440918,273418.3492574692,NASDAQ
VALN,-6.263770230345822,-11.051374802850699,13.642431893852859,-3.217420372339941,,5.815000057220459,403438.8889698982,NASDAQ
BPRE,2.2697773312729375,3.7329378786801426,-3.1475542215015917,-23.446604609320843,,12.729999542236328,8199354.515155792,NYSE
EXC,-0.13769115647928043,-7.687062273553291,-13.726737242294417,-17.20890355433574,,40.81999969482422,368475157.0252304,NASDAQ
VIK,-0.9015103930018475,-7.930212237572842,-21.871556609011755,8.308083353658468,,81.02999877929688,269571248.1789551,NYSE
BWB,-1.3637681165836968,-3.964592683537127,-4.664859122323284,14.071585907877026,,20.43000030517578,2913318.0435180664,NASDAQ
HGV,-2.124072150339018,-17.62591644515895,-32.834611638646884,-12.674219841237754,,34.04999923706055,40916045.38321686,NYSE
CNL,-6.277819221583347,-22.35503541067667,-4.578838024651488,-31.29289844324552,,12.109999656677246,2354147.6032590866,NASDAQ
SIRI,-1.470591355676365,-10.076498738284922,-14.624325424653616,11.062438563650323,,26.309999465942383,135089665.7278614,NASDAQ
CNXN,3.0713746090956784,13.105342358388562,24.532052342846434,54.81827941244952,,92.4000015258789,22623678.37360382,NASDAQ
GROV,-0.7619063232491396,1.0277264814135378,-15.559161502347719,-18.210364272710212,,1.0399999618530273,58884.79784011841,NYSE
PRFX,-4.3747431066774585,-3.5414940641255166,-31.92825841878949,-56.36508640346485,,0.8842999935150146,60875.21155357361,NASDAQ
HYMC,-10.441844189316951,-17.795398505456493,-17.720531252434533,-45.07874069006641,,18.799999237060547,28882570.427890778,NASDAQ
CHNR,1.0824744314199108,-1.605624056000643,1.7644001790650954,-4.154448394263699,,3.869999885559082,8773.289740562439,NASDAQ
KRNT,11.023366298319214,4.815451659678938,8.460859484306926,16.28474607306012,,18.229999542236328,6031121.898555756,NASDAQ
JPC,-0.4094774528689893,-7.523085192863343,-13.424865861209135,-10.158309938116862,,6.630000114440918,24395430.18109131,NYSE
UNMA,-1.008794121602763,-0.023369187957444915,-2.355305650439299,-6.918458596724553,,21.15999984741211,300323.87783432007,NYSE
TAP,0.49431621210931365,-9.461128934467023,-6.6050730625223375,-15.829422982029461,,36.52000045776367,142884209.6309967,NYSE
EQBK,-1.4818195757750119,-4.502294359131942,-3.535868510355855,6.645397649878415,,47.540000915527344,5949250.794570923,NYSE
WCN,-1.3115290708962002,-6.99360678456411,-8.623047876539802,-6.159766359184782,,154.3000030517578,250631192.25700378,NYSE
MYE,-0.6208422805625502,-0.6523108181033743,-3.01700331398721,48.93192643331283,,31.920000076293945,7777978.338590622,NYSE
EWTX,-1.8848681549069934,-4.147881788449437,-0.2961969161872524,25.384897391738683,,40.29999923706055,63528515.797309875,NASDAQ
BULL,-3.6788408585721855,-23.64835948934374,1.4710055421967017,49.89552822796235,,7.360000133514404,61643894.558253765,NASDAQ
RMBS,3.630845125374793,26.65586753833542,-8.362918994110224,22.333093974690144,,110.30000305175781,155098459.5912323,NASDAQ
MTUS,3.8294730624985673,1.4784949496772226,7.644219445082467,20.933954529853025,,21.040000915527344,12644114.79019165,NYSE
SANG,37.8804980480856,26.277748485238874,28.264288505331557,25.823045093366503,,4.840000152587891,1123823.8354301453,NASDAQ
OXLCO,-0.19101387585485075,-1.4830389485947504,-0.9664411779141124,0.9649281646116892,,23.560100555419922,31570.534744262695,NASDAQ
BEPJ,0.4655886042177926,-2.7429599585321984,-9.934012530210056,-5.971946903643966,,22.3799991607666,565520.1987934113,NYSE
SNN,-0.8593228012289456,-7.094758325222628,-10.07256960531353,-16.47631610000667,,26.920000076293945,50450583.70298195,NYSE
AGNCN,-0.9393028517077795,-1.4714929922979403,0.2252013671958819,1.8143625225420568,,25.341400146484375,729401.5204162598,NASDAQ
IVDAW,,,,,,0.021199999377131462,0.0,NASDAQ
MTRX,2.595545625578888,-6.6046515176462535,-22.804859272030754,-12.96810065245344,,10.420000076293945,3850981.948196411,NASDAQ
SIGIP,-1.018300687594298,-3.105118428010256,-5.4515994140295625,-6.07365880352474,,15.109999656677246,153638.47650909424,NASDAQ
PCAPU,-0.07632305980499465,0.1721484303237597,1.0808732594039805,2.165428595487051,,10.470000267028809,22144.05056476593,NASDAQ
TOL,-0.5317809028255849,-4.688508052942697,-13.619071531521332,0.23028513000380446,,135.3800048828125,145299568.60058594,NYSE
SPRC,-8.110802359000257,-22.789686117710207,-8.293558021123538,27.742684530569626,,4.360000133514404,63228.72193622589,NASDAQ
XRPNU,118.90941627011036,122.94876095207039,129.0631286572984,134.94431501435398,,35.0,130865.0,NASDAQ
JL,-3.10461387317843,-5.114059704718931,-21.303748893059538,-35.036204621543966,,4.539999961853027,23489.959802627563,NASDAQ
INGR,-1.038419204697627,-7.206876453476885,-1.3276804735918968,-14.915068666784336,,96.8499984741211,99641990.23013306,NYSE
GWW,0.40728363387847466,-2.751009490683398,-6.278764336887233,15.535584698306138,,1286.8399658203125,266517425.32104492,NYSE
NFLX,-3.7483856564640816,-16.3064213149813,-8.829640238203584,-29.023764362739122,,67.5,2435968890.0,NASDAQ
REGCP,-2.3404751784962374,-6.7871428441066195,-5.620731436366933,-4.485945161464233,,21.854900360107422,76273.6022567749,NASDAQ
BFAM,-2.0128260749124216,-12.130919410396345,-13.616778620126468,-22.201473296841645,,64.20999908447266,43640582.71775818,NYSE
BBT,-0.021378669323612876,-9.821313134153886,-7.697368922986481,-6.783603067101762,,28.1299991607666,19119285.3095932,NYSE
OPEN,-7.614607830518361,-24.507937355647,-51.15037061648735,-48.3716890822924,,2.309999942779541,62147506.19055891,NASDAQ
TDAC,-0.23932274516066387,-0.0645491081584515,1.3275991851612545,2.4385614257564248,,10.824999809265137,51472.874093055725,NASDAQ
CPAY,-0.7776990149266916,-4.175207915654022,13.04530562425863,34.51966343064867,,401.7200012207031,193378367.3076172,NYSE
HOWL,-5.576207775734876,-4.4314383500218435,166.27839291714918,-1.4230255675270143,,0.9300000071525574,220801.53169816732,NASDAQ
IPFX,-0.03980190524197624,-0.5740281295039229,-2.786917951138468,,,10.039999961853027,247506.07905960083,NASDAQ
MSTR,-1.758606217815195,21.367543431823677,65.41463050172496,28.57235065089794,,164.42999267578125,2946738224.213196,NASDAQ
FMFC,-11.20202023622856,-20.081818212605707,-34.736450446867806,-54.56847577185165,,0.16009999811649323,22144.071139484644,NASDAQ
DVA,-1.5811681530876087,-1.1198348060411645,-23.5035996236595,17.520279369137004,,178.72000122070312,80773755.59170532,NYSE
PSQL,-13.649022823844026,-58.05709573692741,-40.16598958427862,-38.12375201437524,,6.190000057220459,3292919.0904397964,NASDAQ
HQL,-6.164664124837193,-13.136726911539022,-10.080283705491599,9.472668398662876,,17.68000030517578,2774045.0878829956,NYSE
DAVEW,,,,,,1.5499999523162842,135417.29583406448,NASDAQ
NXL,21.743778874956444,-17.35187478371696,-48.91629221614829,-48.45399665865171,,5.429999828338623,1759444.8343777657,NASDAQ
OABIW,,,,,,0.38999998569488525,0.38999998569488525,NASDAQ
LNC,-1.9073060589296809,-7.4669254064006925,8.573269996024258,15.510339032793553,,40.90999984741211,77120913.47235107,NYSE
ODD,3.354596606358551,31.408193277282905,10.6701194521154,36.942583468462665,,19.59000015258789,23076608.78974533,NASDAQ
SNOW,1.3435477813536156,3.067242149290905,30.07834472702875,122.95740317790353,,338.989990234375,1106971813.1103516,NYSE
VTGN,-3.8120809611068784,14.656003888320956,18.446284238419807,-49.71228001651195,,0.2632000148296356,497921.78805470467,NASDAQ
FGBI,4.120878172083575,-1.3954592155018153,-16.51982552152369,-4.314897957615759,,8.699999809265137,498188.0890779495,NASDAQ
EFOR,5.231670608008132,9.544993955840475,94.1216203227135,-10.623736914334614,,36.13999938964844,40642067.53361511,NYSE
LFAC,-0.0396913236870966,0.0993625543795229,0.7399978637695259,1.3990915721818764,,10.069999694824219,0.0,NASDAQ
YMAT,0.502793484905939,-22.9467824150278,-46.036746676197446,-5.811518410384697,,1.3609999418258667,54332.478677630424,NASDAQ
BRLT,-2.0057287749863595,1.9374067733616496,21.061948004283515,5.392910596138822,,1.399999976158142,93377.19840979576,NASDAQ
IPVV,-0.12172746193713779,0.020315471270881957,,,,9.850000381469727,1516003.7087116241,NASDAQ
VGI,-1.5821870403736171,-8.424211024308603,-10.259150868818844,-8.871406527181403,,6.659999847412109,232314.1146774292,NYSE
PASG,-11.07946325281316,-5.314284104567301,-9.643453610774422,-44.36725081887115,,4.090000152587891,73345.97273635864,NASDAQ
TRTX,-7.219569214898003,-19.82469602460898,-25.93474505598561,-20.01028633912181,,6.019999980926514,8226968.093934059,NYSE
AIXI,-18.873085629558805,198.15037825162415,-23.319545038669,-70.3162528944641,,1.5099999904632568,1831442.748433113,NASDAQ
GNRC,4.138683380421249,15.824930135779503,-19.11097537901798,9.240940683273745,,215.1999969482422,200241445.16036987,NYSE
RADX,-8.818760392895497,-35.16629817339862,-65.84112115380691,-66.4370995761185,,1.2699999809265137,103555.79844474792,NASDAQ
AOUT,-3.2527970643780435,61.24533943425136,25.137199353623952,80.35813063991036,,16.600000381469727,2305922.652990341,NASDAQ
TIGR,-6.827818752699155,-11.500503468963885,-3.4285702548184194,-30.584517532925602,,4.400000095367432,10808160.23426056,NASDAQ
FVNNR,-9.063647951026176,3.4441013635742923,33.33805980141014,,,0.1899999976158142,287.6599963903427,NASDAQ
GLW,2.549411344538921,8.5969462198628,-24.36587771749046,13.564419755680102,,159.3699951171875,1041830185.3101807,NYSE
FBK,-0.750968417443787,-7.719432906507029,-7.0177308668527,-0.5699506821587041,,52.58000183105469,29161920.61553955,NYSE
MDXH,-1.7959366275038913,-20.797891258295454,21.384739032358357,-74.19474718517063,,0.5968999862670898,74192.2806930542,NASDAQ
LUXE,5.8759954760938315,29.1095886238109,26.054526059733508,24.233203852404237,,9.75,1384158.75,NYSE
CIFR,-12.248639644672455,1.4840020124329056,-27.92024118299896,24.005022140680566,,15.479999542236328,457458475.8323593,NASDAQ
GILD,-2.5988588578030103,-0.7498925493795272,13.493958701173181,5.942373462789674,,144.6300048828125,821274685.1168213,NASDAQ
RZAI,,,,,,12.90999984741211,4974700.61120224,NASDAQ
ADAMO,-1.2883204393684289,-2.9404305079680726,-2.5624898894088255,0.3757009746746309,,24.19499969482422,1598055.5348434448,NASDAQ
NTCL,-5.848086045509082,-4.881719447754518,-61.960124520487845,-92.63391352684735,,1.9005999565124512,5918.468264579773,NASDAQ
MITP,-0.30661693719975514,-0.2169551682865145,-1.1141075412692936,0.9981618447513885,,25.229999542236328,391872.35289001465,NYSE
ROMA,-0.8210095066136902,-1.2175531744156087,6.063545888746624,102.26641888485082,,8.800000190734863,10463.200226783752,NASDAQ
HCSG,-1.5432657355631707,-5.231019673485138,-16.02196419079629,12.7385080075763,,21.190000534057617,16206091.218446732,NASDAQ
MYSE,-4.97835661197864,-36.92528790756047,-27.91461475149767,13.878081241270834,,1.7100000381469727,35272.170786857605,NASDAQ
BIAF,-19.752930910581423,-17.43190619990852,-48.54510168062976,-89.08997431920957,,6.190000057220459,650439.0160126686,NASDAQ
TPTS,-3.319445395000087,-9.69118562250828,-29.31813578613348,,,13.770000457763672,10506.510349273682,NYSE
NYAX,8.57531650650305,-8.983722260907145,-29.921663282415658,-15.703819100788996,,49.77000045776367,1540630.3641700745,NASDAQ
ABEV,2.1189349198440954,1.979525198101828,-3.1128375310181977,2.1189349198440954,,3.25,183512348.5,NYSE
HCA,-1.0580292952350856,4.193261862525133,5.386935269650994,-9.622697198897356,,434.9200134277344,499641765.3859558,NYSE
AENT,-7.038246316340868,-10.588512889007761,-22.331749257174582,-30.652505128785247,,4.690000057220459,160430.83195734024,NASDAQ
FENG,-1.810586565328809,-5.1144041754505265,-8.796896191022574,-20.518602885386304,,1.4299999475479126,1638.7799398899078,NYSE
MRDN,-10.1858161192646,-13.549422928870436,-13.385019989005398,67.21265487327115,,11.550000190734863,561480.1592721939,NASDAQ
XSLL,0.16029219466362488,0.16029028081268049,0.6847958014203792,1.5231499498091328,,10.0,5112760.0,NASDAQ
CPT,-1.1773809808173108,-8.334434195740581,-16.632583512686104,-2.114520842862011,,97.37000274658203,92847750.33901978,NYSE
PBR,4.365843069876885,8.746733296813169,33.394923135119136,5.074713341100545,,24.139999389648438,1691127102.0218353,NYSE
CMMB,-34.896812340303875,-49.41691017828548,-35.50185996956861,-11.704835554956173,,1.409999966621399,74615.78823363781,NASDAQ
MUC,-2.0379323771009816,-7.699620078637148,-11.80744620601153,-6.580718044652367,,9.640000343322754,8942411.358478546,NYSE
INDP,-35.66137598175001,111.6623166168913,-16.080056318779302,40.57803136816707,,2.509999990463257,902259.6565718651,NASDAQ
AAOI,7.313082464895859,4.529395252047386,-15.710349923049282,16.453827572875767,,121.56999969482422,1126539829.75206,NASDAQ
YARW,-14.594839219977096,-29.34843707062047,-32.60895458619986,-24.671336524831876,,20.299999237060547,2080790.5217971802,NASDAQ
EHGO,-23.287268512792025,-39.74911047491815,-66.80294138869611,-78.44895610233206,,0.6780999898910522,6292693.315190077,NASDAQ
PMM,-1.601996272182582,-10.550159759741973,-15.240723221455143,-8.688470816313554,,5.46999979019165,1667004.3160600662,NYSE
QRED,0.0,0.0,0.8833558888822646,,,10.050000190734863,16321.200309753418,NYSE
GNTX,-1.462671446790853,-2.711084743987502,-10.694535962758799,1.7795904042596122,,21.90999984741211,49387812.67604828,NASDAQ
BGL,-9.617180262575708,-1.9250247235479745,-26.55538838417645,-83.59322036158522,,0.19200000166893005,44404.99238598347,NASDAQ
DBGI,-4.194966767612751,-8.210526242780903,-84.36358899084742,-93.1952327141768,,4.650000095367432,800209.2164115906,NASDAQ
NYT,-0.6155957464166084,-6.353951205608044,-12.735445858482885,-25.22920678581273,,64.0,135483520.0,NYSE
BELFB,0.15134930328171148,2.886274753076856,-13.113849322270287,24.43191024231588,,257.6300048828125,31068890.438842773,NASDAQ
CSHR,-12.663603888967067,-15.474152854536472,26.5504848408616,-42.64808231151169,,4.840000152587891,1739070.1348266602,NASDAQ
GDYN,3.192318944232775,-0.22584372238068084,33.28863830844839,39.606746294901555,,7.840000152587891,5935969.875530243,NASDAQ
LSE,-6.404331190727996,-12.389056009177857,7.3889421157719015,-1.6604404019668006,,4.489999771118164,9141.639533996582,NASDAQ
ELE,-8.746582426552973,-12.274772974767068,8.824216373360173,0.30043197149389744,,18.079999923706055,6065641.094404221,NASDAQ
KIDZ,-10.393464293516185,-42.592152294687224,-79.16450870347573,-99.46781304357754,,2.380000114440918,117624.36565589905,NASDAQ
OBDC,-4.149074962196186,-8.30698907111669,-3.7426248922149408,-4.394800485956518,,10.170000076293945,50894321.241802216,NYSE
EU,-11.98686568131807,-13.548387530939133,-18.16793811716515,-41.54852661865483,,1.0700000524520874,1888510.5025759935,NASDAQ
JGH,-1.0259908216347924,-6.5848933524759845,-8.620145287328185,-5.393919866417008,,11.449999809265137,970856.9338274002,NYSE
BSBR,-3.342618486146298,-4.898935841240892,6.68716467805841,-6.594884169402537,,5.78000020980835,91045684.74486923,NYSE
VBNK,-3.679333524723194,13.681413379819606,-1.6790365374414473,55.260955157397795,,22.360000610351562,2815504.1968536377,NASDAQ
JBI,-1.731396400109264,-14.004912320933204,-21.641789823206224,-16.234541950362104,,4.340000152587891,6770031.338024139,NYSE
FNWB,-1.1999197566855635,-10.869564809353093,-10.53340470361488,10.577137232294032,,9.845000267028809,458471.8174352646,NASDAQ
LRHC,-23.561432180019004,333.23049014758743,78.0797093781171,-65.11710438755674,,1.5800000429153442,91993.922498703,NASDAQ
VRDN,-6.912113651810237,-14.811755337371258,2.366525251972895,8.885308824079917,,19.0,50372496.0,NASDAQ
BGB,-0.2150921054689725,-0.7841715146670203,-1.5735491478997443,0.1439106376802668,,11.050000190734863,3024175.102200508,NYSE
MSDL,-4.344192349125853,-9.90163947056455,-10.27817547766915,-2.303752757274269,,13.5600004196167,9192364.96445942,NYSE
TSAT,-2.918093701156743,7.453101009419449,-0.6366424039595198,23.993599281832157,,46.16999816894531,4398892.745544434,NASDAQ
HSTM,5.031749692458476,3.0892225549475905,7.571044118041459,47.66618263260312,,31.540000915527344,6345627.404197693,NASDAQ
MGNX,-4.815574127152555,-10.371444985523127,-20.15470691655885,25.54053679620205,,3.7699999809265137,2284371.168442726,NASDAQ
KITTW,,,,,,0.010200000368058681,288.6600104160607,NASDAQ
IDAI,4.347825062645727,1.0204071857838892,50.42734661500643,28.7700192578098,,3.25,56335.5,NASDAQ
OBIO,2.3046110712003687,23.433407840221456,46.94170902003867,44.68587400669437,,6.03000020980835,1717344.059753418,NASDAQ
COCO,-3.7184289368304424,-3.141577481012592,-15.438688116483634,17.158103936883528,,55.31999969482422,66023257.915779114,NASDAQ
DOMH,-9.060954833033353,-2.1276617330790004,-25.706595809820787,-24.435317993678762,,2.0999999046325684,180683.99179458618,NASDAQ
MARPS,-4.2330443205275685,-5.438202418638083,-8.561494182617702,-24.20749225581923,,4.150000095367432,32702.00075149536,NASDAQ
ALUB,0.13834308886255808,0.15813764048528967,0.7957043337222025,1.5349524686863125,,10.130000114440918,187405.00211715698,NYSE
MCRI,-0.8284290037637643,-2.788013177959703,-9.69515842959222,21.178547176806894,,118.16999816894531,14528055.914886475,NASDAQ
SHOP,4.941094095146825,4.0269836373469925,26.764218789409778,29.21530395922687,,160.11000061035156,1407496914.6854858,NASDAQ
BSEM,-22.040303309267863,-13.353863406898192,-7.363066420561037,-28.994219514568208,,2.755000114440918,332834.31882572174,NASDAQ
MERC,-8.937499685678619,-22.91005378357357,-58.84180893697557,-79.0660921058597,,0.24699999392032623,230832.11531828344,NASDAQ
LTH,2.0731994156985234,-5.8754771135284045,-1.6603983201844752,50.34344165921958,,40.060001373291016,96829750.39940643,NYSE
KDK,-33.40659362732469,-50.678241994287696,-65.4635265599921,-74.44475650445034,,1.7300000190734863,15994895.096345901,NASDAQ
ANPA,-1.1968804058959392e-06,-50.117694620463936,-53.26138093470374,-77.36877938904536,,2.0199999809265137,31633.199701309204,NASDAQ
THEO,0.12251803179055276,0.3863763338898707,,,,9.910599708557129,402419.9011659622,NASDAQ
BX,-5.348206009826873,-19.383173002067455,-7.046052854177065,-0.7912264644173495,,111.6500015258789,533287970.1882477,NYSE
EZPW,-1.6320668462066368,-7.5639519927095495,-14.580497584879225,15.711873060748083,,30.5,14594067.0,NASDAQ
MMS,0.20653369832379642,-8.355656915157383,-3.3957213494767546,-16.029454134696575,,54.40999984741211,36427114.027843475,NYSE
MCHB,-1.4065823042009318,-5.638813115141284,-7.930606826875919,0.6911482791781332,,14.930000305175781,8042791.164398193,NASDAQ
VLOSU,-0.07339092826460503,1.6993461142313038,0.7585530511533767,0.8518501413866453,,11.100000381469727,5550.000190734863,NASDAQ
FWRD,2.4429301167557815,-7.161865855885797,14.2984798610448,-9.161929545998415,,15.069999694824219,7922645.449562073,NASDAQ
GLSI,-4.602830758589094,13.857140479149743,-18.951651930192913,-22.635017291700933,,16.90999984741211,1669439.7349357605,NASDAQ
SXT,-0.047991085189980076,-4.6390387512799,4.457063882318635,43.57155240209971,,129.22000122070312,50306509.45523071,NYSE
BTDR,-10.183028031137964,-0.35074687117538916,-25.323371916914805,20.42387222666133,,10.930000305175781,90027942.33366394,NASDAQ
ESEA,0.9106574850074489,-6.8474604608513285,6.476276713860107,8.06437084187377,,73.05000305175781,1707762.9713439941,NASDAQ
FJDIR,-3.7499965075402764,,,,,0.15000000596046448,0.0,NASDAQ
HPE,4.864779817737697,25.20539656991241,51.05343221097889,173.977761453733,,68.36000061035156,1074777668.0761414,NYSE
DYAI,5.327103886607221,-17.132351698875937,-53.90592960788858,-45.81730783903233,,0.45399999618530273,64858.893455028534,NASDAQ
RXO,15.089407780710019,11.158544568274253,-15.39143554832384,55.39880442977842,,28.649999618530273,581489359.707571,NYSE
CRCT,7.328015777557639,10.751026201465685,46.39619076711406,65.27635244859356,,6.46999979019165,3990650.5805916786,NASDAQ
PPCB,-17.398589634117158,-57.231292783185175,-70.09750348818284,-81.67389348456973,,0.5,44309.5,NASDAQ
MGA,0.8766959729168633,-1.7534241686439467,0.24268429441327566,16.90554537443214,,64.91999816894531,43550931.57165527,NYSE
AGCO,-3.562951782282908,-5.5281669855381965,-2.017781786138073,-0.39632720670634836,,116.19000244140625,110751264.61712646,NYSE
CSWC,1.0289655258401975,-6.744352343460013,-1.674664272617532,5.661056529686692,,23.56999969482422,17415919.914505005,NASDAQ
FRBT,-1.3153457743211416,-4.690553395147868,-7.248521255640816,,,17.68000030517578,1300275.6224441528,NASDAQ
BSM,-0.7545619263880976,-2.4409972693918425,4.870976562078222,-2.4804518940405362,,14.670000076293945,3158817.766427994,NYSE
MANH,-2.1681176521927914,-8.099476722425457,35.24603197701553,51.38593747208955,,205.4499969482422,127876598.0005188,NASDAQ
KLTR,-1.8839505221267983,-16.216216133285133,0.9302353949209863,11.092149736713264,,1.3200000524520874,215443.80856096745,NASDAQ
EXOZ,-6.966292358428161,-14.734613145657294,-29.56616834972008,-31.06565165230768,,5.519999980926514,24481.199915409088,NASDAQ
HUT,-11.180870529568221,9.846686522210257,-14.391158815340187,89.2875344268376,,89.2699966430664,299820960.9454498,NASDAQ
BETA,-7.114892513193983,7.920500546526199,23.727471295494706,44.863286029239816,,20.700000762939453,59422208.790122986,NYSE
DUKB,-1.2179547958184211,-8.705520976012583,-13.651583851865933,-14.086791566449119,,20.1200008392334,856065.7957077026,NYSE
TRAW,6.5185185119775335,-0.138887103853913,-26.256409008670655,-66.55813977729959,,0.5360000133514404,86375.86615157127,NASDAQ
FDUS,0.8249820767784355,-1.8002426321286902,-1.0758188862260543,10.242065801001598,,19.1299991607666,4027285.6833229065,NASDAQ
VCV,-2.6069970563515676,-13.539054159229401,-17.012218541617653,-13.805036438299044,,8.84000015258789,2784679.608066559,NYSE
SSYS,4.3574044463868145,10.957834538747546,1.8394636714337276,8.888890242194304,,8.579999923706055,5149209.734212875,NASDAQ
CLBR,-0.19584690333205312,-0.48818404763745216,-1.2020178919874502,1.473516063686664,,10.180000305175781,33583.8210067749,NYSE
VVV,5.811273095194935,-5.039806113046885,-21.996808861709948,-9.81664677716223,,30.34000015258789,98727725.79652786,NYSE
GLIBK,-1.8312698734340715,-10.435550048107146,5.2871604313584175,-36.688205192599234,,23.549999237060547,5500808.821792603,NASDAQ
MEI,2.9099020343815285,-16.5797223832168,-12.114694776929646,160.2051671606916,,15.399999618530273,6591061.23673439,NYSE
PROP,-3.756050423163404,-20.559328981725976,-46.96185550708291,-81.72426478547982,,0.3824000060558319,253970.96402198076,NASDAQ
TEI,-3.1061807072865766,-8.82791535826206,-9.15304452239225,1.6289885791002767,,6.050000190734863,1204464.2879724503,NYSE
ACRE,-8.38068177328335,-15.094341675472666,-14.03820653984168,-19.071519689575222,,3.700000047683716,4012997.851717472,NYSE
FISV,-1.7828468387704688,-13.866168484935082,-11.761495194834248,-18.630057015233938,,46.13999938964844,272113553.2204132,NASDAQ
SRBK,-2.800830622616368,-4.045057727620582,-4.172632332843995,9.475409141220869,,18.559999465942383,555018.224029541,NASDAQ
CHA,-1.5715044176669357,-1.6745176924801153,-1.7259459643425235,16.011522442612126,,11.1899995803833,6807178.874735832,NASDAQ
STRT,-1.3877640774312971,-9.078346998105758,-16.681438430802764,-15.077049283927725,,65.91999816894531,2803775.282119751,NASDAQ
DMO,-0.6918257276774753,-7.044741267465726,-11.474492919650059,-11.408266974016023,,9.359999656677246,1075024.0405683517,NYSE
IOT,3.687355137341286,1.5462086903463845,13.186689844501176,26.45680427359174,,42.38999938964844,342323237.8110657,NYSE
WYHG,-10.534051313192261,-16.943372829084215,-15.227485521938,105.26079337213497,,3.309999942779541,248842.4856982231,NASDAQ
PG,-1.1065071988007658,-0.17404977823657353,-2.560396005934251,1.2876504955202206,,145.94000244140625,1026343206.8895264,NYSE
SOGP,-5.968886899693338,-8.821116873186641,5.401820259867218,-34.26713683187601,,10.899999618530273,8894.399688720703,NASDAQ
FISI,-1.2113315565782656,-3.0362583656175723,0.9565720840025715,23.4734737374537,,39.630001068115234,4705309.65681839,NASDAQ
ATLCP,-1.404082180237376,-1.2756719562283747,-2.7652845646808255,8.399563702898206,,23.531999588012695,107494.17411804199,NASDAQ
UTI,-5.375485656298662,-10.329836839942407,-60.32781497410613,-48.29145988044024,,19.170000076293945,28034438.15157318,NYSE
SDGR,4.751908662312876,52.26802859705488,86.42332166528888,171.11071547327222,,32.599998474121094,150329937.76364136,NASDAQ
BPYPM,-0.9641505924604554,-5.22829106591709,1.546262625925654,-5.30669776494851,,16.079999923706055,1122576.954673767,NASDAQ
CVGI,-1.1991993900931752,-4.568851827192299,-36.46101086044631,-17.381614915158117,,3.0,640722.0,NASDAQ
TMCI,-1.5915146091245669,-5.397365046064739,4.067320668487806,225.43858560621058,,4.480000019073486,944048.0040192604,NASDAQ
DJT,-2.860262853457618,-5.591514219430193,8.274520709609835,-2.476983984334147,,8.630000114440918,39178206.98953533,NASDAQ
SVV,0.15144686131800533,-10.238510304860672,-6.465954164628629,23.968935093254927,,9.1899995803833,7716282.057673454,NYSE
PACB,55.58407753825074,81.98197938577823,45.67307737082815,81.16591424044582,,2.869999885559082,75057565.81708813,NASDAQ
ARBE,-7.494648527697844,-5.7356613158554115,-23.346006585429492,-3.2629558065497166,,0.5910000205039978,1025744.3635869026,NASDAQ
SRTA,-7.905583098504298,-11.455329375103862,-7.732732556696154,18.400771759571622,,4.809999942779541,5582683.143587589,NASDAQ
PLCE,-5.632504557636331,-20.897833985675096,-33.80829098752759,-38.4707999961187,,1.909999966621399,518326.24094188213,NASDAQ
KOYNW,,,,,,0.16009999811649323,63.8798992484808,NASDAQ
PETS,-10.367452158902168,-26.716738149391162,-30.092118155074576,-40.557004534642616,,1.3200000524520874,88160.16350317001,NASDAQ
LWAY,-4.691447812866178,-18.825881099721453,-29.19096520444574,0.41824964212737736,,21.0,3250548.0,NASDAQ
FGC,-15.311187195745479,-18.754578422735392,35.62983713669112,37.19587351227056,,6.875,81455.0,NASDAQ
TEX,-4.164777129725373,-11.758277727570476,-20.530339652938533,-6.137381927084073,,56.900001525878906,88374408.0699234,NYSE
MDGL,-2.8127034526878147,-7.250450099371541,-5.5815511426063775,-5.04997455442494,,493.6199951171875,121648205.2166748,NASDAQ
FIGXU,0.0,0.09661135110121677,0.19341879878358448,1.01403586150135,,10.359999656677246,0.0,NASDAQ
ACONW,,,,,,0.025599999353289604,3484.9023119639605,NASDAQ
FMS,-0.9654579674090336,-1.6622686092098493,-4.280458585969393,-0.1785544670902639,,22.649999618530273,12854191.88351059,NYSE
CRMLW,,,,,,2.3299999237060547,24131.80920982361,NASDAQ
ONIT,-9.226593598917232,-18.466715941224045,-28.36893808263701,-29.066948650468493,,27.5,3685467.5,NYSE
SFM,-0.3802391406116823,-19.22675156350424,-24.77771491788836,-15.666372016738805,,64.91999816894531,140826018.10803223,NASDAQ
SQNS,-4.435203562710511,-2.1291709544783988,-15.70904737584069,9.880478201180253,,2.740000009536743,95738.34033322334,NYSE
CBNA,-2.4373999002929914,1.7834690733243619,9.01654654193953,33.71336998069514,,47.02000045776367,261572.2625465393,NYSE
CEVA,3.9227077200969074,34.56307757702377,-18.776359478367254,89.21289432998138,,36.65999984741211,20035899.696605682,NASDAQ
AKBA,-3.6463995099959123,-5.386741239431336,-28.760000228881832,-34.71407695819566,,0.9104999899864197,6833202.269849181,NASDAQ
AIOT,-0.7784864435920302,-6.657791209643493,-34.08556767710337,-8.485640968666065,,2.819999933242798,3826796.3094091415,NASDAQ
PNTG,-1.2627283580144755,5.239918235035912,2.8008726466783207,31.40485076957431,,40.29999923706055,9229304.325275421,NASDAQ
TEN,4.340039406069729,14.220374919918877,32.69355871071256,23.962924689396246,,51.290000915527344,26220217.81803131,NYSE
CETX,-1.501937716980839,-20.492764308397014,-28.465869566749312,-71.3903742238982,,1.9500000476837158,78150.15191102028,NASDAQ
BWEN,-2.388759864917722,-0.9976271405287784,-9.351892634937863,103.91389533834747,,4.159999847412109,425310.06439971924,NASDAQ
MFG,0.8104633162033359,0.5881283760263756,9.767350326447911,35.77276252443673,,11.029999732971191,28843780.201711655,NYSE
ALAB,-0.9698055720599896,25.264345696092306,-16.52816337566567,223.38164305357066,,362.3399963378906,1173195310.3427124,NASDAQ
LYFT,3.121417894659251,-11.069769946480468,1.110523743212588,15.389257468857709,,15.729999542236328,146487146.5470314,NASDAQ
EVEX,-13.250714818219256,-18.967052463169644,-29.67542386963935,-28.571429774482603,,1.7000000476837158,1737792.7487437725,NYSE
FRTT,-10.1633551483703,-14.50420180189349,-11.530433251141126,,,0.8095999956130981,14322.63352239132,NASDAQ
SERA,-1.2548273721745606,-0.2923973890329834,2.814068886364418,-0.9680544601591068,,2.0,45810.0,NASDAQ
NEXM,-11.277496232384143,-20.369593257903084,-21.943187198416204,-23.48668279240923,,1.8849999904632568,50272.94974565506,NASDAQ
ASPS,15.988268022145524,13.125894389437809,-12.455023486704563,-4.469948695576742,,6.289999961853027,51332.689688682556,NASDAQ
SYBT,-0.510255872486931,-2.30385779466199,0.15487428829028538,16.568525444738967,,77.61000061035156,9805945.96711731,NASDAQ
AB,-1.6095558135721832,-4.610702079966156,-3.1306971784026083,-7.007315398810265,,35.040000915527344,10549948.59564972,NYSE
FITB,-2.2921616713353243,-6.302412804101931,-11.574799420508608,9.02721055047886,,50.79999923706055,348597062.3645973,NYSE
BBCP,-0.05104956650805459,8.344399023072757,-14.706395684905416,39.3792709816972,,9.829999923706055,704604.5645313263,NASDAQ
RZLV,-3.9461867663403316,-16.197184175886793,-26.694044387077476,-24.99999958260053,,2.2300000190734863,36800508.414759636,NASDAQ
BKT,-0.10431720788032228,-6.956861267743375,-10.151999827626357,-9.745521577704153,,9.529999732971191,3226686.369588852,NYSE
ECXWW,,,,,,0.022099999710917473,0.0,NASDAQ
MNTN,-5.62360751027372,-22.200121406709894,-5.553491386783449,14.218328523404544,,10.079999923706055,5411841.07903862,NYSE
COST,1.0505321310908755,-1.9040329514074084,-2.4528796317020096,-8.54137134054167,,923.52001953125,1800302537.9140625,NASDAQ
IACOU,0.0,0.0,0.21938502958083195,1.41271791602815,,10.050000190734863,0.0,NASDAQ
ADEA,0.9343576802937292,1.3597336312372477,-16.077424566740916,3.659429149489557,,26.06999969482422,30554561.04232788,NASDAQ
OXSQH,-0.10375337133001761,0.10796842619902325,-1.1763775425160272,0.25630579615365523,,25.0,20325.0,NASDAQ
EMIS,0.13650858275258138,0.33216487422604857,1.2221619400288652,2.260285039891552,,10.270000457763672,0.0,NASDAQ
BUSE,-1.333781296066161,-2.7867682226422885,-0.553942855458256,15.931640973237492,,29.510000228881836,18471194.443264008,NASDAQ
TYGO,-1.181920366282052,-18.26728941896345,-59.133643798893075,-76.19651571685912,,0.8626999855041504,251353.67967653275,NASDAQ
ORIO,2.3346328228547097,3.3601875153440153,23.93967880764869,11.677282684216594,,1.0499999523162842,45495.44793391228,NASDAQ
LBTYK,-5.043997670160715,-15.070069888270899,-17.693021907362827,-25.245013163944797,,8.800000190734863,9415762.604081154,NASDAQ
ALX,-0.9281615521358644,-8.290525256455384,-10.563699696264095,5.747642115941898,,245.22999572753906,8452097.032745361,NYSE
ARKR,-1.0964870590471798,-16.72820853702288,-22.535208060713575,-32.18044912008414,,4.5,5553.0,NASDAQ
ADTN,-0.8505817602529442,-7.019408172687214,-46.75700349490853,-44.76385948188023,,7.150000095367432,12741171.469943047,NASDAQ
AHG,31.19167959199722,12.325950797147843,-35.292571342528454,-56.90893209748998,,1.159999966621399,33659.71903145313,NASDAQ
SINT,15.294119597006306,42.21636303840137,15.170942236463825,-12.945164342468974,,2.180000066757202,257791.54789423943,NASDAQ
ACN,7.987888963782619,1.948833799880756,43.855831989752204,-2.6621561687094397,,195.0500030517578,1362230196.5634918,NYSE
QLEP,0.19948210899947139,0.3395926385716175,0.9445342943467328,,,10.050000190734863,1125.6000213623047,NYSE
BEEP,-3.9704837454484387,-7.104012997977971,84.1644178230356,22.336612623984074,,2.869999885559082,369673.2052593231,NASDAQ
ATI,3.455746312736152,-6.568571862173888,0.242469459518313,31.397903230811288,,193.08999633789062,295228618.6107483,NYSE
AVGO,-0.2646290596423295,-3.5800559757785178,-4.569649045874646,14.377604731372973,,362.510009765625,7742256057.147949,NASDAQ
ALLE,0.12851039103796147,-0.4927897114370805,10.12191891284473,8.097202153277383,,153.6699981689453,114878312.1811676,NYSE
BURL,5.396521113455743,3.755844754535631,-13.583062217143416,-16.858158601798145,,271.80999755859375,312599980.2722168,NYSE
LVO,3.5743302946036115,-29.51907097570887,-55.37276816173783,-47.2486544836908,,2.6500000953674316,240678.30866146088,NASDAQ
ELC,-0.435147573766248,-4.265739777110566,-6.386587720972692,-7.109613242994128,,18.770000457763672,392987.499584198,NYSE
EIKN,-7.276255234800033,-30.05854436707187,-37.807061369508276,-23.04750394268893,,7.539999961853027,3659244.9214868546,NASDAQ
QRHC,-0.8695643911139306,-1.7241363068492221,8.399367597547025,16.129033106808045,,1.399999976158142,21313.599637031555,NASDAQ
POST,-2.5645835975486198,-13.431381664179998,-18.898163945660297,-26.256882058807427,,72.68000030517578,63616949.62712097,NYSE
ADSK,-0.7194450811568887,-15.173378086472212,3.472072836872675,-11.078864238800657,,221.55999755859375,711642514.4382935,NASDAQ
MWH,-2.1908241299496978,-1.8089109369275103,-21.209797115258088,-16.062670331236028,,25.09000015258789,31149937.70944214,NASDAQ
MOD,-3.950455016187082,2.0075079304358923,-23.743460358845013,-14.387674059076216,,182.91000366210938,240550798.93615723,NYSE
JAN,-2.332578242373773,-4.577513376132214,0.03422599242746127,24.844082192142448,,28.75,32121023.75,NYSE
PONY,-11.1925577590681,-12.329530385608244,-9.090908090070226,-30.570861627825995,,6.110000133514404,38456621.9003458,NASDAQ
UNP,0.15598688627280755,-7.007404495686698,-1.6920772027541053,13.069240501117395,,277.05999755859375,620923593.4885254,NYSE
ROAD,-2.476460001614178,-12.869953731729666,-17.15334227857649,-16.721431177217184,,90.5,65852144.0,NASDAQ
OVV,-0.2678077896726694,-9.622619936896182,12.05897889855143,0.6384498909364877,,60.95000076293945,186920487.1397705,NYSE
PDLB,-0.7689262373722139,-0.817814474312073,-0.08932828311588592,19.47774688992372,,20.280000686645508,1887013.5038909912,NASDAQ
WDFC,2.247872086504432,-4.72006651024206,-17.182556962944307,-1.3283466076230543,,205.86000061035156,24051653.171310425,NASDAQ
MIY,-3.736075905610592,-10.756276454272252,-8.21895383765947,-4.602581577581066,,11.109999656677246,497605.7746229172,NYSE
TXN,4.429418156527798,11.725915803567322,-3.6713856577154536,47.43242413900066,,294.8999938964844,1112399934.37677,NASDAQ
DMRA,-1.4254297031274787,-27.180212715068052,-27.883538904392402,-17.508606889720134,,20.219999313354492,11232310.718564987,NASDAQ
WSBC,-1.7091358431567283,-6.470646303128347,-4.770801943800851,9.325371654407277,,37.75,40434062.75,NASDAQ
ASRV,-1.4236407512937754,-6.696612195664143,19.134514208038066,25.61847241479316,,4.420000076293945,65093.34112358093,NASDAQ
SILO,-12.407407737011278,-39.016922589445535,-75.13797613890536,-71.15304013540249,,1.4900000095367432,309820.1719830036,NASDAQ
PML,-1.8702862255669417,-10.435020696203267,-14.619421807785782,-12.928265274210283,,6.46999979019165,8773817.905483723,NYSE
BENF,-9.629251442404751,-32.98969249306246,-61.63934591753466,-59.60874619221315,,1.309999942779541,1304404.9330239296,NASDAQ
VIRC,0.18287235513971822,9.457209899253671,4.681531088294877,6.651527215674458,,6.789999961853027,258556.40854740143,NASDAQ
CETY,-1.8436875241195638,-8.19118882231118,13.933473867564095,6.408862789746506,,0.9599999785423279,5580.479875266552,NASDAQ
CLW,-5.626746515459247,-5.998082400755167,24.05014896812949,34.41745438372361,,20.139999389648438,2682466.658706665,NYSE
BIOT,-11.65853632652356,-12.932692113437161,,,,0.3709999918937683,259130.138338089,NASDAQ
MSB,-2.696991379674707,-20.249093690824548,-24.09326482670462,-39.18102974895199,,18.969999313354492,494490.97210121155,NYSE
VEEA,8.866371880232805,91.21245860410959,-24.33978883123539,-68.57404098895641,,5.71999979019165,379058551.6962147,NASDAQ
SNA,-0.7423560250177541,-4.661799365515417,-10.08171024690604,0.8665583474325667,,367.3999938964844,82246897.43365479,NYSE
ALIS,-0.07745925946376353,0.9587179183799144,1.5448210323108391,3.4068191347975674,,10.329999923706055,183925.6486415863,NASDAQ
OACC,0.03714795330842513,-1.7706541233231121e-06,0.6352786163511093,1.872515229296523,,10.760000228881836,3015619.184146881,NASDAQ
TNONW,,,,,,0.006500000134110451,2716.811556054279,NASDAQ
FUFUW,,,,,,0.18000000715255737,944.8200375437737,NASDAQ
NPWR,-14.868105782951336,-20.670392549661866,-14.354643674295552,-7.792206746688624,,1.2899999618530273,889185.3637056351,NYSE
CHTRP,-2.227981498911946,-3.9837307372439845,2.330566458090355,-5.480660227320278,,22.15679931640625,191988.66607666016,NASDAQ
PSBD,-3.0751005841607726,-5.040551971531082,-6.110366359716601,0.2242164888110576,,9.670000076293945,800192.506313324,NYSE
YPF,-5.197455823731545,-3.814859753730371,9.882497691412384,11.016610636382907,,51.2400016784668,60320549.81591797,NYSE
LOT,-4.801623084465135,-29.025210821126002,-30.198346722802615,-25.782073181138067,,0.8299999833106995,61983.568753659725,NASDAQ
DPRO,1.9879613358203096,2.099687155823182,8.414112457024103,12.924068266749323,,4.900000095367432,6984004.435927868,NASDAQ
SPOK,2.533104312406942,0.8874609224933216,2.3171236758020575,-3.6602952246211795,,10.970000267028809,2314110.58632946,NASDAQ
RCEL,7.196246067336709,18.096514287518637,156.424114707708,229.60982984877978,,13.25,5544913.0,NASDAQ
NOG,0.8186133297586995,-10.406616231494493,30.71165199511201,-18.466898954703836,,24.030000686645508,45418936.08782387,NYSE
TC,-10.626992464174057,-15.731461220303943,-39.75644705563263,-83.69206876944241,,1.6399999856948853,25210.079780101776,NASDAQ
LFACU,0.0,0.0,0.8919737485316714,1.2935334524746045,,10.180000305175781,0.0,NASDAQ
PLSE,-4.380879176037111,-3.2403450609904683,74.88149974699722,126.00961948317067,,50.5,21885437.5,NASDAQ
MGEE,-0.3589340702851107,-9.827277707147264,-15.28904893373988,-10.367980456988313,,70.2699966430664,23464768.089042664,NASDAQ
DAR,0.5544480313787181,-7.040342143590294,8.617227132626759,-1.4732201960012237,,62.70000076293945,127546410.65199661,NYSE
WSO,-6.702630920470421,-4.205509801384366,-25.93727170164858,-18.67751670407436,,292.1499938964844,218676315.48147583,NYSE
KEYS,4.902508876809253,16.265086097766112,14.677165637069955,30.972522899688325,,384.1700134277344,326791532.73220825,NYSE
TDIC,-7.843136796580974,-11.791103300224826,-53.98041644610749,-86.0964627894558,,2.0,154210.0,NASDAQ
EAF,-18.527403653067175,27.19677202537758,53.19222791823681,32.821901090660276,,8.819999694824219,3309713.705482483,NYSE
AEYE,-3.7981850507170622,-5.748402413434284,1.8913242735609348,6.0293668232612285,,6.730000019073486,403577.91114377975,NASDAQ
BZFDW,,,,,,0.009200000204145908,194.708804320544,NASDAQ
TRSG,-13.823269844796549,-18.707013736779977,-21.701111512915126,-9.076920088931583,,1.1299999952316284,6713.329971671104,NASDAQ
GGZ,-1.196602352426912,-6.032795192771967,-6.1361674406376965,2.1007856356588084,,15.260000228881836,5310.480079650879,NYSE
YHNA,0.9749051426357624,1.2857678389169847,3.0018454388943683,4.288646616447744,,11.09000015258789,34445.54047393799,NASDAQ
FFBC,-0.47973634715767766,-3.2582680408471454,-8.24652268247431,12.686730095086741,,31.510000228881836,24937927.971143723,NASDAQ
TDACU,-1.4638028617817045,-1.4638028617817045,8.916631541229059,18.639848442510008,,12.109999656677246,0.0,NASDAQ
BOOM,-3.5871402231391403,-17.05967996633738,-7.499999767774124,7.145543755036465,,5.840000152587891,886290.1031570435,NASDAQ
PLBC,-0.09384051558550821,-0.05179620672312035,4.689406653405337,25.589812883854513,,61.7599983215332,1995959.62575531,NASDAQ
PULM,-7.12295506066829,4.526244245937461,-11.055685092319855,18.500773128435345,,1.4800000190734863,35730.16046047211,NASDAQ
SWKHL,-0.03990362120109836,-1.5794423605560381,-0.876090947486885,-1.5361141062440686,,25.059999465942383,222933.75524902344,NASDAQ
AMRN,-6.013361862095612,-8.406886723528883,-20.8453148831796,-12.605272845917936,,12.09000015258789,965241.432182312,NASDAQ
WEYS,5.631226546812362,11.082761889997839,27.155808165199268,54.3249846549817,,50.189998626708984,1593833.5963897705,NASDAQ
ICUCW,,,,,,0.01510000042617321,771.6855217795819,NASDAQ
CYTK,-1.3368496975070476,-9.661927906583745,-23.968041379346474,-0.5165687118764972,,62.70000076293945,202751738.46710205,NASDAQ
NEWTI,-0.16874521547847188,-0.8788301820296107,-0.9477181764222853,0.07181206523658723,,24.950000762939453,115293.95352554321,NASDAQ
ASH,-0.4726021674691605,-7.414501384931826,3.3883477579180976,26.392723020069365,,68.77999877929688,37079366.121917725,NYSE
BXMT,-9.585779939553918,-18.170065554904134,-33.578172752862734,-39.63123899502597,,11.010000228881836,42392662.661281586,NYSE
RJF,-0.09655933159609109,-10.296368231925612,-1.2703094367162326,11.727585049956058,,160.8000030517578,176699103.35350037,NYSE
WLCO,0.20325281259303551,0.02028468522516924,,,,9.819999694824219,105456.97672271729,NASDAQ
BSX,-2.92013235566545,-9.549760497973592,-2.2737551729423933,-31.086907269131103,,42.400001525878906,578619676.8231964,NYSE
WBX,-4.271707957408754,-8.927381179351723,-38.91867671125496,-4.672244364613576,,2.759999990463257,15858.959945201874,NYSE
CFBK,-0.16357202564256657,-1.8718453619537723,6.373705866163104,21.81908825961174,,34.54999923706055,968643.7786102295,NASDAQ
HAS,2.297960852655345,-4.3138249395702655,12.265924608554357,-1.1281582990143924,,92.37999725341797,196493270.3379898,NASDAQ
VEEAW,,,,,,0.03449999913573265,4997.807874798775,NASDAQ
TRC,-0.31750168776709664,1.227675902587566,-12.479900192111115,-14.362149158505467,,16.18000030517578,1295484.0844345093,NYSE
SAR,-3.4123758179784525,-8.432942744841366,-23.786054259437094,-23.506778933016314,,16.610000610351562,4014238.507507324,NYSE
CTVA,-51.471735263868304,-55.75485760920026,-54.95938343626804,-54.210098590924275,,12.390000343322754,2268132047.8491783,NYSE
GOOG,-0.2626896229403042,0.8311642424013499,-5.498574599074447,17.287252131671906,,343.8299865722656,4547327613.371338,NASDAQ
PHIN,-1.2547357710662066,-11.850655595226112,-23.933229462237236,-12.070384272905176,,60.18000030517578,27414216.79901886,NYSE
LFS,-1.3545114650935774,-4.7790820785937775,-10.356536770570946,-15.31676087769469,,2.180000066757202,155985.54477667809,NASDAQ
NMIH,-6.732889504522466,-12.999685384383298,-5.531522326556981,3.509801888685571,,39.38999938964844,30486599.047607422,NASDAQ
BDSX,-2.2410512300600316,8.492568188401028,28.634359979500836,94.7196501193702,,29.059999465942383,5265090.703239441,NASDAQ
HELP,-6.974582953730957,1.28248111098066,93.30112442961907,145.07961983014042,,11.420000076293945,15062146.440626144,NASDAQ
ELTX,1.1815241070183946,-28.365018558484266,-48.70677945988046,-82.14217985328891,,1.9199999570846558,384305.2714101076,NASDAQ
MNSBP,-0.9122680790750848,-4.359969567653643,-1.4430174769463733,-1.4075497568740714,,24.81999969482422,24149.859703063965,NASDAQ
IPST,-2.9615613962248877,-25.206410970172545,26.126128975939867,-39.46540970095188,,3.140000104904175,147391.60492420197,NASDAQ
ELTK,-3.0247382137135737,0.16443101649983305,-13.980015809901946,-3.5679520002203646,,7.775000095367432,19009.87523317337,NASDAQ
CAKE,3.2691724862077054,-1.1820339397951907,37.20959732370335,94.86827197259981,,109.02999877929688,89034442.15316772,NASDAQ
BFC,-0.11292310537770467,-1.3617407118083125,-0.28381403583526144,10.686159418530261,,151.22000122070312,8471344.468383789,NASDAQ
HTFL,1.92002235293538,0.688656484226513,75.55734919108812,102.46173853847421,,52.209999084472656,118245049.29651642,NASDAQ
LUCK,0.9494854514232598,-15.242346254150618,-29.997367035083332,-36.71428589593797,,5.260000228881836,199411.86867713928,NYSE
OACCW,,,,,,0.8600000143051147,4.300000071525574,NASDAQ
OCCI,-2.090590380694879,-13.671274761884478,-12.935709257870931,-22.90809407028962,,2.190000057220459,484296.6126537323,NASDAQ
CGAU,-4.285208041211941,-4.504584362108921,34.271196605467935,21.06616012080671,,21.559999465942383,21772494.82067871,NYSE
TTEK,-2.8987169672028745,-7.640349367297139,11.176277479326323,9.125402363907021,,33.33000183105469,93936743.88061523,NASDAQ
GSRF,0.20528330001532424,0.28370084593578593,0.9056029132136434,2.183016835831375,,10.265000343322754,5297643.497184753,NASDAQ
CHECW,,,,,,0.09000000357627869,553.9500220119953,NASDAQ
KMDA,-4.8847302506861645,0.24055901420219072,12.136706801401997,0.09608446251037073,,8.0,1100056.0,NASDAQ
QNRX,-27.159914627124216,-30.708309115606014,-1.4662164929440058,-28.441359883645845,,4.554999828338623,95919.18638515472,NASDAQ
DUKR,-0.8798208063425461,-6.843772692025496,0.05668523249946489,-36.979291635185405,,5.21999979019165,59748.11759853363,NASDAQ
EOI,-0.09078086686550302,-1.2068593630368607,0.21246559236858253,4.604499509727411,,19.760000228881836,1374367.2959194183,NYSE
TLSI,-7.9931227254053,-14.599120124164056,-3.034420580343211,5.9376585303680285,,4.380000114440918,581269.8151874542,NASDAQ
CABO,-26.366515277896784,-57.53122099652139,-77.22464952790024,-88.10189233495784,,11.25,6366453.75,NYSE
HEQ,-1.4059440607805729,-5.493006266317046,-3.1637816726230894,1.894428373883006,,11.079999923706055,359257.9175262451,NYSE
VTIX,4.29553465560466,-7.7507561999701435,-60.50748130969761,-80.96581967289839,,1.2300000190734863,173188.92268562317,NASDAQ
MBVI,0.04883878272179398,0.27410363951616556,0.7574252917281088,1.819083508367969,,10.234999656677246,161139.83459472656,NASDAQ
SNTI,-1.5220060547898817,-9.386952147661287,-69.7161659335034,-61.558100833025755,,0.3450999855995178,130499.55955445766,NASDAQ
SCI,-1.5593613312078425,-6.760904348979924,-1.2544507263245963,-7.65665580881858,,75.94000244140625,119177505.99145508,NYSE
ODC,-0.3209645246322723,-0.42456231446234005,-10.785535018422621,36.09465937075065,,87.88999938964844,15108642.455078125,NYSE
YSG,1.840490876064682,-0.5243440729801541,-22.6557955015677,-13.654095718859537,,2.5799999237060547,120488.57643699646,NYSE
RREV,0.06052186167078144,0.02016581740484913,0.26278768934637764,,,9.920000076293945,0.0,NASDAQ
RUM,-10.078349484116433,-14.522681156260509,20.314481977479403,53.34007726499337,,7.380000114440918,39063787.08575821,NASDAQ
OMEX,-6.256653959248126,-20.283534625051345,-13.948044863410303,-20.26453666522352,,0.641700029373169,180032.7934408188,NASDAQ
TANH,-4.698516745150982,-11.870811199197838,-26.588832061302845,-41.59127645300331,,14.020000457763672,720754.2035331726,NASDAQ
ATXG,-2.12692952398702,-2.953682944522773,-0.5807856115148446,-32.94946945561931,,3.4000000953674316,15259.200428009033,NASDAQ
VST,1.593532476089532,0.516981858511012,-9.274416550322961,-6.726739976662898,,144.88999938964844,1557824673.1876373,NYSE
ODYS,-6.834301623790395,-21.42468881546299,-29.92240596768876,-57.587320996598336,,2.7799999713897705,95818.25901389122,NASDAQ
CPSS,-2.6450526803333374,-0.7610337672043332,-3.1820110077968367,17.84146884264961,,9.010000228881836,280850.7171344757,NASDAQ
CAES,-0.09936444583240611,-0.39627274525986245,-0.43572848127622077,,,10.050000190734863,248797.80472183228,NASDAQ
VSH,7.540661649293057,15.084386344530621,-27.044759982164813,93.28977808755677,,37.099998474121094,143186405.3109131,NYSE
METC,-10.917172289474896,-39.85507277738426,-35.42125003470223,-45.95501211424803,,7.994999885559082,17551934.92876053,NASDAQ
ADP,-1.5235656813245124,-8.444108780134396,9.664372715099056,27.839101260486455,,260.260009765625,444433526.19628906,NASDAQ
SNY,-2.5699141224085564,-9.120758353916713,-5.1492700846120005,-15.139426849262705,,39.5099983215332,150039732.25600052,NASDAQ
CVLG,-0.8811394948548101,-4.077964278023138,-25.101913736388116,20.052271932806363,,33.189998626708984,4099396.300380707,NYSE
SLQT,-1.889097519151317,-22.35775425836285,-48.48754136478427,-31.525090877044903,,0.4187999963760376,262296.9505302906,NYSE
ACRV,-3.6224965139521004,-3.068072277176348,13.979705633155003,39.834023076412194,,1.9800000190734863,796148.1076693535,NASDAQ
SWAG,-6.382413649388019,-17.981439086225127,-32.538166026466506,-15.227816244452796,,1.4199999570846558,49992.51848912239,NASDAQ
BPRN,0.24046087540643413,1.7174210605943152,12.989311470912845,26.029065020604136,,43.439998626708984,1154157.323513031,NASDAQ
VHCP,0.019871373367763567,0.059641616018768495,0.7607629165595098,1.6767714404779088,,10.069999694824219,0.0,NASDAQ
BARK,0.46027492480862353,-22.253466250334974,-20.40306925707307,-18.092038066429193,,8.100000381469727,174158.1082019806,NYSE
ONCY,-5.956012436710045,-25.07242939230947,-28.576836607298805,-28.735555542839897,,0.5968999862670898,1154028.5264492035,NASDAQ
IMRN,-4.970511216841034,0.5347609718816759,0.3558736675949081,41.88679849604957,,1.0700000524520874,40471.681983947754,NASDAQ
ISNR,0.02034634579746175,-0.040667868319566036,,,,9.84000015258789,73800.00114440918,NASDAQ
CINGW,,,,,,0.0035000001080334187,190.84100589063019,NASDAQ
YOUL,-13.142855951853583,-18.036215710434067,-27.516013339307378,-57.83895696339918,,0.3977999985218048,5240.219380527735,NASDAQ
FIG,0.6415097218639643,-20.660418688419348,4.393776052111642,2.174121694359865,,22.010000228881836,169691291.12461853,NYSE
GSRFU,0.0,0.0,1.7307722286360905,3.018495152140299,,10.579999923706055,0.0,NASDAQ
IVA,1.2746235731853295,-26.72395722030102,-11.89516187179348,-36.66666637872152,,3.4800000190734863,5905507.83236742,NASDAQ
LPTH,6.42183769117648,6.18742705890627,-27.94836864357777,1.9219717710567963,,10.8100004196167,24323765.71418667,NASDAQ
AZZ,-0.1883444122482314,-0.032170976624756875,-9.038534269417953,9.148531277892836,,139.14999389648438,34039984.70690918,NYSE
CNDT,-0.24722002538053456,-10.532151326968576,7.029175682791355,19.378695300549452,,1.6399999856948853,1367338.5080732107,NASDAQ
ISNRU,-0.20116663346566588,-0.44125792474116743,-0.7595947181537999,,,9.999899864196777,1079.989185333252,NASDAQ
OPENZ,-11.59090724365769,-31.75438494444187,-68.34824979191418,-65.57522056092296,,0.07400000095367432,14040.020180940628,NASDAQ
LBTYA,-5.298428760149099,-15.159474474280765,-18.65443399369432,-25.965945770281095,,8.989999771118164,30932036.052482605,NASDAQ
JYD,-13.307845171789278,-0.14831818139059427,7.95790708333326,-70.58976129743971,,0.878600001335144,7319.616611123085,NASDAQ
ZUMZ,-2.083335489172622,-24.598932458502887,-23.611736997279877,-38.43355025021263,,13.729999542236328,4126990.72240448,NASDAQ
RTX,-2.343892144057891,-9.819858050538866,-5.734604022562539,-4.413085967982056,,184.3300018310547,623763325.3661957,NYSE
FSCO,-1.3466732517528945,-1.573895784702739,3.4705413348739,1.06424904274518,,5.070000171661377,4595230.145586491,NYSE
VISN,-3.482114327075958,-2.9907718733007016,-50.62348138945856,-66.72850355784828,,6.199999809265137,27272100.361009598,NASDAQ
MKSI,4.768235676709276,8.162161359936393,-29.745132955846486,18.677035291260125,,280.5,315563061.0,NASDAQ
VCEL,1.58882158642224,-0.6413117424720505,-12.479904586985647,23.186544249181694,,41.06999969482422,26635701.882080078,NASDAQ
HYFT,-1.2230204079784368,2.539209484123628,-13.320706280113892,23.471226607856742,,1.4900000095367432,849474.3354370594,NASDAQ
HE,-3.0605617131294283,-19.87800496807175,-33.679834056703925,-40.85551620707042,,8.8100004196167,32527349.689264297,NYSE
NTRSO,0.12641020103947298,-3.023528311892698,-3.5676465853774597,-3.198726953259745,,18.280000686645508,622196.3833713531,NASDAQ
OPK,-4.916066726384704,2.0592016030810845,5.172415210574188,39.36731376360931,,1.5700000524520874,2582758.416287303,NASDAQ
SPCB,-0.7446836766854981,-8.367709910672883,-17.579505141088102,18.82323097236913,,9.149999618530273,385654.18392181396,NASDAQ
RGP,-0.9906155190779531,-10.761277030874815,-16.269840594051644,2.9826448214741896,,3.740000009536743,1043875.1426618099,NASDAQ
ENSG,-1.6849194809059553,-0.16217910283133907,3.7049953034202776,-13.523845706620829,,172.88999938964844,79172900.54049683,NASDAQ
MGRE,-1.6104543603575938,-3.062421520370906,-6.160499453519308,-4.822424757916133,,21.3799991607666,800274.7485866547,NYSE
ADUS,-1.5607422335417342,-3.8134222355050484,7.671431835987885,19.804271072259084,,112.9800033569336,24534737.5289917,NASDAQ
MMLP,-1.2704183495242605,-5.9636957526625345,-6.928996722978386,-21.895188452859216,,2.0999999046325684,27917.398732185364,NASDAQ
INGM,2.4490121079725036,-2.195850004109634,2.962520378215805,14.950306184177698,,27.579999923706055,43884689.11860275,NYSE
AMAL,0.9579495116283754,-1.2848152787227063,3.036854437253944,21.68803576635774,,47.72999954223633,8881980.154815674,NASDAQ
TWLV,0.03973674571760011,-0.07938075478772788,0.7705398480026382,1.861218062641945,,10.069999694824219,1002971.9696044922,NASDAQ
CPS,-5.173323217192049,-17.75030530095616,-20.310534412864,-23.074726845242388,,22.030000686645508,3691633.3050632477,NYSE
USDE,3.513070467415469,88.82265045183459,503.8125612545446,,,14.960000038146973,70222853.53906345,NASDAQ
BG,-2.5484314936299213,-10.066980271308857,-0.377485987050874,-16.250059275728358,,107.31999969482422,195384215.7644043,NYSE
NBB,-0.6151272610567249,-7.567287203065954,-9.451024316800327,-8.94069369735002,,14.079999923706055,952863.9948368073,NYSE
ELV,-2.299587376551049,-3.3059275223040974,-5.06243247816669,31.416330719710817,,394.510009765625,280905329.31347656,NYSE
RMCO,-3.578296947880666,-12.13183744902151,-2.414331600577435,-11.323426256847224,,2.4800000190734863,17908.080137729645,NASDAQ
VLGEA,0.40510707843539606,5.180128092816583,7.571822062742117,6.491685867980723,,45.459999084472656,1587144.9480361938,NASDAQ
GPRK,-3.132354800968884,-3.8634298588289484,15.825935010657656,17.32456042202264,,11.279999732971191,7963251.171487808,NYSE
BRSL,-1.3134306343040691,-12.261145250131623,-10.535809429480125,-21.658765080634446,,9.930000305175781,19330423.764076233,NYSE
MLGO,-2.909089579726709,-19.779668520811853,-22.30843691437425,-12.792596019448055,,3.180000066757202,59128.92124128342,NASDAQ
AIT,1.8594439968408372,5.59040060183742,3.1691166126263104,27.660683076224068,,345.7900085449219,110028305.97894287,NYSE
SLXNW,,,,,,0.006000000052154064,17.934000155888498,NASDAQ
NRP,0.12316056611254567,-3.3158193751705256,10.966690671631053,-10.392365007506077,,109.80000305175781,2888179.2802734375,NYSE
DHR,-2.1059882436750943,3.5167851008422124,12.861622049540422,15.532127568193266,,221.2100067138672,681323944.9486237,NYSE
GGT,-0.44977468371918405,-1.7266915321438647,-5.007149601535121,0.7077849595581442,,3.990000009536743,766355.3118317127,NYSE
LINC,-5.7403065686436605,-12.339164727015694,-58.54967297076503,-47.060809827455465,,22.200000762939453,9634511.731105804,NASDAQ
HLI,-1.786679884457143,-5.054684775185714,-8.41152378696135,-10.219276374919772,,126.9000015258789,76815616.52365112,NYSE
PLBY,-3.113209104656822,-13.406409499593375,-16.09477341089781,-31.624502293278788,,1.0299999713897705,352665.8102040291,NASDAQ
TTAM,-1.1495924894983744,-9.038564505110458,-25.694596096603316,-8.879946168506947,,13.5,2693776.5,NYSE
CECO,-1.7940750145284068,1.0787957109240187,-13.692696873600207,19.995342978232667,,74.95999908447266,46768218.06879425,NASDAQ
EICA,0.05687364134447925,0.11300700474048408,0.27373981820426607,0.37446229612621007,,25.0,47725.0,NYSE
PASW,-2.582160199189587,-9.651669242577865,-22.47820621637485,-5.395138593592641,,0.1264999955892563,59839.178413555026,NASDAQ
GLBE,-1.993894869219015,4.018182978257978,9.595904186161942,30.034619829124786,,39.7599983215332,35359123.14731598,NASDAQ
AMAT,10.120149739616968,17.830055952076695,-15.659166085845055,53.21607329158968,,542.280029296875,2511882851.265381,NASDAQ
DGICA,-0.22040870189034,-5.981308577810173,-5.391849327351695,5.524477529854566,,18.239999771118164,1711185.5785274506,NASDAQ
RDNW,-10.396202340211847,-3.881278634410723,-13.865281088229754,-18.942536772534492,,4.949999809265137,574675.1778564453,NASDAQ
ETR,1.1974476392715427,-6.083091443687039,-12.36338134014886,-11.53105935436468,,100.81999969482422,214559174.9705429,NYSE
SRL,-2.9850754167325078,-12.253376243065272,-17.292008380510136,-33.16635987167813,,5.079999923706055,4958.079925537109,NYSE
KPRX,-3.533838336143802,0.3912359417918454,-1.4592974720178176,31.860222611892453,,2.5299999713897705,21674.509754896164,NASDAQ
FOF,0.6331174365383108,-7.9720887162333165,-10.341337052469978,-3.831834050611016,,12.270000457763672,1341847.2500610352,NYSE
EDTK,-2.5601824152718278,15.124152709200667,3.595367202025268,-0.3906246362021193,,1.0199999809265137,1639.1399693489075,NASDAQ
IESC,2.931221012933305,8.067296450153005,-1.769715212985501,39.427924791959356,,339.6199951171875,100946270.00866699,NASDAQ
CTXR,-6.527049773560611,-8.694167690526678,-10.164373454110741,-35.26710041712878,,0.5199999809265137,62693.79770040512,NASDAQ
STX,-1.53706567098143,10.669219501123695,2.7566690583238573,119.29640372061515,,887.0900268554688,4953844255.811035,NASDAQ
NHIV,-0.2580391260118331,-0.6916965969940958,0.19940445843411592,,,10.050000190734863,0.0,NASDAQ
IHRT,-10.10407808466961,-25.16245601091114,-51.26939454436864,-31.175301152661994,,2.049999952316284,2303365.5964229107,NASDAQ
USAC,-1.424322808768319,-7.5319324425567995,-3.419720197717835,-8.165646412694583,,25.389999389648438,1634938.2306976318,NYSE
MIST,-1.672675930249301,-30.06153787403494,-37.915024689889435,-36.1716070362642,,0.7793999910354614,843556.3012975454,NASDAQ
OSCR,3.047145245708127,0.6804940186467823,-0.8314016552506187,161.99556893005425,,32.41999816894531,151511133.1427765,NYSE
AVBC,0.4332207776704511,-1.0893235813843494,3.6924258383444375,11.01375374211495,,21.93000030517578,2663793.277069092,NYSE
HPI,-1.6774746618254066,-11.641754895533097,-14.354126298377112,-10.953658599866111,,13.8100004196167,1778589.9540424347,NYSE
AZI,-3.260872425408279,-10.310080548145384,-40.299279533012566,-41.4473699372053,,1.1399999856948853,67094.69915807247,NASDAQ
ATTO,-5.051102373628158,-20.95387248575703,,,,17.9950008392334,8204910.607652664,NASDAQ
ZM,2.046823479270654,-5.079440295854242,5.8034458491226015,13.491515976025003,,93.62000274658203,196829408.7544937,NASDAQ
PCAR,-1.6135933720544449,-10.988422637825956,-9.920978855194907,-5.439150560360062,,109.36000061035156,301304627.36161804,NASDAQ
JBHT,-0.7156998352458088,-12.601185843328444,-19.293827530433926,7.72597651316469,,229.74000549316406,187633946.50639343,NASDAQ
SLMT,1.9743100234858035,6.907729453060041,-18.12452312868781,-45.85754073820125,,3.950000047683716,121355.8514649868,NASDAQ
AVXL,-18.12447431108961,-32.395833390247496,-26.804511804525156,-34.83935734159515,,1.6449999809265137,3327538.8614177704,NASDAQ
MPLT,-7.945593900320558,-24.608178785735234,-72.90873092159069,-52.66280867603855,,9.274999618530273,2429437.7500801086,NASDAQ
HMH,-4.29981867936835,-7.062582214956247,-2.308441693074026,-6.493777918344712,,19.18000030517578,4974217.999145508,NASDAQ
ABLVW,,,,,,0.017400000244379044,87.88740123435855,NASDAQ
GTERA,0.2301898633258359,0.4035358227312047,1.3382421541053402,2.1904927232113236,,10.449999809265137,0.0,NASDAQ
CSQR,-5.26735038423417,-10.826730022177777,,,,17.649999618530273,25866815.740940094,NYSE
VG,-0.6007384306686903,-11.771942541500092,15.79041828894403,-17.173660874048934,,13.449999809265137,144632407.49896336,NYSE
ICON,-4.761903841680592,-3.530376274141045,-3.3120735665278955,0.2987622369345688,,0.9200000166893005,9332.480169296265,NASDAQ
TELA,-8.500772179565741,57.36310506676563,52.93205575631812,98.59107496726696,,1.1399999856948853,250729.31685376167,NASDAQ
OLN,-3.9368151245192773,-8.399950578211058,-20.892535524177237,-45.71918869755861,,16.270000457763672,363095843.0558624,NYSE
VRXA,-14.020027399718426,-14.265335254785283,-44.68476773872079,-90.13622195903267,,1.1299999952316284,172929.54927027225,NASDAQ
TSEM,4.6182840497224875,16.437581149163716,3.2490490596005728,31.290696796374373,,249.57000732421875,413901375.2069092,NASDAQ
RZLT,2.8913280269074804,-9.908334872144376,-17.307687899064582,33.93900420309832,,4.329999923706055,17834338.735761642,NASDAQ
MNTS,-11.857988707412625,-10.351468932796426,-41.68493497108856,3.6171388754256073,,3.5799999237060547,2100661.6152324677,NASDAQ
CUZ,-2.901299055171691,-4.734992647328118,-9.707341844500839,23.87524592925596,,27.329999923706055,43066777.85977554,NYSE
FBLG,-8.038350858710386,-30.567930046183644,40.45956026945328,-18.815106238293467,,1.1799999475479126,110425.57509148121,NASDAQ
FVN,-6.152404500230768,-13.433838675707378,-17.73133638561333,-15.904851417634159,,8.869999885559082,138726.79821014404,NASDAQ
AMPL,5.961153595447244,3.0693511210781788,65.13570231327297,108.95215771259248,,14.880000114440918,28454265.33883953,NASDAQ
CRL,2.385222908736795,2.1814673092947157,28.960129100631637,74.1295039845109,,310.7699890136719,405682251.3583374,NYSE
ARL,4.120811669859226,4.629630106575799,-23.505076961767955,8.14834654448413,,15.770000457763672,64735.85187911987,NYSE
TRNO,-2.3349102835534596,-2.1282353197866977,-3.4360345225384226,4.9092681184428555,,64.43000030517578,55354390.46218872,NYSE
CDLR,-8.319440952876766,-12.261669298711364,-1.008099862526679,-6.543170059074477,,21.899999618530273,1277821.1777420044,NYSE
SGLD,-6.179198153387966,-28.26771628413939,,,,3.5799999237060547,217101.93537330627,NASDAQ
AAON,-0.6114079398740979,10.000259944608914,-26.731441299517133,2.5882162903637207,,84.3499984741211,71095661.46389008,NASDAQ
MPWR,2.8501062059373306,12.951640413356191,5.476505881947991,26.662215102642172,,1479.8900146484375,985475039.5445557,NASDAQ
RRR,-1.508909924195545,-12.173328656795057,-23.726422292985305,-8.33056817348684,,51.060001373291016,62532162.48184204,NASDAQ
GYRO,-5.007800182838462,-7.955049466640363,-24.99157304325972,-42.48048653842342,,4.500100135803223,2767.561583518982,NASDAQ
DFP,-0.5561975990785895,-7.261695236483523,-8.54164871796571,-5.823892538816777,,18.739999771118164,2166643.8135375977,NYSE
NTNX,3.912856688053701,5.41328857721719,37.785997977249444,83.8232292012451,,73.41000366210938,247640719.07373047,NASDAQ
CGO,-0.9775021199462386,-2.5202391407894043,-5.88408892508755,13.477953479311422,,12.680000305175781,484160.45165252686,NASDAQ
VALU,2.2229023268680814,6.34348312457742,2.0615948662116024,13.321654878792643,,40.599998474121094,83757.79685211182,NASDAQ
DRH,0.3703696309556914,1.580833285048655,4.12629349844571,32.87145624909786,,12.420000076293945,40922658.25138092,NASDAQ
KTOS,-7.044031687546948,-13.920225488264348,-18.494641269366163,-38.052711642703194,,42.02000045776367,231414395.40101624,NASDAQ
CARS,-4.9359455337696145,-14.48906853427594,-10.149570811737341,21.23978621014462,,9.699999809265137,10034446.10268879,NYSE
MGTX,-4.670281743450766,-21.975662559254438,-20.76185016586972,22.361919352813597,,10.920000076293945,10281693.311834335,NASDAQ
MX,10.904734364419632,19.573644742086405,-13.016917075262857,31.650075519849597,,3.5399999618530273,4423651.212330818,NYSE
XNCR,2.029341240171778,-7.098065887186622,62.499998762105015,104.59225272334875,,25.6299991607666,32706672.599046707,NASDAQ
ACCO,-0.9298014131759458,-0.8376002936198557,2.108292029341108,45.85899657961552,,4.340000152587891,2315077.6013946533,NYSE
DOLE,-1.723604189809247,-8.035714114041914,-8.273483603383747,-11.819939654618983,,12.800000190734863,9106265.735693932,NYSE
BWA,-0.1057745334728577,-6.349552278433412,-6.800100679018694,13.072921976602636,,60.2599983215332,124046652.78483582,NYSE
BIRD,29.37925369874197,24.30555717877576,-20.2568135481733,9.776334987945678,,3.4100000858306885,1471074.037027359,NASDAQ
RBKB,0.7934012384650746,2.4590786476130555,5.160482984554182,17.715738064453145,,13.229999542236328,1190236.9088172913,NASDAQ
KOP,-0.3553441172427285,-0.8622919629852288,0.17862748411532348,22.536635170393772,,47.040000915527344,10229836.039100647,NYSE
CLMT,-0.09966426411566198,5.8966231219702125,47.96348218237478,53.50234894558707,,56.029998779296875,70841360.86660767,NASDAQ
ADMA,2.5139074718583343,5.514314732221082,12.302485004063124,8.766946406275068,,10.109999656677246,35508219.47418594,NASDAQ
AMRZ,-1.8855062702282543,-14.370188077899492,-29.404428612484644,-31.78133309432504,,37.20000076293945,79038358.02100754,NYSE
MH,-3.050896508604173,-1.7750571394656522,25.02921533094402,-6.264601397277714,,12.59000015258789,4862912.738937378,NYSE
BSAC,-4.1715261956310705,-6.866635666303189,-0.5268877362911262,-0.6472305706860415,,32.70000076293945,31716057.739982605,NYSE
OABI,2.641507925043607,6.065856252851631,103.99999213218703,215.0579147735799,,4.920000076293945,5977288.412689209,NASDAQ
OXLCG,-0.13250271727297536,-1.2428021728733918,-0.9636052300815212,0.6026783485926668,,24.969999313354492,242708.39332580566,NASDAQ
NABL,4.9188367115631015,6.9172925951073605,5.073890262529646,-10.075886662804512,,4.460000038146973,8492754.372639656,NYSE
SIBN,1.0398771428661968,-0.7372309335191063,10.60908239092566,46.69260403525504,,19.809999465942383,12520355.482463837,NASDAQ
SVRE,-33.07086674122376,-43.93550662865692,-40.513218984741385,-53.551912793750844,,1.2400000095367432,80229.24061703682,NASDAQ
AGNCP,-1.0525467157398771,-1.7793309935904,0.4741257364574647,4.104912813919048,,24.829999923706055,3340255.739736557,NASDAQ
GTY,-2.4483276264566367,-13.610957349360643,-17.211135422224956,-12.520213381513322,,27.8700008392334,20233118.94926834,NYSE
NU,-0.37224396499954127,-10.05511427304051,-1.646330936764584,-5.400818274951069,,15.180000305175781,2738202852.928299,NYSE
FNGR,40.13888958450637,-18.233387901288477,-47.93601616669888,-79.47518279475294,,0.27000001072883606,17295163.077248007,NASDAQ
ARDC,-1.1900680956023812,-7.342715382709686,-10.105133277294065,-4.738944660582256,,11.329999923706055,2448956.8235092163,NYSE
BIPH,-0.4463228996193447,-2.7860486446996235,-2.608364897227289,-1.8421383893793775,,15.579999923706055,374044.63816833496,NYSE
GCO,0.45632918686264734,3.982062689035626,3.8640714726278613,21.31845252778848,,35.65999984741211,5070424.058303833,NYSE
DAVA,-1.3948510233055988,-41.87223282321156,-37.779283475493976,-58.86302705446804,,1.909999966621399,470087.2817848921,NYSE
GPGI,2.9426504980098134,-9.148591885879465,-24.969534370545766,-27.573228858226717,,12.979999542236328,25401936.984153748,NYSE
AMTB,-0.0547757097733359,0.9963333191862489,13.462883595943298,30.005342376806787,,29.25,6599443.5,NYSE
ET,-0.5319681945717303,-5.829138067703932,4.567108400790287,5.396659830341544,,20.719999313354492,149273173.93319702,NYSE
COLL,-2.87534281186993,-9.986881113581314,-40.014205948589066,-32.736964634816246,,21.8700008392334,21331539.548570633,NASDAQ
MIDD,-4.555270739410777,-6.8782023689853755,-25.590945000594456,-1.7331490307047837,,105.11000061035156,70135173.45726013,NASDAQ
SVRA,-2.2209140023453533,-7.2866191921927115,-19.36790774268872,-8.715596330275243,,4.78000020980835,13680905.520495415,NASDAQ
PIPR,-9.107058002140523,-13.393282093100678,-9.937016314343728,-14.543701433143063,,65.62999725341797,57466085.00507355,NYSE
AIFU,8.11921434332399,-52.09908134962535,-74.55864598413766,-62.69503536217649,,10.319999694824219,24035.279289245605,NASDAQ
SUNS,-12.623491696614996,-14.84354053087854,-21.421521000152055,-17.85345849398292,,5.940000057220459,732954.4270606041,NASDAQ
DT,1.3371001617401346,11.070822207973329,30.87364562883814,58.06278010722736,,60.209999084472656,360779699.3441391,NYSE
FMST,-17.607694699554887,-42.43611528357414,-60.607512773229,-65.00460245258643,,0.5421000123023987,133675.3578336239,NASDAQ
RDHL,-6.750956922900341,-37.353925661639174,-39.352106276343825,-38.087002067906624,,0.4927999973297119,42836.63976788521,NASDAQ
GWH,-49.97025485355683,-51.21809561083007,-81.67755936145427,-85.4999995272735,,0.15700000524520874,0.0,NYSE
RL,3.024035342169018,4.650325991994908,-9.386309157971928,4.181575472249399,,365.5400085449219,163097006.5525818,NYSE
FUFU,-0.21126908244795128,9.505405827933844,2.532560827230368,-22.568307703900913,,1.4950000047683716,194351.49561989307,NASDAQ
AGRZ,-23.303488915423777,-26.223936775284816,-57.148499608279145,-66.82633567520054,,3.4049999713897705,55334.65453505516,NASDAQ
LRCX,8.40342579186737,14.322139394863797,-8.992460107270283,56.86011774124711,,345.79998779296875,2093007333.5150757,NASDAQ
NOA,-2.3083136554939987,-8.882867457734855,-7.106677116731741,-9.927072656570314,,12.25,654542.0,NYSE
OGS,-0.09688213784051491,-9.677418985295683,-6.054454192762182,-17.278998833741845,,72.56999969482422,36966649.85454559,NYSE
AIRT,-0.2923594049139666,-9.144418323554394,4.221446007740148,33.06414928719745,,30.209999084472656,556589.0231323242,NASDAQ
GSIW,-28.528361590612406,-39.25634541218541,-64.57464533893457,-38.818871116121066,,9.899999618530273,67864.49738502502,NASDAQ
XHG,-16.900173868108293,-44.69696991800832,114.17287055145194,117.21217604060547,,1.899999976158142,4278.799946308136,NASDAQ
ZBRA,1.9900641530379293,6.465377975455633,40.729655388716004,82.22742457390333,,375.6600036621094,130830358.15539551,NASDAQ
APPS,-0.4566197350255985,7.941344616487633,-6.298562363969573,287.15846925567206,,11.210000038146973,28302873.57631302,NASDAQ
UPLD,3.4443177303974393,-15.219947842696591,-26.703274545592713,-45.77189217826334,,3.799999952316284,133254.59832787514,NASDAQ
SAIL,-3.562339796017411,5.147969746690495,32.448872639970894,57.06830994342729,,20.290000915527344,75081586.05783844,NASDAQ
YJ,-7.0874860212916,-31.03164942399621,17.837078371853575,7.716009098902665,,1.6399999856948853,56812.879504442215,NASDAQ
NAT,6.215867000403907,17.762400100174315,42.64757481500994,37.83327706665618,,8.369999885559082,61579160.51804352,NYSE
CHSCP,0.6935908175625949,-2.0539714179946156,-2.6233406934038306,-4.919224507189746,,26.09000015258789,416944.2924385071,NASDAQ
ORLY,-1.2262241878931435,-3.250680922596505,-4.621903719408548,-7.555369286614544,,83.9000015258789,695225113.2439728,NASDAQ
ATAT,-0.41761365440012854,-7.151856231171694,0.39625991969509666,-10.562604305827449,,32.130001068115234,24441452.4625206,NASDAQ
WGS,-16.04339197441812,-14.33620488136852,7.665554884606229,14.356220688338773,,76.2699966430664,65210008.1598587,NASDAQ
BBN,-1.3051227758418826,-8.681835410044926,-10.646767675166945,-10.379240089784814,,14.220000267028809,5725370.267513275,NYSE
ROCK,-1.8855899526213138,-10.451309467082371,-9.469440266673113,1.8970867474685793,,40.31999969482422,12223128.867485046,NASDAQ
OKE,-2.9639686525088527,-8.88085150435649,-0.6497961841895106,-2.6278747022620563,,88.58000183105469,283076794.87153625,NYSE
MRP,-8.322925208408282,-19.060898429114904,-14.619962318348922,-10.422048939291283,,22.510000228881836,163931170.09685326,NYSE
INSG,7.258883657880344,1.391553365216458,-53.84447357083685,-63.4745034802271,,4.619999885559082,1454662.4039669037,NASDAQ
RSKD,4.475225972418184,21.16156913453835,52.66640600558672,98.08080272788418,,7.809999942779541,8277131.659357071,NYSE
RMTI,-0.7674417000580247,5.124412323755867,52.774791925796436,-7.037040107448145,,8.229999542236328,82736.1853981018,NASDAQ
PANW,3.499392413795155,12.145948942421935,14.765309382367576,148.84071995635506,,406.760009765625,1808505848.4191895,NASDAQ
DSP,-0.5088830834413915,-5.6963454507631734,-4.415643799284519,10.824188105146447,,12.140000343322754,7695339.837626457,NASDAQ
QTEX,26.894541299535724,16.976060727901988,-38.3655085394662,118.57599009306065,,1.5399999618530273,154980272.38102055,NASDAQ
FWDI,-3.7849603358405037,27.182918106637377,74.58442890113812,82.48742595451482,,8.109999656677246,17886636.682800293,NASDAQ
FPH,-3.40479369867811,-9.491928981876619,-11.136891541672078,-5.4710031033448185,,4.460000038146973,517979.94443035126,NYSE
BXC,-5.0262027173305075,-4.91082974922028,27.155839894995815,39.382454069354786,,74.5999984741211,16751056.657371521,NYSE
DJTWW,,,,,,5.164999961853027,20246.799850463867,NASDAQ
PMO,-2.1445441363245,-10.511864445454,-14.534555841767016,-10.283131012873358,,9.069999694824219,1838044.5081558228,NYSE
SCHL,4.703544313586794,-6.799646910143742,-22.399550677133938,-7.8810934778451465,,37.40999984741211,20374570.80689621,NASDAQ
PI,2.6642543065245494,5.990283954293907,27.96825900239941,81.8165553297601,,185.19000244140625,100436501.49407959,NASDAQ
CENX,-5.93348329906963,-22.741844887946016,-19.589782897623476,-40.266393111919506,,36.939998626708984,62166175.92889404,NASDAQ
ALG,-1.615923473335279,-5.195985997581165,-5.341910643459025,-5.0041322118498215,,162.38999938964844,26861092.189041138,NYSE
UTSI,-1.1976057063662449,-1.1976077214497671,-5.016450391672123,-3.9900289903510355,,2.3399999141693115,6870.239748001099,NASDAQ
CNET,12.055839871060336,32.18563042289622,65.35580501351855,143.25068621283012,,1.5800000429153442,53968.06146585941,NASDAQ
REPL,3.0648914893120827,-15.217392477759484,15.936672737861901,67.24181463823535,,13.149999618530273,29926795.431850433,NASDAQ
DOX,-0.1447620628412527,-7.826667514619912,12.718854006881442,-11.5632358814573,,58.459999084472656,62974104.83377838,NASDAQ
LEN,-2.259707173929615,-4.809838582573612,-8.903781746099149,-7.232426766540156,,74.44000244140625,791599601.2420654,NYSE
BAFN,-2.032142029149153,6.435786473119309,39.06485724345941,13.337431338892802,,7.75,980987.25,NASDAQ
DYNCU,-1.8289411275481116,0.9207311424280551,0.8655072046684253,0.6989115343512653,,10.949999809265137,0.0,NASDAQ
ALLY,-2.4564306420500004,-11.233467625375425,-17.625993544702013,-4.2878149699738906,,37.630001068115234,176029231.47653198,NYSE
IPXGU,0.0,0.0,0.0,9.565739040732257,,10.949999809265137,0.0,NASDAQ
BTGO,-5.883857009259796,3.633804052648415,42.81832341539202,-10.31204075216402,,7.380000114440918,4280901.906383514,NYSE
GHXIW,7.407404791016958,-3.3333399560713795,,,,0.5799999833106995,0.0,NASDAQ
RILYG,0.18824159644481586,0.12110416421049486,1.7643193892677989,7.947424386153101,,24.940000534057617,533441.6714229584,NASDAQ
BULLW,-10.582310987589649,-33.212009105579455,4.5584058324112275,65.71343073340034,,2.2200000286102295,888.0000114440918,NASDAQ
ROOT,-2.2044271262101622,-16.322851390465964,-23.9901721400127,6.051742381934488,,47.41999816894531,7237334.9605407715,NASDAQ
GO,1.585887999176161,-5.830855195235351,11.915980955045114,62.699772519825544,,11.420000076293945,32564038.857551575,NASDAQ
AAUC,-7.516487175609232,-12.891422361741,-14.485004074725104,-34.19259453875919,,19.780000686645508,6661291.051240921,NYSE
MRLN,-4.994570282154154,-42.92237325746615,-66.09841201959212,-77.10023584907132,,1.5700000524520874,4946850.365269184,NASDAQ
GRAN,-8.39552436730171,-20.742536473856976,-33.01500848199298,-8.361328216233277,,1.059999942779541,1034.559944152832,NASDAQ
FLXS,-0.07362244418757102,7.993732586949309,18.896281752491404,89.0571954357199,,88.05000305175781,4397393.252410889,NASDAQ
BRTX,-9.664535340365866,1022.5806308481604,486.80087082033793,709.5919874290091,,2.240000009536743,190886.08081269264,NASDAQ
FVCB,-1.310481809976416,-3.657533660047385,0.7086555585827048,16.11755717555903,,17.700000762939453,947374.8408355713,NASDAQ
TVTX,-3.7847147377860213,-12.403826018314001,1.7238969947790617,92.18853483464962,,57.66999816894531,152474630.8788452,NASDAQ
VCIG,-16.283823969041077,-29.258129458695457,-96.00287098687107,-93.17548998525076,,0.9110000133514404,1390837.3853838444,NASDAQ
INDI,-3.9041980959272804,-19.02128625091256,-33.76300114540126,-5.0259393846586615,,2.9100000858306885,8714961.377048492,NASDAQ
GL,-1.199910319636388,-4.432817008634348,-7.1374985754003255,18.11227687517578,,165.9199981689453,62300304.59246826,NYSE
SIMAU,0.0,1.7362978270507812,2.1798343880919058,4.26320704145744,,11.25,0.0,NASDAQ
TREE,-0.6005516760605567,-12.639087820452588,-45.58862711128921,-41.58160849404954,,24.510000228881836,6405222.869813919,NASDAQ
JEM,-4.631355443186247,-18.56818375656424,-88.03752675315631,-84.92003384741035,,3.640000104904175,50333.92145061493,NASDAQ
OFRM,-1.9334346073513142,-8.022498044819915,-24.001897291888685,2.0111990935820945,,16.309999465942383,3973050.6299057007,NYSE
BEBE,0.019920774740689318,0.6212471767225392,0.5809313313788422,1.536906434404961,,10.050000190734863,35255.4006690979,NYSE
CLVT,-12.707181956566371,-23.44961098381464,-33.72483183889688,-36.54618421598157,,1.4500000476837158,5940776.345364332,NYSE
ATRO,-1.4498637102449474,-8.235228682535833,-8.178208703194645,24.851818426422124,,68.41000366210938,16414022.638671875,NASDAQ
SLNHP,-4.224013860610077,-1.9595142318169612,12.821468755134035,56.27258729874185,,10.84000015258789,10644.880149841309,NASDAQ
SRG,-5.494506718124558,-17.624519414706118,-34.94705223121457,-37.861271118670835,,1.75,220416.0,NYSE
FGII,-0.0398933779560795,0.09988052209990439,0.8046701379439858,1.2323302926855462,,10.029999732971191,613394.6636695862,NASDAQ
AACPR,-2.2727267339456403,3.465386333445508e-06,-7.5268778094997995,,,0.18000000715255737,0.0,NASDAQ
BNAI,-6.562742181617354,-46.76731764565627,-64.2362766123927,-84.665370501101,,5.840000152587891,554221.8544807434,NASDAQ
HALO,-3.952035195032566,1.313010906665757,37.77324662118093,71.1037439333422,,108.30999755859375,201015773.7689209,NASDAQ
WIX,-3.9066227696131772,-15.984589129824956,48.691485555644086,-16.451501235038435,,74.05999755859375,104766679.68634033,NASDAQ
RF,-1.8480812085318377,-9.988658867167278,-11.453890795270738,3.047893872446905,,27.06999969482422,288642046.88597107,NYSE
CLAR,-3.1710049308094623,-8.799997965494788,7.818410973880807,27.232142896739898,,3.450000047683716,246906.1534125805,NASDAQ
MITT,-6.735752463459155,-14.157971873827503,-25.983036999034226,-21.993499102869386,,5.630000114440918,2448081.6897621155,NYSE
SABR,-7.734304122877678,-3.7037035779156957,-3.0592717032539407,41.422592437908094,,1.9299999475479126,11200443.965602756,NASDAQ
LINE,-4.959226167191611,-11.307657500094548,-21.000321487789574,5.867911539857418,,34.97999954223633,58608709.39302063,NASDAQ
HTH,-0.9343340220085206,-1.0170006101844487,-2.19530770797689,5.986484165917738,,38.150001525878906,11458085.908287048,NYSE
PBLS,-7.911995262242478,-22.17183064927878,7.0636353688909415,,,29.530000686645508,16907106.59313202,NASDAQ
NCPLW,,,,,,0.0284000001847744,0.0,NASDAQ
SRTS,-0.4340555540289004,-11.77514667433519,-2.293575831592609,-26.875918668651945,,2.9200000762939453,47998.96125411987,NASDAQ
EIIA,-0.08750498515018856,-0.24620869960026992,-0.8595858432753123,0.6410250336147172,,25.139999389648438,307864.43252563477,NYSE
SYM,-2.4602586475544586,6.858733315234566,-2.531706451021054,-18.771463130128396,,42.869998931884766,58452471.883644104,NASDAQ
BCML,1.7819434759651198,2.2679045426656774,-7.663752366170917,3.7331009225540113,,31.010000228881836,1582595.3616809845,NASDAQ
KMPR,0.1407336948238802,-8.937078894990291,-10.024586373992328,-16.1011397538808,,25.809999465942383,21586915.73332596,NYSE
CFFN,-2.53924154096159,-2.5167379643371013,-0.44800655757344376,17.571708288579792,,8.550000190734863,8463234.788799286,NASDAQ
IMKTA,1.852913744485063,4.680080947700249,-5.1793696853410065,-5.803836556493858,,86.51000213623047,7877081.734512329,NASDAQ
NEON,0.2217292790333003,2.494331409017847,-5.241091351789717,-34.77633343592558,,0.9100000262260437,51050.091471254826,NASDAQ
TY,-0.9595353001839335,-3.568212596633591,-1.5117533440436648,8.100946468509719,,34.20000076293945,1582844.4353103638,NYSE
DHI,-3.4327366295282102,-5.368131457312608,-13.87544495558457,-1.1705694057440819,,133.22999572753906,651489216.6778412,NYSE
NEXT,-3.5655167088419093,-14.236017423377167,-15.857180198626642,-18.260648381050302,,6.570000171661377,13114351.062652588,NASDAQ
CYH,-5.02035437928825,-4.043868232999892,-23.413566619739868,-4.826648785219268,,2.759999990463257,3225137.2688560486,NYSE
TUYA,-1.8518514430408528,-9.304811586530926,-6.915476125500241,-26.959514306224087,,1.6799999475479126,405716.6273329258,NYSE
PLSM,-8.959057289854556,-14.179684538685189,-54.654281143510055,-37.83600090909649,,2.2100000381469727,64419.291111946106,NASDAQ
LIQT,-25.221186149499886,-16.069930379481313,-39.38384015142228,-74.67932543990115,,0.44040000438690186,157696.67197084427,NASDAQ
LPBB,-0.10154976302882979,0.18516697679402672,0.9798442944235708,1.892657399143327,,10.8100004196167,12290.970477104187,NASDAQ
FMC,-9.90787974535705,-27.911546635752526,-22.47666042979012,-48.908751433473064,,9.0,56631771.0,NYSE
LCNB,0.21381308636083673,-2.252345999003169,5.07790902419436,17.675122998069547,,18.920000076293945,573749.0023136139,NASDAQ
BLDR,-3.9662924775921593,-12.465299205149039,-32.385809766177566,-29.643221343615565,,55.630001068115234,164781959.94387054,NYSE
EDIT,-2.6765826814623805,-15.275081958895221,-25.49801054149351,3.0708632015961745,,2.7899999618530273,8386084.235339165,NASDAQ
HWKN,1.7072245882388204,3.528749171889989,-7.424104139496912,-15.693731666969324,,132.05999755859375,31195872.92327881,NASDAQ
TM,-3.0618908450324445,-6.936507956134619,5.374471406947157,-10.811254985309803,,184.1199951171875,61320796.13378906,NYSE
HSBC,-3.0685908367026338,-6.289911783031932,1.0024402015325728,17.37000119127403,,96.68000030517578,153591359.24481964,NYSE
AWK,-1.9794908893728702,-7.070328313074292,-3.430418503589505,-6.183932937738557,,127.83999633789062,232805709.97103882,NYSE
CDE,-8.482889247883318,-16.609622713457483,5.433343576629213,-4.725181646673771,,17.049999237060547,483942966.994915,NYSE
MBNKO,-2.4506254635084046,-5.8141339819189675,-5.4269504810087525,-3.263197371490234,,24.239999771118164,369466.07651138306,NASDAQ
MSGE,0.7398354588642464,3.549702017590528,3.1005368382686083,36.619961038502204,,80.01000213623047,47825418.70691681,NYSE
BXDC,-9.264873764254766,-14.165593071567761,-19.185992568179632,,,17.219999313354492,36889784.60902405,NYSE
FTW,-2.7037619817247727,-9.230486787731994,-17.590441986738124,-8.713236534806867,,9.710000038146973,1305451.2451286316,NYSE
AACI,0.2389027235689012,0.2389027235689012,0.7201471607804821,2.1298217329264624,,10.100000381469727,7251.800273895264,NASDAQ
ATLQ,0.020058529515276646,0.18079580769518877,,,,9.970000267028809,2941.1500787734985,NASDAQ
ETW,-1.1250019073486328,-3.69318501788507,-0.8564899677727111,7.814628848561722,,9.489999771118164,3880384.9864120483,NYSE
RANI,3.7581607498174074,-6.9360483898689544,4.5224949748470245,-0.002515907111511062,,0.7749000191688538,434606.5502509475,NASDAQ
PFO,-1.6704795089760083,-4.933631338260113,-6.991341029375009,-5.352421524051398,,8.510000228881836,127590.43343162537,NYSE
FLNT,-8.168168923271068,-6.425948334343456,-21.949975279437773,-5.207687046656417,,2.8399999141693115,62275.51811790466,NASDAQ
DMLP,-1.4286711185333978,-1.706814473538898,12.279873300469157,3.2533270527250524,,28.989999771118164,2955240.5766677856,NASDAQ
WTFCN,-1.1957179860774936,-1.716100534388576,-1.5090591133722464,-0.15918763003698322,,25.59000015258789,434134.35258865356,NASDAQ
OII,-3.863792199614169,-13.571649231431548,12.689557339376268,25.922358447545978,,45.65999984741211,37614707.874298096,NYSE
ROL,-3.408583319968761,-16.11684829309349,-29.291699600225584,-43.641791505361084,,29.690000534057617,192495266.91256523,NYSE
XAIR,-4.318489256323055,-26.604555500334527,-68.61443109368398,-79.71387710196846,,2.8399999141693115,121336.15633296967,NASDAQ
SPWRW,,,,,,0.029600000008940697,3270.829600987956,NASDAQ
SGMT,-6.124496553788661,-12.157084243829186,22.28616263844041,83.5132489696246,,9.029999732971191,13804503.731782913,NASDAQ
HIPO,3.2268635884064034,-5.760379840363061,10.263582564531903,22.13273749256457,,32.20000076293945,3826454.890663147,NYSE
CHGG,-1.62841839958211,-16.074593170166384,-28.563492942863313,-0.8154292942375019,,0.7203999757766724,289987.64504921436,NYSE
BFH,-3.1304174938106555,-6.790135017850241,-5.768381400424705,33.0096344015862,,98.9000015258789,41134785.33464813,NYSE
SMTI,-0.4155043246299783,0.6906059700099387,42.63818407102056,103.08763318119709,,35.0,8000790.0,NASDAQ
MOS,-8.530285052563746,-12.757536172857664,1.9448635427290029,-16.75917474089349,,21.290000915527344,188586231.98971558,NYSE
PAI,-1.1623857019932293,-4.026277711922588,-6.1295079673762025,-5.912467314210746,,11.350000381469727,151987.8551082611,NYSE
ENJ,-1.2374124439258782,-2.6865019627677955,-5.9704449321064885,-6.853919845706791,,18.950000762939453,13473.450542449951,NYSE
GDTC,-1.0412168439310032,1.4228548459789048,-7.558258980112964,-10.689113144823391,,1.0099999904632568,64463.24939131737,NASDAQ
ZLAB,-0.8385092500854618,-1.9950864110759858,33.45872539445545,30.446329710702113,,25.6200008392334,20170063.02070999,NASDAQ
CHEC,0.2142136322158983,0.5962296278531509,1.1996079001293403,2.428344491613954,,10.289999961853027,0.0,NASDAQ
SUNB,1.3301458287841683,9.095907130500901,3.913030662769823,17.844310086603965,,77.38999938964844,336818535.3136139,NYSE
LGHL,-37.199435619060395,-52.966101403826784,-92.67181615226744,-97.18288408750556,,3.8399999141693115,414681.59073114395,NASDAQ
ISNRW,-7.69230522347617,4.3478258616081344,,,,0.2199999988079071,593.9999967813492,NASDAQ
TSHA,-3.262643584480651,-16.390555484533277,-27.83693625847805,8.459073788184956,,4.489999771118164,17579714.063858032,NASDAQ
MLI,2.1574859823089376,-0.9733985403758361,7.070288615285358,11.153181939243417,,62.970001220703125,122080256.21658325,NYSE
CPHC,-0.558869148892116,-1.5096212350844462,-1.781456682900584,1.5829781050135994,,15.600000381469727,42198.00103187561,NASDAQ
SMTC,6.570770234984891,40.12619280851091,31.47693984241211,137.44368070439256,,192.8300018310547,357828849.49783325,NASDAQ
AVA,-0.391155680691857,-6.20796265823923,-14.183150366047915,-13.706903142677717,,35.130001068115234,31168425.977664948,NYSE
SPRO,-4.29252746338461,-0.6600673245261923,-45.17304226811716,-50.12427395665748,,1.159999966621399,1085401.5287679434,NASDAQ
GE,-2.846399191874782,-6.810133859387912,-16.741724675769998,9.78620303194091,,306.3399963378906,1596530408.7744446,NYSE
FLOC,-4.88236378595005,-15.398148865202643,-9.561514457865162,-10.710447371940923,,18.489999771118164,12551511.07462883,NYSE
AEHL,17.337100739586674,78.7173100656841,-38.87254773630905,-46.80034130473917,,10.859999656677246,521562.3435115814,NASDAQ
FIGS,7.292475992007352,-9.275780202119144,38.1618414111804,-3.757827247172285,,13.630000114440918,26043072.928664207,NYSE
CDZI,0.81300735263512,-7.0464794089936,-10.619894494107275,-25.24115685065994,,3.569999933242798,2772426.2481570244,NASDAQ
BIPI,0.06269616468059791,-3.8438372609416183,-1.4449808893537641,-0.881876908799728,,15.960000038146973,306958.6807336807,NYSE
VIA,2.418030781375591,7.831714814383095,59.51064007354576,97.3414025376046,,30.889999389648438,22691206.64164734,NYSE
SPB,-7.7560777029058166,-10.22222361333689,-7.033280707857992,5.9155666255286565,,75.98999786376953,31825598.97531891,NYSE
PRSU,5.0067827032747925,5.965072836238106,-7.331496274643579,37.257535825686915,,52.290000915527344,14866570.16029358,NYSE
WLKP,-0.7542579040854647,-2.2560502563279683,-4.240791636374153,-3.5038452373331586,,21.420000076293945,352637.4612560272,NYSE
GHRS,-7.496215881414548,-16.019382038908926,-12.933941839094832,62.36017910515588,,22.170000076293945,4588369.725790024,NASDAQ
RSI,0.19853162933676227,-22.864129555817193,-35.79288933745667,-7.555638540969689,,20.989999771118164,85149922.17149734,NYSE
NI,0.015247545106467086,-4.12160145846846,-16.884871926831014,-16.144702718559756,,39.54999923706055,161083785.14261246,NYSE
SCLX,-14.61445376040491,-21.535895232887945,-49.02386297008038,-1.4595286816673214,,3.819999933242798,227714.01602053642,NASDAQ
BB,6.036501851185849,14.879598011159922,-23.76787204895954,170.40573194681645,,9.079999923706055,137496032.644701,NYSE
ARCLU,-0.01958711804534996,-0.1955004469124888,-1.86811813795984e-06,,,10.25,1025.0,NASDAQ
MANU,-0.28210020460209817,-4.410667243874999,-9.80996071945941,20.274552128892466,,20.049999237060547,8200770.487945557,NYSE
TNXP,-9.325910969484951,-33.35282311711,-27.57306472920519,-31.909811943169608,,8.069999694824219,9157980.91368103,NASDAQ
CMDB,0.01788960308366505,6.352831418695715,22.849613677560974,36.945875630685165,,22.270000457763672,1572529.2723236084,NYSE
QH,-6.46206828802568,-10.820335581834694,-44.712185376793066,3889.200925712916,,3.740000009536743,13400.42003417015,NASDAQ
DEA,1.2934814268467987,-5.3645773040836175,-7.737622200432249,7.823985275531142,,22.950000762939453,12485121.715049744,NYSE
FRO,7.0837532029874195,14.83440635124802,41.743653652753586,45.45299930681041,,53.75,289309697.5,NYSE
SAFT,0.21827112498198353,0.40057126265047316,35.087352465413616,42.11794851271529,,103.88999938964844,15270167.670288086,NASDAQ
ATPC,-6.999103991713918,-12.279662084901389,-28.662990978378833,-29.96617263047021,,2.119999885559082,29981.038381576538,NASDAQ
TLIH,-1.78509811035803,-1.9855404314745417,19.02961426127878,131.87397685603352,,5.760000228881836,3323.5201320648193,NASDAQ
AGNCO,-0.8835872429117209,-1.1838917031240181,0.4306338681290933,2.5377849419010223,,25.190000534057617,573903.7821674347,NASDAQ
BCAX,-10.652614276521932,-22.74321873264086,-38.670016752719114,-11.26289836311809,,17.290000915527344,11078395.18661499,NASDAQ
PAYX,-4.58678708527096,-20.93943787576602,-4.517183017808534,8.194472517824147,,99.77999877929688,273486300.19418335,NASDAQ
RVLV,0.27529808976518577,-4.571324897208406,-7.3095838527173385,-6.106669004539167,,21.049999237060547,10989110.001708984,NYSE
DAL,0.5342586773806612,7.229008325308306,-8.732437607654987,26.849247456669588,,83.08000183105469,627347312.6665192,NYSE
RERE,-5.575266744527507,-9.956498345681553,-6.569707704439054,-18.82352823846295,,3.759999990463257,1595623.6759529114,NYSE
KTCC,-2.085222299819345,-14.285714015398444,-47.85127990138519,-21.16788383411532,,2.180000066757202,25100.520768642426,NASDAQ
GHG,-0.9881425392558985,-6.179777162121091,-12.105263267967958,-19.063006711694797,,1.0,13857.0,NYSE
BTOC,-7.091919512429278,-21.88541164025487,-22.196419252023027,-13.340726423780602,,0.22849999368190765,12768.351146951318,NASDAQ
DYOR,0.11843369782731372,0.23715392671164182,0.8951638183670063,1.8883077248405655,,10.149999618530273,4059.9998474121094,NASDAQ
MEVO,-0.039960953659057274,-0.11978522318139007,0.7653596596875145,1.5837538052571931,,10.010000228881836,47397.35108375549,NASDAQ
POLE,0.05589843053668275,-0.4449419282360978,-0.2970697232595132,0.8924348909661317,,10.739999771118164,8839.019811630249,NASDAQ
PURR,-8.787922842887319,2.908694636214282,48.383176554423656,142.76054038660834,,12.920000076293945,202583133.4762745,NASDAQ
GMM,-7.931284239176984,-24.72666232540326,-19.514388304110618,-97.61014688158227,,1.7400000095367432,26731.620146512985,NASDAQ
WRD,-9.6261358475058,-11.20837574204815,-7.98648123406609,-32.922717099747786,,5.070000171661377,22215407.342175007,NASDAQ
KOYN,0.2932026637936014,0.263806730695304,1.1433094258044063,2.133845811945445,,10.260000228881836,10034.280223846436,NASDAQ
CLMB,4.8517720746452,17.128411849507643,35.61474797148587,62.89620086225156,,33.72999954223633,5005902.962062836,NASDAQ
MTN,0.9941386421892462,2.0962860644279324,-0.07731198533045269,8.828937820329275,,139.3000030517578,114786963.61473083,NYSE
RAVE,-7.520000601196308,-25.41935674605832,-30.445247990613368,-10.6646069069937,,2.2899999618530273,68649.61885643005,NASDAQ
AVT,2.5711107728261906,15.484290285340109,22.642224005903742,68.45700924656111,,106.19000244140625,134733662.71765137,NASDAQ
SLXN,-4.89130220217503,-22.480620858605562,-89.52879567730885,-97.67441862422311,,0.26600000262260437,309829.8870547414,NASDAQ
SLNG,-5.9655830422043366,-20.006507880928392,21.01377548965302,13.632160612503942,,5.010000228881836,80896.473695755,NASDAQ
KSS,6.104025583736261,2.5629844221474185,6.452341912774862,46.63963860724705,,19.530000686645508,100248294.25457954,NYSE
ATEN,4.339175076898605,8.628794441842324,-26.15101238144287,16.004423854376505,,28.190000534057617,27987511.76022148,NYSE
MCAHU,-0.6206337169597398,-1.6506711139739672,-0.832201287262857,,,10.260000228881836,2503.440055847168,NASDAQ
CUVL,1.7739104930394989,-5.092441527707092,-19.90145200111898,-14.11799232716241,,5.739999771118164,54277.43783569336,NASDAQ
SHG,-2.8942497409119916,-2.8678209025056023,17.361278675423186,27.28599167824526,,78.45999908447266,9070995.874153137,NYSE
APP,-9.384680208347973,-9.312724525031534,-46.705266495148656,-27.05100140984953,,281.9700012207031,1922367985.332306,NASDAQ
RDI,-2.9411760794349706,-8.683205772568769,48.83359732413517,74.6350330467503,,1.850000023841858,44459.20057296753,NASDAQ
HIFS,-4.040080686681991,-2.034157199914133,-6.933789787159683,0.5587673199088039,,283.8399963378906,12469942.559112549,NASDAQ
APXT,0.05919253857880058,0.17779563965105716,0.7550171170612963,1.8068672592939317,,10.140000343322754,48296.82163524628,NASDAQ
CUE,-17.9885930612925,-7.261667758427048,-17.84218710270019,315.22309486271485,,24.360000610351562,6640073.326370239,NASDAQ
GRX,-2.796626883563147,-6.005170814843286,-1.3564246176063444,4.073096385649921,,9.390000343322754,66650.2224369049,NYSE
AACP,-0.17836317512380795,0.07947349143522242,1.043128405332383,,,10.069999694824219,4209.259872436523,NASDAQ
TBBB,0.20134436520833354,7.0063695647548,26.85038550861927,48.62230573701718,,53.869998931884766,35651219.16312027,NYSE
INCR,1.2187719490381221,-3.4933285132228376,1.1996212514441273,41.08150565777786,,5.449999809265137,7940.649722099304,NASDAQ
OPTU,-6.777350243785296,-2.7452928412421196,-20.378689217259893,-27.508954797313688,,0.9889000058174133,838827.5076345801,NYSE
BDN,-3.6036051069953445,-8.184818622080659,-13.656115877525842,5.458679204459194,,2.7300000190734863,4166072.8491067886,NYSE
LQDT,0.11111526351486045,6.8435627115926545,12.274782276138874,40.637400557355186,,43.220001220703125,12304691.127532959,NASDAQ
WIA,-0.39174744193489763,-3.5407185045981504,-5.78063389515383,-5.57068694655044,,7.639999866485596,172939.03697776794,NYSE
AMAC,0.0,,,,,9.800000190734863,10133.200197219849,NASDAQ
APRE,-5.003940877516677,-11.860523445634474,-5.078782220748234,-0.14917297238252747,,0.675599992275238,199968.1393135786,NASDAQ
NTWOW,-15.073669358997787,-26.416534241380894,398.58882645318783,,,0.9282000064849854,10859.011875867844,NASDAQ
ABAT,-3.8327510284916433,-17.427073337555566,-20.57553731014955,-18.82352736994468,,2.1700000762939453,5710613.430776596,NASDAQ
RBNE,-3.2549881297660677,-12.381316241824292,-76.28639534614045,-93.26684331367296,,2.1600000858306885,97020.72385525703,NASDAQ
HBAN,-1.2674605376243986,-9.086577614813828,-14.799107335298789,-2.478282558764733,,15.289999961853027,297536885.71767616,NASDAQ
JKHY,-2.6768742641108734,-14.287753289794292,0.11664459631708368,-8.23745059362998,,145.1199951171875,106695848.41003418,NASDAQ
NTWO,-0.4450141158883092,-1.0093253618321252,1.1736146917959323,2.9631011848051614,,10.850000381469727,2796121.048307419,NASDAQ
BLLN,-9.138772430564746,15.567518678783143,-9.72686666819229,37.410235138256944,,109.05999755859375,44461470.74468994,NASDAQ
BGSI,-1.3590906059126273,-8.84927046184748,-18.704320324946277,-37.14079798887375,,78.16999816894531,4211174.141357422,NYSE
TTEC,10.227270572146141,-0.147060434814128,-34.89932964147995,-44.97568874326764,,1.3799999952316284,259704.95910263062,NASDAQ
AXG,-87.74888269747618,-94.64951210081125,-96.3209274549717,-96.67585452229184,,0.10499999672174454,972090.0746499076,NASDAQ
RLI,-0.993634217176298,-12.096570190466348,-8.544829733232229,-2.6053978974871606,,56.08000183105469,53224239.89781189,NYSE
FIVN,-5.953552328122679,1.273996474030925,47.32885913999554,129.4493127119977,,34.369998931884766,77120125.3733406,NASDAQ
UBER,-0.8576134608328623,-10.148642218528614,-6.191257702118557,-3.976953151471707,,69.4800033569336,1180935636.6570282,NYSE
BGT,-0.9301420339328015,-6.0316878467704615,-1.8800526225971614,-2.064176071651025,,10.270000457763672,1972209.8079071045,NYSE
TKR,1.8612616487921008,-1.0387568884932752,-15.739051497791623,19.942388642737274,,119.98999786376953,113101252.09641266,NYSE
CORT,0.2703679567795936,3.2668852720588726,29.021250405505473,185.77178018956096,,122.02999877929688,121519913.38439941,NASDAQ
SCZM,-3.500544228752056,-9.110516512200695,34.27921424992617,9.870875053624939,,8.930000305175781,2591753.988571167,NASDAQ
ITG,-25.193011752950735,-40.87040324235175,-58.418969988605454,,,6.980000019073486,2584875.487063408,NASDAQ
BGR,-0.6190150586980803,-1.6186860094621225,13.817548247967215,1.2012349220381413,,17.1299991607666,1421498.720357895,NYSE
AMSF,-1.6495872122881838,-9.664829454600454,-31.873270557261467,-28.988209845705093,,23.280000686645508,11071665.686559677,NASDAQ
CYCUW,,,,,,0.01899999938905239,203.1289934683591,NASDAQ
LGO,-21.3064515356839,-31.666668391917806,-31.281691096931475,-59.20568617943318,,0.4794999957084656,486226.90114825964,NASDAQ
INTR,7.002695900447997,-0.8909479553151578,0.5059661083719691,-29.32655530618513,,6.559999942779541,178610010.60205078,NASDAQ
GEOS,-5.2009444983145965,-7.568191514214795,-28.984651121202788,-60.251115068692364,,4.75,960597.25,NASDAQ
NEU,1.9942845251025965,1.0362855679262317,15.565163074238386,43.5691137100453,,924.3499755859375,131525758.02612305,NYSE
AIOS,-7.636640033618791,-13.876003030627649,-12.982955279352137,10.061082446052993,,12.149999618530273,835689.1237621307,NASDAQ
XFLT,-0.578994286157819,1.2850193797589116,8.422592582054754,13.677737045283145,,19.299999237060547,2197633.0131263733,NYSE
PINE,2.477983058622102,-10.465832812576547,-15.215702927453933,-4.025514753379744,,17.549999237060547,2883693.0246391296,NYSE
DAVE,2.7918363169813887,-7.564505698612233,-11.439697678176353,97.17388845295683,,368.94000244140625,106480143.0446167,NASDAQ
SGML,-7.402570280653631,-26.576936822784734,-25.073145906048357,-29.051869974485367,,9.5600004196167,27498614.646995544,NASDAQ
RIV,-0.36335921628652956,-4.961693327564188,-10.909713003388543,-7.030694902505341,,10.399999618530273,697434.3744182587,NYSE
FOUR,-4.5090751762558945,-15.384258345857138,-27.481825936907644,-15.077223662750383,,37.54999923706055,73292078.66085434,NYSE
RDW,-7.658836322796569,0.9899095882975217,-7.060267505311957,18.072557317514672,,10.430000305175781,186664296.98168945,NYSE
FDX,-0.23293327072470005,-11.384782946942584,-7.915769509150938,0.4628372208173248,,289.1300048828125,544995602.7038574,NYSE
MNPR,-11.244801652414061,-31.64069267095646,-17.551020088774692,44.66725347921947,,78.29000091552734,10041475.517425537,NASDAQ
SARO,-5.457777235243055,-13.1187696445071,-29.55358352816869,-18.140536934860073,,21.040000915527344,79240641.04804993,NYSE
SEG,-3.50089098258366,-13.462563850325438,-14.764901860801649,5.475771273180241,,22.5,3798427.5,NYSE
RANG,0.18449903039297055,0.7982131751512078,1.5427766859392955,3.1828927303705123,,10.859999656677246,0.0,NASDAQ
ECCV,0.4982024081334746,-0.9040615140086694,0.5697785549765522,2.699582974954051,,24.065000534057617,152957.14339447021,NYSE
HUBCW,,,,,,0.0066999997943639755,161.36949504725635,NASDAQ
STFS,2.9909691026209995,-17.045454545454554,-76.51222645456967,-9.698173654788423,,3.8399999141693115,3273496.2468316555,NASDAQ
AERO,-2.3695477150881827,4.774787869706487,-11.484400880784873,10.294746468543226,,15.520000457763672,2939860.566711426,NYSE
ANTA,-15.450497751677638,-33.530839549061284,-52.24458269892677,-64.66714500112052,,2.549999952316284,52063.349026441574,NASDAQ
AGMB,-11.258402986189997,-30.481205481162586,-26.08087045578632,-12.868926860259345,,8.6899995803833,1125241.9756650925,NASDAQ
AG,-6.814596205529577,-14.633911721180915,3.540547662242033,-16.82935851768754,,17.510000228881836,133934954.80072975,NYSE
GSUN,-4.351534517014455,-14.09961680836358,-36.48725122490079,-58.04640678907613,,0.2160000056028366,304873.63990813494,NASDAQ
GRAL,17.41861513195333,76.4974744806246,105.86487344736386,172.9094999589225,,154.0800018310547,226172493.88778687,NASDAQ
CLBK,-0.37466554403631225,-3.7739093407904933,15.312336258013271,39.87019975029871,,11.329999923706055,28592081.89746666,NASDAQ
NWE,0.026198978006664042,-1.9544663085443004,-3.156442386449998,2.9171277611112156,,68.76000213623047,58923815.070640564,NASDAQ
GIPR,-15.583469994731104,-0.12464256857955824,-75.22711070714455,-83.84961266776675,,0.41839998960494995,543002.8537092209,NASDAQ
CAI,-6.221720457726265,18.409775529643046,65.52412778097892,61.914059953414835,,30.389999389648438,150696591.81341553,NASDAQ
BCO,-3.939564302352605,-6.455289473392877,1.0288817272454454,-1.1332024500727123,,102.76000213623047,56944044.14378357,NYSE
JBIO,-6.375883307917496,-32.81324809619331,-35.7763737111893,-6.400853639607895,,14.069999694824219,8541277.734741211,NASDAQ
CLX,-2.972901882331491,-16.136765674518905,-16.143701153317846,-21.42856868436711,,82.01000213623047,228737131.32823944,NYSE
CEE,-4.609818266044396,-7.05941441091632,-11.139997625822929,2.113301408280943,,18.350000381469727,201905.0541973114,NYSE
WEAV,0.24483175197909102,0.8483864804059493,13.419517334234543,55.09259892916339,,7.360000133514404,5791782.82506609,NYSE
SBFM,-21.39759601812319,-41.283449722946486,-68.68450638745769,-93.76033669440636,,0.42010000348091125,861944.803241998,NASDAQ
ACGCW,2.7649757117251372,44.805190155650564,35.15150976575121,,,0.44999998807907104,450.4499880671501,NASDAQ
TURB,3.9848228247929107,-4.5296145683224935,-28.83116902418775,-61.05188311958665,,1.0499999523162842,178720.49188375473,NASDAQ
SPHL,-11.751629813395247,-3.2493914661218204,-15.351811355085642,-8.31408716638309,,2.450000047683716,42612.85082936287,NASDAQ
TROX,-5.451039803422564,-23.824329076868267,-36.977492274471516,-58.08383223457516,,3.9100000858306885,6231406.2367892265,NYSE
HOPE,-1.6183125935008258,-2.6262635548186752,-0.9104270716011609,17.82783329239932,,13.569999694824219,14224087.25011444,NASDAQ
HSDT,-9.777479907286523,20.867210884189635,51.35746408938162,47.845301329007064,,2.6500000953674316,777597.4779839516,NASDAQ
XTERU,-0.06057073972318694,-0.6024119457936128,,,,9.899999618530273,0.0,NASDAQ
OPAD,-4.29756911411231,-25.063820265700876,-39.554474137520124,384.39845597318765,,3.049999952316284,99600.79844284058,NASDAQ
GPC,-2.178662393748554,-7.542580646833774,0.9611660557058421,20.498185044374218,,126.23999786376953,89370722.8076706,NYSE
ELOG,4.040650998059192,-26.475151172943555,-39.84958799181694,-45.42857156655354,,0.5253999829292297,22275.383076250553,NASDAQ
NB,-1.911185581216246,-15.126458675832943,-25.87085779115659,-23.33040477943349,,3.4600000381469727,7571777.583479881,NASDAQ
RLAY,3.301204851862183,0.09660610281951865,-0.5439422333742838,69.36069266615623,,19.389999389648438,56928417.728027344,NASDAQ
NAKA,-1.0198823263939394,26.520936592061297,142.01511141384196,9.78062091084353,,10.050000190734863,2884932.9547519684,NASDAQ
FOA,-8.643003730346566,-24.879834636499034,-51.883886396401245,-23.398295147742065,,13.510000228881836,664448.8312568665,NYSE
CATY,-1.2250002593327536,-2.4741390020814213,-3.475720662105297,19.643569664388274,,60.47999954223633,31117806.484474182,NASDAQ
AS,-0.33647940054422065,-8.019980742383936,-20.724966051813176,-17.469260221746218,,27.469999313354492,99511033.96260262,NYSE
BRVE,-3.2325428415646007,-19.53337387673241,,,,21.350000381469727,18979232.289110184,NASDAQ
VWAV,-19.36671670998933,-69.41340851696691,-94.8251418297603,-95.92785425717027,,4.349999904632568,535176.1382670403,NASDAQ
RLTY,-3.3860349039732562,-10.568577892107268,-12.947553635403619,-5.990469203480176,,13.619999885559082,900295.6124353409,NYSE
WKHS,-0.27155277245520804,-10.75333984450706,3.5236098407494865,5.0035760230530135,,2.950000047683716,92571.001496315,NASDAQ
OWL,-3.8771184980955,-23.59380419425251,0.1324199191938158,3.277943444832765,,8.970000267028809,183844245.7928772,NYSE
GCV,-5.013800202684315,-9.270652852076989,-11.297251480274205,-3.72960679208173,,4.099999904632568,379545.1911716461,NYSE
AXS,0.05050514456339528,-4.751888396280379,-14.711369832977628,-5.875715254797209,,95.62000274658203,57367985.60783386,NYSE
SUGP,-7.332539707195429,-33.0085981833222,-88.65323953113612,-98.13146852718462,,0.39899998903274536,209686.06523638964,NASDAQ
ASIC,-2.421525897424992,-1.9746235134541767,5.639612662702009,31.82552328255619,,25.729999542236328,1511920.5031013489,NYSE
OGC,-2.934036768447612,-7.754408702447668,7.435210014593108,-14.013785934186263,,26.639999389648438,12602158.271270752,NYSE
TLSA,8.45070711377971,10.905350399884629,-13.759997630310018,-12.924069478564116,,1.0700000524520874,293395.0843824148,NASDAQ
AGPU,1.401594697138564,23.285713974310408,60.32378154753049,303.54040915765273,,12.989999771118164,4382176.422786713,NASDAQ
DHCNL,,,,,,17.274999618530273,102561.67273521423,NASDAQ
LTGR,-0.04007304713448123,0.36210272705397006,,,,9.960000038146973,464554.3217792511,NASDAQ
GJS,-0.043098647421546676,-0.3779764923749318,-1.0241519794688125,-2.324602239975593,,23.190000534057617,4568.430105209351,NYSE
ONEN,-50.646352655309855,-73.2482481305919,-79.54849787900969,-79.33900326549576,,2.130000114440918,5431760.151838303,NASDAQ
EQH,-0.4482787314609382,2.8655526253390073,14.934210191693209,40.4190308543225,,54.0,192170016.0,NYSE
URBN,4.736154861935926,-1.800700970627045,12.426726628519491,23.218425788836015,,81.5999984741211,102829054.07714844,NASDAQ
BWIV,-0.02004244978250913,0.4429238391683743,0.7471745760588178,,,9.989999771118164,1138.8599739074707,NYSE
S,4.425459495035766,17.812047751553095,38.300521275062806,86.21267352669994,,25.43000030517578,215054290.4607849,NYSE
MLR,-0.9243169386537242,-3.493355719704938,8.021928381369214,17.31973296283622,,54.29999923706055,5251841.626209259,NYSE
FPF,-2.5530857831869147,-10.090599060841399,-12.227750498978839,-9.825076149878441,,15.6899995803833,4252068.336281776,NYSE
LFCR,37.01380358824051,45.72954135221858,28.36990455035677,70.09345921652759,,6.519999980926514,5480620.703967094,NASDAQ
MAMA,-3.956995084312309,-19.398494657344333,-30.003263602432572,-15.512937670023941,,12.819999694824219,5653017.325431824,NASDAQ
BNC,-2.594420018829202,97.33865851206373,116.9714680459109,111.85714176722934,,6.070000171661377,4252283.990255833,NASDAQ
YAAS,-10.138250181221931,-38.225978740036894,58.49362867372561,21.798872882752242,,1.190000057220459,14927.360717773438,NASDAQ
TCPA,-4.678138409599875,-8.855348562630983,-13.413370477373865,-15.805826686580282,,20.020000457763672,635715.0945358276,NYSE
ACTU,13.255942995751457,-45.17400109433646,-45.35897480654029,-66.53801669001001,,0.8748999834060669,176621.30905008316,NASDAQ
ONFO,4.779080607476693,-27.03296799335376,-94.88105739678298,-97.41706033754018,,0.8700000047683716,58047.27031815052,NASDAQ
VUZI,1.0518940776139463,15.2800006866455,5.49048312801963,24.331324322468472,,2.9800000190734863,2817545.318033695,NASDAQ
SLGN,-4.089935842794956,-16.075808488654687,-24.222549148938445,-10.725067313995973,,34.9900016784668,47143078.96144867,NYSE
TRIN,-0.18173540346955175,-4.788734484116852,-0.9132929061726802,18.772806369260707,,17.43000030517578,14871555.14038086,NYSE
LCCCU,0.7163074088811783,0.7163074088811783,1.3851965426827428,2.0630334074746015,,10.800000190734863,0.0,NASDAQ
LCLN,0.008509933943634529,-8.095424599599632,-1.177461318681483,,,24.100000381469727,10961523.673505783,NYSE
NGVC,1.318944548577261,11.314402190815498,-6.365428481864976,16.337768655650244,,30.15999984741211,3474220.862422943,NYSE
IPHA,-8.083141348105071,-26.227988264237613,-13.665942338776382,19.6992491230902,,1.5800000429153442,168854.60458636284,NASDAQ
HOS,-6.215100605057611,-23.89677065705773,-10.141892718981616,-19.888013478807885,,7.849999904632568,29890837.136864662,NYSE
MBRX,-11.918048855091811,-24.77827880841772,-80.57943939845433,-78.12631541962769,,0.4765999913215637,222643.6859458685,NASDAQ
VEEE,-15.979008196512856,20.979093646967616,117.51023780208128,26.36757157542402,,10.795000076293945,166901.4961795807,NASDAQ
INGN,8.273242200916698,5.510356051526544,-13.309025022026377,-8.352073151016837,,5.940000057220459,2072852.1199679375,NASDAQ
JILL,0.9128326121615515,26.102149486465343,53.0622438256755,103.36427027098449,,24.6200008392334,11490474.451681137,NYSE
WFC,-2.0291468077524577,-8.187786922064843,-6.076225822959181,0.811157271784424,,81.44000244140625,1039080367.9495239,NYSE
SBAC,-4.846386662041812,-15.421802773032367,-11.518711608703702,-13.839303074541998,,161.82000732421875,137244564.63189697,NASDAQ
ETRA,-12.44670261707127,,,,,9.739999771118164,3257503.9634513855,NASDAQ
BAC,-3.3987170264386024,-13.152073018704534,-7.81404307119441,10.69925057389609,,54.0,1850498568.0,NYSE
PCSA,-12.688172663246377,-21.24151078943538,-19.04287110737396,-39.48427474171572,,1.4900000095367432,37585.250240564346,NASDAQ
EDU,-1.0312600441396147,-5.328373862407454,17.04013202519552,-1.3410631251388971,,56.310001373291016,29775208.35615921,NYSE
TPVG,0.45360879799754006,-9.476031809769225,-0.3273319292911414,-2.168672663810045,,4.829999923706055,903591.555727005,NYSE
TCOM,-3.7191958925938517,-11.646185029146094,-5.070936870422116,-22.437029724802926,,38.790000915527344,120539772.68499756,NASDAQ
NTRS,-2.1326124657538026,-7.867580467978696,-3.9281021427085894,21.456213184111974,,170.6699981689453,158536385.3191223,NASDAQ
GWAV,-2.6273245305288517,-54.166666742268696,-21.428571761837535,-29.544922161898125,,2.369999885559082,15514.019250869751,NASDAQ
VIV,0.30943838385892874,0.20607750448704554,-11.791383576289372,-26.33505946257484,,12.619999885559082,30027888.90770054,NYSE
UFCS,0.7330647603101204,-1.3262498524853394,1.5956241292280682,44.66884844316728,,54.650001525878906,9847547.724952698,NASDAQ
PGZ,-1.777096103608622,-8.911495551269443,-13.135427840706493,-8.4458061206233,,8.869999885559082,124978.29838752747,NYSE
ONMDW,,,,,,0.028999999165534973,85.43399754166603,NASDAQ
SAIA,1.8917566625361149,-0.29996760801327405,-18.09616773086624,-3.2117606894525808,,346.1400146484375,144736370.28515625,NASDAQ
FFAI,-13.725489050275929,-39.961013217161664,-96.56633226631673,-96.6801401282943,,1.1699999570846558,2091524.683283329,NASDAQ
MDT,-2.80936672131622,-5.450785313409023,6.54216973643813,0.6514292548480016,,87.97000122070312,3852414490.477478,NYSE
INTC,-3.4590767220098573,31.58093719951529,-4.504589901109335,152.3048109545106,,116.19000244140625,9408785566.469177,NASDAQ
PTEN,0.6890301187638226,-12.633731403332193,25.86128928078495,3.93037688466249,,11.550000190734863,78711403.29982758,NASDAQ
IDXX,0.5224101186744212,-3.9000084325596207,-5.012965363320731,-7.482079171845413,,527.0700073242188,300487881.87561035,NASDAQ
SPRB,-5.274775687055955,-20.831481781011853,-11.435939981220622,-29.110012677539665,,45.41999816894531,2956115.1608276367,NASDAQ
MC,-2.291438081327668,-16.19641629230505,-16.75482898066677,1.2656418962468274,,56.04999923706055,52262868.93861008,NYSE
NMAD,8.342510348101628,-1.229920311102739,-44.949637444327365,29.440787185365313,,4.014999866485596,713746.5262651443,NASDAQ
AEE,-0.09411694967522699,-5.958306564348148,-12.112671509507312,-9.864321492437533,,99.69999694824219,245963082.87121582,NYSE
OSIS,-1.7560437823714858,-5.644322403707713,-10.68307006599487,-26.814044133968107,,197.8699951171875,39354759.068847656,NASDAQ
DFSCW,,,,,,0.03220000118017197,135.11120495200157,NASDAQ
BANR,-1.7145848668485453,-3.8015888859507685,0.20512971025288262,9.99216645125902,,67.4000015258789,17098234.58708954,NASDAQ
AGD,-2.591900366284927,-7.10823841333863,-4.3579489967931595,5.854199699402973,,11.140000343322754,2387948.193593979,NYSE
YCY,0.09754603925238303,-0.01948788434124049,0.6275753087565006,2.028239076465499,,10.260000228881836,1118.3400249481201,NYSE
CMRE,2.7770201567102637,-1.8077778051197146,5.9500404207483815,-11.176471710205071,,15.390000343322754,6068138.625369072,NYSE
PPLC,0.8745446777956412,-3.359966526217284,-7.716099933930288,-12.729611200799951,,44.810001373291016,360586.0810508728,NYSE
YEXT,1.6159119584923554,-1.5060255196638117,32.81884630895306,70.22384041816707,,6.619999885559082,5442507.125914574,NYSE
PLUG,-4.22110512667161,-10.43232997203467,-27.30740121264669,-18.893618910492847,,1.8899999856948853,79177026.63072145,NASDAQ
BMR,-0.15360968476045844,7.4380131417893125,-10.83676222204285,-6.609194314586908,,1.440000057220459,283301.29125738144,NASDAQ
IBM,-2.4283876425782447,-4.926880246054399,-24.125717785288813,-8.862756448698573,,221.5800018310547,1397965957.9522705,NYSE
VIST,-4.332333041888436,-10.998777430726781,5.608049145416261,-9.98351123893877,,66.54000091552734,69928816.62215424,NYSE
JMIA,-0.729713957412037,-2.856328107110939,-3.9536869793413865,0.05883937612081169,,6.789999961853027,5957987.316527367,NYSE
IP,-7.004736983142634,-12.556319420293693,-14.968968204668343,-7.41140664663763,,32.04999923706055,213879644.508667,NYSE
ACA,-0.11872898329680082,0.6753880697210723,0.9447611634914477,38.03443983274124,,146.75,94034024.75,NYSE
CARR,-0.4180604190758608,-5.022000595990706,-22.003611568407212,-0.9179909449125501,,55.72999954223633,271605112.739048,NYSE
TRNS,1.4613435240950157,4.35259747790171,-1.4285390154116673,20.816558587871192,,90.56999969482422,8306355.812011719,NASDAQ
BYRN,-2.1627754365624807,-1.489971287981573,-49.00622949342072,-62.294362799547656,,3.630000114440918,2455117.907401085,NASDAQ
SCNX,224.55642183463223,141.9576707053754,162.6651362777526,217.1289881092661,,3.7100000381469727,909142.929347992,NASDAQ
BMRA,-12.49999952544073,2.3277467390875994,25.45662125001391,2.7102800052398512,,2.049999952316284,69462.19838428497,NASDAQ
SNOA,-1.4217996090688412,-3.9999980926513135,1.794451762516136,-44.92497747965004,,1.2200000286102295,22116.16051864624,NASDAQ
XELB,-14.532031350730124,-25.006036571973667,-59.96131204343924,-53.722221227016696,,0.6370000243186951,122863.29069054127,NASDAQ
RUN,-5.528256660984477,-11.832148333030423,-40.29503099841379,-42.24992512267205,,7.610000133514404,72123593.62537956,NASDAQ
TLACW,0.0,,,,,0.15000000596046448,0.0,NASDAQ
PCF,-3.1722042683985374,-6.899057886489102,-7.4368229493290805,-7.6036024970596365,,5.059999942779541,517961.83414268494,NYSE
RLX,-0.46728787796812554,-6.063945203156873,-11.52647742924362,-21.54696199307211,,1.7200000286102295,1248496.4207673073,NYSE
KTTA,-4.646825392179343,-15.894294156036814,-10.07110508620367,-36.16099762721569,,0.45489999651908875,38474.07700559497,NASDAQ
ZBIO,-4.758776885386395,-14.741368031831215,2.267329902304649,35.28545549612843,,27.829999923706055,31501027.383642197,NASDAQ
AMTX,-6.369425768216875,-4.956896914397313,5.502392791385757,-43.78585073112752,,1.7599999904632568,978859.1946959496,NASDAQ
CDLX,-17.859254675326973,-27.391532416631993,-36.949612922075026,-73.58813450351234,,2.759999990463257,246586.67914795876,NASDAQ
BEN,-0.6764584126512041,-3.252997490216303,-4.264568881961395,39.3944572664102,,32.880001068115234,110584847.27237701,NYSE
HERE,1.2597482914777025,-9.539122195181438,-12.809918597050507,-51.15740768527114,,1.7300000190734863,9419.850103855133,NASDAQ
CASH,-0.9825269795716518,-10.811206417706721,-18.411788349500068,-19.003940814908404,,73.41999816894531,17542754.102493286,NASDAQ
BGY,-2.2545945898383324,-4.539294297481478,-1.880222690920219,4.177451398261978,,5.630000114440918,1892873.59847641,NYSE
ATLX,-9.276844233880654,-22.326454761111602,-31.057452101191597,-44.25493615283068,,2.569999933242798,637452.5034418106,NASDAQ
GIBO,-2.557160059359831,2.176251960845388,28.153240420192695,-3.9777112294392403,,35.77000045776367,1781417.5627975464,NASDAQ
DRVN,-3.565841844815587,-8.729540657083223,-19.496768102228224,-5.136098610789174,,11.649999618530273,9825539.778270721,NASDAQ
NXXT,-12.121004614243224,242.75155445448848,115.15371984797054,91.49751019391393,,0.6690999865531921,164722.3801895976,NASDAQ
WIW,-0.3517608529873928,-4.364600850612188,-5.346062692956888,-6.041221912359029,,7.909999847412109,1877533.383781433,NYSE
HYT,0.02559156268604479,-5.442669363468767,-8.60416130220224,-7.763094563784123,,7.800000190734863,13802365.537511826,NYSE
BXSL,-2.691713006769869,-3.3362961770502686,1.6048240810565995,0.8087591874707867,,23.520000457763672,38590981.71108627,NYSE
FRST,-1.216077586606279,-3.12578546290766,-3.8739419329238967,15.783946763652889,,15.510000228881836,1437994.1612205505,NASDAQ
LXRX,-6.73469235330062,-18.61086296188399,-22.212763486268937,15.84284057637042,,1.7400000095367432,4717407.985855579,NASDAQ
CHKP,-4.317942944665287,-5.426062131776998,-4.997642912908096,-11.055724237375186,,129.5800018310547,115187810.1876831,NASDAQ
GDOT,-2.5322437686916444,-6.58727747287865,-7.396892837348778,10.89835386563298,,12.520000457763672,4325096.758136749,NYSE
PROK,-0.836319393105367,-11.702126674708213,-16.161615237230286,-6.426153566940895,,1.5800000429153442,1551275.6421351433,NASDAQ
MDRR,-9.600641318383696,-14.579654410644217,-9.415572355279211,-8.698259539753794,,10.079999923706055,6894.719947814941,NASDAQ
BBIO,-0.3989184749769503,-12.995517353389474,-13.036532141838453,-8.646490419747256,,66.13999938964844,143416453.4565277,NASDAQ
AGNCL,-0.24180782038184523,-0.03472751426570886,1.736672265177952,4.095504067157996,,25.1200008392334,547088.4982776642,NASDAQ
CMTL,-5.9405934083266,-16.770963852148313,-33.29989733891859,-61.247085346738416,,1.25,586306.25,NASDAQ
WFF,11.467037114976675,22.62512689274885,-10.67708305153433,75.00000086887239,,2.2899999618530273,191418.8068113327,NASDAQ
WING,6.635671215705519,-4.3185066107288,-38.641082358342615,-31.061645551939975,,106.83999633789062,115795538.5109253,NASDAQ
KRMN,-3.810582100843418,-21.392012142507166,-38.23341534012439,-59.86959490782964,,33.02000045776367,100905588.2588768,NYSE
CLNE,-3.813038895087939,-4.283967439201208,-25.02397043920518,-37.23916605697079,,1.559999942779541,1035612.2020139694,NASDAQ
VSTM,-0.7275463143041949,3.994743688060831,82.09848399026905,47.59417960586183,,8.0,17730896.0,NASDAQ
SAV,0.373286532118855,0.43033663759239893,0.4874485179347854,-1.3557690915270593,,24.700000762939453,101294.7031288147,NYSE
FIRY,-1.909420896516456,25.677316524756023,28.403224534216463,398.07693824994993,,12.569999694824219,1527833.1829071045,NYSE
FTLF,-1.2465074471243787,-7.040257982502873,-17.637568033055693,-25.028551490391926,,9.0600004196167,82319.16381263733,NASDAQ
DK,4.6604584923494174,0.0687270506546378,39.02234226722263,61.432375347534986,,75.4000015258789,106886438.96307373,NYSE
SRFM,10.594751177870165,57.54017393133466,5.28309652395178,-6.215648158024678,,0.8906000256538391,6653883.863865912,NYSE
ANGX,-9.842847647808473,-0.3656303703431729,21.448466050064408,43.61001065894388,,4.159999847412109,6391818.965549469,NYSE
ESNT,-6.590610414249076,-12.190001786676829,-6.648487585593454,2.59099262836473,,61.09000015258789,61613907.993896484,NYSE
TNGX,-2.9798906799503033,5.747734047675479,-19.644170213980892,16.33582161652334,,23.079999923706055,44866019.65168953,NASDAQ
OPRX,8.803903543723823,6.561087551210565,38.39373439391591,29.791794006349704,,8.720000267028809,1453676.3645153046,NASDAQ
ADI,4.5469489630944215,13.689442700603127,5.416922623290166,28.236495468893573,,419.1000061035156,892830117.1026306,NASDAQ
NWCL,2.067180243692879,-25.513861502498337,-27.735092448918188,-23.77460579130234,,8.529999732971191,1764225.7247714996,NASDAQ
RKLB,-1.4528808287270656,12.279705763620319,-25.465866356972878,10.622594147188469,,73.0199966430664,1385872584.427559,NASDAQ
PSHG,-2.9180681507068207,1.2880563613698603,3.841538710591097,-8.658921033562928,,1.7000000476837158,64504.80180931091,NASDAQ
PACHW,,,,,,0.11999999731779099,19.199999570846558,NASDAQ
ROST,-1.5564627407138598,0.6928647041824387,8.70128936847474,6.4653571730099335,,226.3699951171875,585584769.1289062,NASDAQ
NAMSW,8.259122860065183,-24.894006985909765,-45.161864237033654,-37.88197851959707,,12.649999618530273,0.0,NASDAQ
SU,0.6695419220020149,1.462101551720485,25.17252670813912,4.194397551247575,,68.7699966430664,256576937.5854721,NYSE
SMXWW,,,,,,0.01679999940097332,60.37919784709811,NASDAQ
EYE,0.07314758536343113,-3.2531849732042817,-15.832652142053028,-33.224863353878916,,16.520000457763672,27432485.00014496,NASDAQ
PMA,-2.1772474323119906,2.903226916673418,-0.9316761390850248,46.397430561101416,,1.2000000476837158,10185.60040473938,NASDAQ
HYPR,5.4925723319316555,3.6706398988504363,-34.229938345985836,-22.08592348385071,,0.8828999996185303,792378.0284576416,NASDAQ
TWLO,2.944344366880358,26.572533587077096,41.49545089774875,131.34397673653635,,300.9100036621094,10494731073.762085,NYSE
FRVO,-11.524305023609882,-18.026810830882813,-49.401175312753196,,,13.460000038146973,159375432.11168575,NASDAQ
KARD,-1.6417531135550223,-28.065209687416946,-38.55070183334818,,,15.239999771118164,5804260.592828751,NASDAQ
PR,1.042055102463646,-7.448440103702936,18.274886074766105,2.7241799036788805,,22.229999542236328,188900643.76012802,NYSE
JBGS,-1.6486620050419898,-12.89023194373854,-31.34012460292851,-28.18596799731836,,10.829999923706055,13835877.232530594,NYSE
CTS,1.4121991059542927,6.385460326582226,-2.627748747582248,25.590617698020445,,61.61000061035156,16169113.390182495,NYSE
MLCI,-0.7050494156132125,4.44993982730626,-3.922682278660261,-3.4837216276954797,,3.3299999237060547,59370.56863975525,NASDAQ
AFJK,0.5999816084377274,1.106887683824942,-55.54554737881814,-51.09086606980002,,12.350000381469727,8533.850263595581,NASDAQ
CYPH,-16.81697430020952,70.52746032965733,375.58386745055066,321.052635959412,,3.1700000762939453,44592514.703229904,NASDAQ
APMC,0.0200807808103054,-0.1403342869439439,0.6059405146454866,,,9.970000267028809,1135583.0304145813,NASDAQ
HWM,0.17652442144959757,-10.311858470582823,-15.71153212034474,-1.3255972785362502,,229.57000732421875,516720763.88549805,NYSE
GLXG,-5.96391284603156,-5.153255533817491,-23.71340433174238,-56.68037432697703,,0.9850000143051147,14398.730209112167,NASDAQ
DPG,-1.4457083782724034,-10.727221841613133,-12.970256927735402,-12.002196934559139,,12.84000015258789,1278953.895198822,NYSE
KF,0.9390390272645543,4.7054425874419215,-4.828578928355354,50.62452452908206,,68.73999786376953,861862.0932159424,NYSE
LILA,-1.072763504182872,-1.9190793358449088,10.32509442646814,47.130632033741946,,8.8100004196167,2531694.5805835724,NASDAQ
PSF,-1.468191710295752,-6.501551034625397,-9.886614631879432,-7.095982312509985,,18.049999237060547,1810577.3734703064,NYSE
CMPS,-10.396113143101015,-9.179104038908992,-9.029750361737543,117.8660930962669,,11.600000381469727,43744216.23854256,NASDAQ
RYET,-1.8700323367041083,-1.570925488659558,-17.62166306972438,-10.394878158311416,,0.8790000081062317,55402.49151092768,NASDAQ
FLX,41.025642437554424,-22.64736339133291,-32.12341168765954,-41.699142139099685,,1.5199999809265137,189762.87761878967,NASDAQ
PEBK,0.46208761859543035,-0.22029443075741728,0.858230783555558,10.131203095754149,,43.58000183105469,452273.25900268555,NASDAQ
SSMR,-3.9095443997958723,-14.669844643275065,7.8898292884668875,,,15.229999542236328,3714063.838367462,NYSE
LUCD,-18.72203753813183,-30.085977474519808,-35.560379133219364,-40.291957934875754,,0.5932999849319458,1064948.5543534756,NASDAQ
MLECW,,,,,,0.01489999983459711,3.620699959807098,NASDAQ
ING,-3.30263985170951,-2.16991096096133,9.50299907830139,33.9085301882814,,34.77000045776367,67702371.62133408,NYSE
HQWWW,4.655704091152546,-3.496143067719959,-44.55767259075265,266.6015621748557,,8.350000381469727,130134.75594520569,NASDAQ
SPIR,-8.595041007049808,-11.164659689100343,-38.4940492886381,-19.971056605718285,,10.890000343322754,6972769.209826469,NYSE
PRI,0.03779818109144184,-5.70995834562712,-6.662052599455626,9.321539563375758,,277.9700012207031,70911537.16140747,NYSE
APEI,3.7736767529184645,-6.066304657501121,-24.11758524206682,-25.12550538853916,,44.40999984741211,9211833.038349152,NASDAQ
LCII,-2.339812764751781,-18.01649345102464,-20.13229813471067,-31.837148760985244,,82.58000183105469,34080271.27566528,NYSE
BWIN,-0.18831161538791497,3.2398400620932133,16.670337730861927,44.60713050380698,,31.899999618530273,38405972.640729904,NASDAQ
HHS,-1.2121200611565186,6.735266835886611,103.20570020394446,89.69243745580067,,4.539999961853027,227957.93808460236,NASDAQ
LFUS,3.540949894838885,7.055629525195739,2.58949830157158,29.90009059796006,,451.4200134277344,100587664.49203491,NASDAQ
TDAY,6.026718109185247,8.074731465786545,-21.522188332806678,-2.763533494264281,,7.429999828338623,20314949.500647068,NYSE
OGG,2.625818057444018,-4.932434188135371,12.290500614132371,-12.987014001894238,,2.8499999046325684,3139029.7949609756,NYSE
LFTO,-2.7899418083278116,-17.022639560317433,-34.7168547215404,,,15.260000228881836,8469376.427030563,NASDAQ
BIP,2.5594169510600118,-3.556462315242137,-2.259487930015114,-0.49331832743335635,,36.16999816894531,29948035.08392334,NYSE
GRRR,-5.4429471870162445,-6.015779695591405,-29.586235803977956,26.56042494757733,,12.25,10625588.75,NASDAQ
WH,3.3233501285917066,-1.1516421412054667,-13.245961674892293,-12.134795271752296,,71.22000122070312,112448618.94735718,NYSE
ORCL,-0.7197720566989751,-5.8212337781425205,-2.3423077891240984,-3.4741231989053545,,142.47999572753906,2423305893.9738007,NYSE
MMU,-1.896360858750168,-10.98439319056701,-14.753782175704444,-12.490164061244958,,8.84000015258789,5413624.933444977,NYSE
VANI,-1.2861724009337272,-12.034381189265698,-3.761753769699494,19.734789555680976,,1.2200000286102295,116113.50272297859,NASDAQ
DDT,0.3580674329840994,0.8266359945345636,0.7033102056800189,1.2528817494136923,,26.43000030517578,116503.44134521484,NYSE
TECK,-0.33293587560434545,-2.307872784208631,11.267749075535626,28.32702470940889,,67.87000274658203,143173399.6739807,NYSE
PEGA,-1.1455284055827186,-8.42447282567267,8.701800159579864,-20.001892283255174,,34.529998779296875,58768711.25241089,NASDAQ
MTRN,12.664199329573854,22.594265208693187,7.323463445367451,99.82279547743205,,319.17999267578125,194671069.33288574,NYSE
ALGS,-0.5387934430506336,-11.505272959480594,-3.6869563227114432,-26.72664611122888,,5.400000095367432,262472.4046354294,NASDAQ
MFICL,,,,,,25.139999389648438,96462.17765808105,NASDAQ
IMPPP,-0.9502372266722237,0.20892291452236922,-1.0179933946093733,-1.1061611587095177,,25.901500701904297,11215.34980392456,NASDAQ
TLNC,0.33274628261148465,0.1758846051469476,-0.8894063823748688,0.37204130098957844,,10.300000190734863,1030.0000190734863,NASDAQ
AVY,-0.3563129343279736,-2.2283887286947412,3.6593203073002067,-0.21175932347268223,,170.0,157114510.0,NYSE
SANA,-4.985237909683516,-25.488681433656048,-24.36031175040546,-3.6260800417002526,,2.880000114440918,15525478.69692707,NASDAQ
TGS,-4.923625369297746,-11.456389963692414,-12.087759642003803,-26.217056446784504,,26.579999923706055,9616564.23239708,NYSE
AM,-3.5782084623424693,-9.424036830602855,-9.641553321812346,-10.745035648416422,,20.559999465942383,53293389.57567406,NYSE
FDMT,-7.223264919194183,-4.864640693009459,7.283435274117966,46.767016713198295,,12.920000076293945,27264804.84100151,NASDAQ
UCTT,0.19423815530679178,15.456008416833257,-32.71475043405891,25.594908499278812,,74.0199966430664,92639948.85861969,NASDAQ
TONX,-5.1958029201156,13.410898940964543,22.40581327829463,54.84949767438228,,3.5899999141693115,582542.1060724258,NASDAQ
ESTA,-4.016244375004541,-9.895163514856065,-28.071785212082624,11.29808424163372,,66.47000122070312,25709798.83215332,NASDAQ
ANL,-1.984578057941766,10.38508241283067,45.53303108588027,100.8287975552741,,15.039999961853027,6927032.942430496,NASDAQ
EMAT,-29.732973912858863,-32.56550514416402,-62.11581981250842,-69.8429048128895,,2.055000066757202,2487407.0158040524,NASDAQ
IMRX,-6.410845433149149,-18.179988962052896,-20.04318643222853,-22.654765260292255,,4.039999961853027,1937373.9017066956,NASDAQ
PRG,-4.992974236036818,-19.052330277503582,-30.261977228865067,9.347963002776094,,30.899999618530273,15976783.00276184,NYSE
WHF,-1.354782795828302,-1.0475661257157154,5.49351091269108,-5.027173627836956,,7.070000171661377,1127134.777367115,NASDAQ
LGVN,-4.242868755578488,-61.19181764966724,-61.5565349754942,-75.11406833352137,,2.509999990463257,110819.00957894325,NASDAQ
RDAGW,,,,,,0.24959999322891235,493.70878660678864,NASDAQ
CATL,-0.1630009697437318,,,,,9.819999694824219,620093.7007293701,NASDAQ
SVIAW,-10.321638386765198,54.675792761906926,74.54471259319162,59.02962668684453,,0.536899983882904,14937.094451606274,NASDAQ
ASPN,2.942271749195524,13.278687534650068,-2.881235795727055,57.6725586747028,,5.690000057220459,4426108.7945103645,NYSE
MDBH,-3.962337234655755,-16.410572257664533,-26.968972609659538,-21.083173250093733,,2.2200000286102295,36430.200469493866,NASDAQ
GNPX,-19.101122470732733,-23.425692362415283,-78.11270023601692,-92.37032890658594,,2.7200000286102295,412104.48433470726,NASDAQ
NVR,-2.8744642487576355,-3.8145413207524625,-9.274549830325252,-8.005837926046,,5970.2099609375,311901678.9892578,NYSE
TOUR,-3.031012123754584,-0.1887168513928006,2.6977892170540585,-34.15099390295167,,4.929999828338623,32888.028854846954,NASDAQ
TRU,-8.929192015961796,-25.31312261658336,-17.789440183159666,-8.142724789404255,,63.81999969482422,191002601.14665985,NYSE
RCMT,2.2872914205303685,0.048218952005130156,46.72606412675498,102.51806140624021,,41.59000015258789,1760130.3964576721,NASDAQ
ASO,0.34880161307733193,12.925420439798053,4.281446960685953,-14.145280060428734,,51.97999954223633,138016567.0645523,NASDAQ
HSIC,-1.7171269703943448,-5.8139778649872635,-1.1567287648842073,14.865306813687074,,84.2300033569336,160402059.21272278,NASDAQ
HPAI,2.235372080623965,-24.770198069810125,-52.663622686815884,-82.70300304646703,,0.29899999499320984,69061.82284355164,NASDAQ
DTM,-2.499233263022693,-6.745267211177253,-16.702275485555585,-9.89473060089997,,122.12000274658203,107111210.1690216,NYSE
ESOA,0.3456423130077102,-3.785103923219524,-38.46497074632739,-15.888989457565073,,11.0,763257.0,NASDAQ
TSI,0.37523416070319726,-2.193784353578143,-4.761905469273331,-4.93114024391057,,4.239999771118164,571742.7691364288,NYSE
PTC,9.344182234015541,-0.5608514105427953,25.11020243395201,6.876684273406863,,192.25999450683594,5676588233.131134,NASDAQ
CLIR,-1.1764721281938062,-16.910033675753922,-10.864072193002194,-28.554071180219086,,3.299999952316284,137540.6980125904,NASDAQ
NMP,0.015418488153273735,0.3675040185289635,1.1106774895196736,2.2261625479622627,,10.369999885559082,230213.99745941162,NASDAQ
SUI,-1.1570777669396515,-8.50429268634143,-8.792852433218423,-12.781363813106328,,111.83999633789062,143593384.41815186,NYSE
AHR,-1.6832303752987943,-8.59444816943775,-5.32270244014973,7.7731801366117015,,50.470001220703125,204202886.68899536,NYSE
MGR,-2.4671202082142685,-1.563943506918164,-3.7718768830439453,-2.9420712463313015,,19.059999465942383,907160.6745815277,NYSE
SFL,3.978159459435382,6.913698196010465,25.897240170318227,23.609047376476845,,13.5,16310875.5,NYSE
CODI,-2.5363592561171155,-4.501216738578417,3.4450317795988283,31.302269142086114,,11.0600004196167,6527545.887655258,NYSE
AMCX,-5.936980124920909,-10.039649558490382,11.477987695464575,62.0571436200823,,11.140000343322754,6543246.301655769,NASDAQ
GJO,-0.4930845467787437,-0.1460062374075033,-0.7258045946274327,-0.9813333438069782,,24.6200008392334,0.0,NYSE
FRME,-1.4289224103590459,-4.190692846230748,-8.420227992693452,1.9118707831283777,,39.77000045776367,19025729.598991394,NASDAQ
HIX,-1.9999994436899704,-9.584831143131023,-10.954065092700471,-9.58483003822812,,3.509999990463257,1348759.616335392,NYSE
AMCI,-1.3157911837501701,-19.272168079452555,-40.53237711685045,-45.26498714925935,,2.9700000286102295,98422.8309481144,NASDAQ
WHLRD,-1.0859490741974342,0.5603319398242546,-2.1696934089536213,-4.333143239392035,,36.2599983215332,10877.999496459961,NASDAQ
MPB,-0.5803366096549412,-1.7961440922194982,2.2219717677713025,11.532739601685794,,36.41999816894531,2903438.6740264893,NASDAQ
BUSEP,-1.8518497356536656,-2.7410465023782526,-2.6697523721360694,-1.178276846711801,,25.270000457763672,183889.79333114624,NASDAQ
PDD,-2.181252108419207,-7.563468062734446,-5.4582022040873035,-23.59171722815213,,77.9000015258789,399079526.6170349,NASDAQ
NFE,-9.572901379260268,1996.9944989269839,1616.0424668266749,899.6743734767674,,5.869999885559082,5796366.606994629,NASDAQ
FTRA,0.02026388854667882,-0.14161571528700234,,,,9.869999885559082,354974.5458841324,NYSE
SSTI,48.39515128704968,35.27308189887535,-9.1286313794673,26.09090805053713,,8.319999694824219,581160.2986831665,NASDAQ
RUSHB,0.43704869273502034,9.305307122016359,8.948325545771695,27.341151971277732,,56.29999923706055,5891231.920166016,NASDAQ
DEFT,-3.693183918788856,-20.892969196304623,-1.947550209960991,-21.624537843511284,,0.5184999704360962,1501588.8768821955,NASDAQ
IMDX,-8.115182935640963,-12.337662345395461,-37.096772649850784,7.012197218396565,,3.6700000762939453,1498651.8711547852,NASDAQ
CCO,0.677969512566956,0.5076177763606138,-1.492539791980385,0.16863591502529474,,2.4000000953674316,10065753.999977112,NYSE
RPID,-11.457322517826995,-33.05162985094546,-43.167243261966526,-55.72866125891349,,0.9764000177383423,434244.14388895035,NASDAQ
XPEL,0.8461550889511393,-10.006054994395319,-9.816693552567257,2.2714778906152366,,44.9900016784668,9639467.779624939,NASDAQ
FEMY,-16.170556863128116,-35.07788243717979,-49.53995142680302,-74.97598493927467,,2.0199999809265137,461275.0756444931,NASDAQ
XNET,-5.016992100953832,-2.7226220409301782,-16.52907070894588,-17.212543867772766,,4.789999961853027,737171.4141292572,NASDAQ
PHR,2.2186661758316184,-13.54184464086069,-5.296297426576979,11.879239584190483,,10.369999885559082,5227174.73231411,NYSE
ENRD,-8.415074267695545,-25.867113316752498,-57.38649972623957,,,3.190000057220459,852958.1652998924,NASDAQ
GOSS,-0.6242187082225237,-18.633177769389487,-20.76222908298736,-59.739884643996966,,10.649999618530273,4153627.651222229,NASDAQ
DSU,-0.1565267044380203,-5.402540778315834,-7.957119688055103,-6.882167362225733,,8.800000190734863,3651885.6791524887,NYSE
FKWL,-1.083330313364661,-4.811545026763387,-4.963968348015236,-37.32840297805704,,2.309999942779541,32065.10920572281,NASDAQ
LOB,-2.166452662722318,-7.503550459244179,-11.689821147219948,9.949977876916915,,36.540000915527344,6622619.385932922,NYSE
ALLO,-6.84273635610314,-22.16649981750337,-26.165554961563352,-36.91056893864519,,1.5,6657367.5,NASDAQ
VLT,-1.5003252529186217,-8.243870425772604,-13.566111148787819,-10.350286107014794,,9.020000457763672,123673.2262763977,NYSE
WLDN,-6.6979008239434705,-15.416407176185231,-4.845090815097686,-5.076752929210626,,73.58000183105469,12644061.094650269,NASDAQ
KTB,-2.580589981235204,-14.322079635588059,-25.19942897067853,-7.608071126730476,,64.19999694824219,43222712.145401,NYSE
EDUC,0.1538460127700647,-3.5555609322378223,-15.78266835728983,1.56006095184138,,1.2999999523162842,24306.099108457565,NASDAQ
TXO,-2.789849675096945,-6.297295883504706,10.890771455559566,10.115927995151086,,13.90999984741211,1105817.1678695679,NYSE
ELPW,6.303115146396188,-12.17086099212038,-93.05671201347302,-96.42874140340778,,2.930000066757202,83478.63190197945,NASDAQ
XBP,-3.9504954478519205,6.741193256236788,32.61784480363501,-19.678817663623395,,3.059999942779541,29063.87945652008,NASDAQ
CLSK,-10.147575838318911,9.751073485280305,-4.267743993997475,47.98610920400779,,12.479999542236328,184882307.45855713,NASDAQ
UYSCU,0.8533325195312358,2.4007219004766656,5.8395487483692055,9.623183480850294,,11.489999771118164,0.0,NASDAQ
DXPE,-2.3222803212393117,1.896694190435877,15.468421804903777,32.84408447167601,,195.8000030517578,25206117.59286499,NASDAQ
DTSS,-9.75483628477093,20.092786287699106,2.4329849091599964,-11.68170746958641,,0.6793000102043152,1705466.9088191986,NASDAQ
SOCAW,,,,,,0.19990000128746033,8305.845053493977,NASDAQ
KOD,114.04827888928786,154.12118668977297,148.67936229325323,143.3528969308166,,93.80999755859375,303100664.97180176,NASDAQ
PODC,4.537034937792495,-17.50091652212159,-46.87058953677907,8.245442484878417,,2.2699999809265137,194016.89836978912,NASDAQ
QETAU,0.0,0.0,0.017379611961620967,2.0390115368385864,,11.510000228881836,0.0,NASDAQ
FF,-1.4329972499312338,-4.859815493078945,10.844946720301142,26.114965439820725,,5.099999904632568,964088.6819720268,NYSE
TRIB,-11.280138599206813,-36.22859692809449,-46.89003445238603,-64.71461219998969,,5.769999980926514,18210.119939804077,NASDAQ
EMP,-2.6493518383472026,-6.215595036838694,-6.6826023324550565,-8.612115255944596,,18.709999084472656,175387.53141784668,NYSE
ENVA,0.5464695402267017,-24.830796384406483,-27.941472153588144,26.15835049983575,,178.0,68327080.0,NYSE
LLYVA,-0.7340006675173982,-3.3453631156812436,-7.45996315468227,3.050085513009959,,96.16999816894531,10357027.952804565,NASDAQ
BJRI,-1.8053729710875932,-3.322687564531235,0.02002642877492189,68.08188655287115,,61.65999984741211,30560669.04437256,NASDAQ
MTD,-0.02487220053911665,9.467745386325088,16.67008553064837,19.771304686571376,,1541.6300048828125,256499483.4724121,NYSE
RMIX,-3.411214309797006,-25.459791043642067,-42.54609464139125,11.83047678211544,,11.6899995803833,3626097.5898399353,NASDAQ
SSAC,0.17797331778788283,0.39635316158148637,1.4214253488739281,2.3848045064002843,,10.140000343322754,11640.720394134521,NASDAQ
SUPV,-5.592899821641872,-19.268795596388543,-27.443685965593655,-23.97141537823574,,7.360000133514404,6785346.043089867,NYSE
MBLY,-3.864983257437682,-11.775831596581643,-22.94506426271935,4.773940753980099,,7.579999923706055,42648945.370731354,NASDAQ
ANDE,-0.753274426246342,-1.5069717751555078,-1.6470207540634108,-8.770678019512001,,66.9000015258789,24865392.567138672,NASDAQ
NCMI,-1.6230865888110846,-13.754940942397987,-43.08815889577349,-29.01756715260211,,2.140000104904175,4063201.0791807175,NASDAQ
WYNN,-4.381576366884932,-15.690320381691869,-19.391294615929844,-23.26662081626737,,77.16999816894531,152049513.62223816,NASDAQ
JAGX,-65.45596136327055,-60.667375507033036,-89.68342643882103,-97.80158723614083,,4.730000019073486,74418296.45008802,NASDAQ
SHW,-1.5051013717288675,-3.8559928711222935,-7.022097739623845,0.9971552748412327,,318.4599914550781,421403775.9928894,NYSE
IGACU,0.0,0.0,0.0,0.30545016076868325,,10.180000305175781,0.0,NASDAQ
NMTC,-20.059880538730333,-36.504161063345734,-64.75247469438554,-77.45122879295849,,1.1150000095367432,1098387.6243946552,NASDAQ
ASBA,0.6508141463908323,1.4085676378287726,2.4778946201303054,1.779330924177036,,25.020000457763672,913655.356716156,NYSE
OPCH,-1.945759996818175,-4.534786154241221,6.598651466671468,-16.016517602749246,,23.3700008392334,61512272.688949585,NASDAQ
SOCA,-1.8439178295359682e-06,0.09676831945235609,0.7303534872913575,1.7709555431830948,,10.359999656677246,5273.239825248718,NASDAQ
MCFT,-1.3379606227975183,-14.885432290632572,-18.601798971316818,-2.497552531715741,,19.709999084472656,2394015.908798218,NASDAQ
UP,-11.19285275472749,-24.62087405058999,-62.08211835434031,-65.55238493514169,,3.430000066757202,379234.5273809433,NYSE
SSL,-1.0236000362054631,13.535549819443427,41.994697664135906,10.402791746231511,,14.050000190734863,30439789.063233376,NYSE
PLTK,-1.1872134486364816,-3.9928977072594685,-43.26166519162622,-23.69534302439279,,2.180000066757202,1852184.7367186546,NASDAQ
COLD,-3.072471127831955,-4.155312333667305,-12.445551695716583,23.097114350040158,,14.050000190734863,58428541.54319286,NYSE
HRB,-1.4771542684657524,-19.32246785797409,5.556966069694669,29.635647777303497,,42.0,90837054.0,NYSE
NXDR,0.32706427645838865,9.066668616400818,7.443085757765333,75.78797128039814,,2.4700000286102295,3770766.26367712,NYSE
BVC,-8.340081898307028,-19.5908510888281,21.1472583568008,7.743851122527956,,11.319999694824219,269257.51274108887,NASDAQ
KYIVW,,,,,,4.389999866485596,9535.079710006714,NASDAQ
KWR,-0.7085573019937841,-2.584847098370602,0.23044399364162693,29.69691885468282,,161.0500030517578,22435714.87513733,NYSE
TSBK,-0.5046684572275972,-1.7529280836189098,0.739579340632579,11.966325077087836,,45.16999816894531,1300715.2672729492,NASDAQ
BRFH,-10.838444035492378,-30.462518545885466,-56.04838668974457,-68.81258839543764,,0.8600000143051147,39191.060651898384,NASDAQ
PGACU,0.0,-1.2918469280564837,1.7823690129202374,3.2350156535064345,,10.850000381469727,0.0,NASDAQ
TDTH,-36.79653765503694,-44.0000004964332,-43.41085378259982,-81.68458772556193,,0.949999988079071,47853.39939951897,NASDAQ
PBT,-4.3745102656536305,-6.698762186404473,26.387782690406382,47.956426291790955,,32.34000015258789,28765621.635723114,NYSE
DRDB,0.1681581548383715,0.5627447759630977,1.6438156772135226,2.3384546048379473,,10.720000267028809,324172.8080749512,NASDAQ
BAER,-18.97880532307382,-38.04788358288762,-65.24793408021812,-65.77823002120202,,0.6589999794960022,307356.27243697643,NASDAQ
SVC,-3.0063778887961856,-17.27531741318029,-25.56513427950303,-7.554269519843071,,6.380000114440918,8027462.883992195,NASDAQ
CMG,-0.7288345965503096,-15.975954896222177,-7.735060789891913,-1.9081610806296,,30.850000381469727,726612712.0847893,NYSE
SPPL,-5.498118487492243,1.668352692628683,-44.355285161944,3.3401854783825957,,2.0199999809265137,2123.019979953766,NASDAQ
RAMP,0.3358235010323618,-0.32302308576647176,0.03720424616191487,40.38633909907507,,37.709999084472656,34644779.51889038,NYSE
HRTX,16.43835910043525,5.590062284261732,-20.930231945652654,-57.07070703269779,,0.3700000047683716,1085799.053993225,NASDAQ
CBT,-2.2276929693038627,-6.250000580037418,-12.196955685904188,2.3669099922773773,,77.37999725341797,38378157.23777771,NYSE
PMTU,-0.06578961890129076,-2.4020751149857578,-0.9879447357057591,-1.2090590540510426,,25.184999465942383,201530.36572647095,NYSE
GCMG,0.38610185895646687,-3.3313500103700044,0.16952005711288187,33.7448568795847,,13.180000305175781,4635340.207328796,NASDAQ
GGB,0.12335416430688806,2.267954486143453,17.97480377712317,32.336957032294045,,5.170000076293945,160069132.35214806,NYSE
M,0.9382203731508776,2.9334794985499624,-2.5632246395027147,27.106555715892554,,22.510000228881836,142151596.8653984,NYSE
SOUNW,,,,,,0.5630999803543091,5221.063017845154,NASDAQ
BFST,-0.29377253038447293,-1.9138138589415155,-0.8182338716881454,12.004985962607906,,30.8700008392334,7925131.835453033,NASDAQ
PALI,-8.706786824336344,-28.341707735964007,-30.6420204314523,-22.751893913391886,,1.4600000381469727,2322111.080672264,NASDAQ
MSIF,-3.5946649647375484,-6.366508247753611,2.15442949006861,-3.563294010276785,,11.6899995803833,2219626.980325699,NYSE
DPC,1.4647869324798002,-0.023980187207162107,-13.25873029571688,,,41.2599983215332,28876181.165309906,NYSE
MMT,4.456422120213688e-06,-4.2076952425674214,-2.903810588688116,-6.140349152712643,,4.210000038146973,1366856.5023851395,NYSE
IPX,-14.815563887758554,-20.7575485924157,-40.331805407729874,-35.91143532888408,,16.610000610351562,2518042.872528076,NASDAQ
ZVIA,-8.079267780206202,-13.486369213094518,-29.88372007113912,1.5151520624852477,,1.2100000381469727,354188.79116630554,NYSE
FLR,-3.796827494876387,-10.994855171662742,-1.867117849209965,6.656617188240377,,50.61000061035156,91652686.70532227,NYSE
MXE,-4.445806655342754,-7.6318918303802885,-4.82516538728105,-4.752445950937689,,12.489999771118164,5982.709890365601,NYSE
MPAA,-1.2594004142101545,-9.524630807231416,-28.86932953285829,-3.1347959129911285,,10.619999885559082,849079.6108503342,NASDAQ
ENOV,-0.30594272697964664,-16.767014164751725,-20.425607557319058,-19.406413769301455,,18.690000534057617,25219426.980632782,NYSE
AKTS,-5.5067822855337845,-27.832380022321423,-36.43806056765035,11.121538427457756,,18.520000457763672,5240289.689525604,NASDAQ
SMXT,-0.9540341178435052,-19.662329181640924,-45.369308199821,-72.84056284431648,,2.369999885559082,101803.34508419037,NASDAQ
GRBK,-2.5786937000342958,-7.297189344865429,-14.741974464583008,2.4369205835759633,,65.47000122070312,23305618.214538574,NYSE
VFS,-2.614175952488218,-0.41867839226414905,-0.2580627397741009,-24.400977387950107,,3.0799999237060547,1310709.36753273,NASDAQ
XP,8.45186516368206,18.483089640306293,38.42781353856877,20.482640185459154,,28.149999618530273,1346400097.104498,NASDAQ
INEO,2.749309691312929,6.472910437487611,-12.181120007767133,17.567357265055428,,0.5464000105857849,29297.968567609787,NASDAQ
BKD,-3.119398947870533,-8.824026555879772,-31.395202045960136,-21.43064958130051,,10.529999732971191,46352985.114541054,NYSE
MVBF,-0.6678700979545038,-2.6062480674059474,2.0165982634244406,18.453327425555454,,29.920000076293945,2137604.4854507446,NASDAQ
KRSA,-4.744436325309643,7.149619615934766,32.10741393461098,15.019060883981616,,30.719999313354492,3202467.7684192657,NASDAQ
IACQ,-0.24062540230447294,-0.04018768586301347,-0.24062540230447294,,,9.949999809265137,0.0,NASDAQ
PAYP,-6.779866708140214,-1.5372775605953959,2.9604835942594,-25.371394522611034,,15.260000228881836,5678658.105173111,NASDAQ
DTE,0.8500186765829865,-9.361366774277213,-19.056678113561233,-16.073783618489536,,125.04000091552734,231584460.01563263,NYSE
AOMR,-3.219845124448273,-11.296564059553937,-18.727835447385388,-10.451768683929675,,7.25,819264.5,NYSE
ERNA,-16.731516122562738,-33.599290873831556,-53.56478495774751,-40.67326630696212,,2.700000047683716,57658.50101828575,NASDAQ
ACR,-5.082931056371109,-23.971429225765917,-40.56951469916149,-44.14943881236053,,10.289999961853027,403254.8085050583,NYSE
KVYO,-0.47523775603727225,-20.768616123598317,-3.6328397300766646,-17.293698791543356,,16.700000762939453,71042003.64555359,NYSE
OSS,-6.048126834176914,-14.007939073684417,-46.678151042345604,15.882350503742115,,8.329999923706055,8328883.703716278,NASDAQ
RVTY,3.4379536228137386,18.27362341205836,35.66606257014384,74.51150699154843,,157.36000061035156,243844584.86579895,NYSE
GASS,1.5628505548908933,-4.191235965943141,11.276908186977774,-2.6118589431773698,,9.140000343322754,929062.7548980713,NASDAQ
YHNAU,3.4463797263697638,1.3105916422550878,3.6363591780816273,6.976300154115567,,11.210000038146973,22296.69007587433,NASDAQ
NVNIW,,,,,,0.01489999983459711,609.5738932332024,NASDAQ
BL,-1.8060960307195395,-17.03088735838385,-6.59703157728897,-25.482458280357534,,28.1299991607666,26564452.187473297,NASDAQ
RNA,-4.240282030589859,-41.4180727258084,-39.009751945946334,-39.777777636492694,,7.96999979019165,2058507.4858102798,NASDAQ
LION,1.193274007927836,-1.7039026523057998e-06,-23.67380421166404,16.945254073500426,,11.170000076293945,25089618.541368484,NYSE
ALNT,2.1146207893380398,27.49988780798396,25.575520389019204,91.42762043199977,,118.62999725341797,16674632.41394043,NASDAQ
BTBT,-8.916478230324888,11.772853663545035,-6.271776636845338,20.71802546474504,,1.5399999618530273,29098605.73920536,NASDAQ
WHLRP,11.114844870789508,8.160821287956189,-9.688864275053,42.11882787541035,,11.739999771118164,377182.7126464844,NASDAQ
NWGL,1.6751657768860895,34.30825752005451,390.85795102283794,68.51762400115274,,1.25,121483.75,NASDAQ
CON,1.1050041834775648,3.6143893615896205,13.271328149251914,67.20954674868935,,36.209999084472656,37518990.55137634,NYSE
MBC,-2.1538461004937504,-15.035219931380862,-28.039497498189125,-14.620454500645597,,6.980000019073486,20194773.37518406,NYSE
TSQ,-7.476636093480316,-20.468040901469063,-36.02135464090237,-16.008850351205272,,4.440000057220459,340912.0843935013,NYSE
CAII,0.20028498303077402,0.20028498303077402,0.8872767346314481,,,10.010000228881836,253253.00579071045,NASDAQ
PEP,-2.180467173557832,-9.859777396157043,-10.789082019355122,-18.955795590247014,,125.6500015258789,1108328256.1594086,NASDAQ
LPBBU,0.18432722014933844,0.18432722014933844,0.09208314178617005,2.161649763297868,,10.869999885559082,0.0,NASDAQ
AUPH,-3.0378217596149226,-0.9213489035187261,0.03121678914557169,5.581181677900249,,15.720000267028809,12610364.134206772,NASDAQ
FTFT,-18.83449951694951,85.80576153119586,-65.34633790871109,-81.52589120531137,,3.4700000286102295,159304.23131346703,NASDAQ
SKYA,3.3991261436118414,38.67647672658576,61.47260500118485,19.822113381092986,,1.8700000047683716,936668.0423884392,NASDAQ
ANGI,10.175833389778987,21.794871440917476,-3.726706118771672,-14.039694981770445,,6.059999942779541,4715643.495473385,NASDAQ
ORIQU,0.0,0.0,0.0,1.4705938726424117,,10.350000381469727,0.0,NASDAQ
ATGL,-8.69106354819863,-22.30539001446172,-53.94444993116772,-65.81478127333422,,4.800000190734863,9091.200361251831,NASDAQ
NE,-4.652013078643192,-10.396804526760983,10.901455284475858,-15.12772478181985,,42.54999923706055,67650158.68700409,NYSE
SGLY,-16.496906697112802,-43.59470811041224,-80.84247861445107,-85.74982388316288,,0.9799000024795532,7274809.955108285,NASDAQ
EL,-4.526035542714824,-8.883198358771038,11.612421825719421,31.986646938078866,,93.30000305175781,259980925.0037384,NYSE
MTZ,0.44377632698249236,-9.551231596649789,-44.110691475022165,-34.3768543230035,,219.39999389648438,285411967.0600891,NYSE
AUUD,-1.913873778694175,23.444401919073353,-9.292033608861527,-75.36095926225268,,1.3300000429153442,911504.8894116879,NASDAQ
BRT,-3.3468579512754393,-7.935413953418702,-11.407702841463152,-1.433215538302579,,13.289999961853027,1184138.9966011047,NYSE
NEXR,-19.960474345548075,-34.32432509757377,-82.57814755258917,-95.0468814126628,,1.0099999904632568,97497.31907939911,NASDAQ
ADAG,-2.090138261751051,-17.682593180257257,-29.657437588986014,-27.338828147625314,,2.799999952316284,911973.9844691753,NASDAQ
FFA,-0.70699919783479,-4.518070692217369,-0.990541314249993,8.87057298504834,,22.110000610351562,809535.5623474121,NYSE
DXST,12.292939072557129,-0.5405400330022792,18.92890089342465,-12.44051630605626,,2.119999885559082,577863.2088060379,NASDAQ
BFRGW,,,,,,0.1120000034570694,2314.256071433425,NASDAQ
NC,-1.7233969254801251,-12.994914317174066,-24.555908819506765,-28.654949240678697,,36.70000076293945,957172.7198982239,NYSE
GJR,0.0,-1.4077653010528435,-0.8462187225091067,-1.7258044743016288,,24.100000381469727,9953.300157546997,NYSE
MCGAW,,,,,,0.25999999046325684,4507.619834661484,NASDAQ
INSM,-7.195451534149921,-10.057219466804812,0.6750362253953535,-31.515954664130994,,103.83000183105469,560106168.6975403,NASDAQ
CICB,-1.128291482555599,-2.28440637216889,-1.7447568483914155,-0.9400038856504422,,24.47010040283203,203982.7569580078,NYSE
SILC,9.796962156488886,35.92659330125081,27.84025620196935,160.1831033289007,,61.16999816894531,11025892.169952393,NASDAQ
EGBN,-0.5163047954149014,2.574197363416353,1.5815690312477537,11.511016722505829,,28.31999969482422,7428165.999954224,NASDAQ
BST,3.2161972722726917,0.3133680715410314,3.0227734333089673,38.09316168688237,,50.52000045776367,6649492.980251312,NYSE
BRZE,1.885111628811198,-24.83585861029488,7.650881174527613,7.188151381837016,,26.610000610351562,44871672.33921814,NASDAQ
NATR,-2.9924425980883407,-10.400342262966856,-42.11156135588049,-48.21737341930542,,12.399999618530273,1573770.7515850067,NASDAQ
TROW,0.11678744776526528,-5.223282717659606,-11.008628059150126,16.58715142538314,,103.93000030517578,192150461.41422272,NASDAQ
ANVS,-6.5648865631692255,-25.45676287136869,-36.25000055879355,-44.313011710496056,,1.2000000476837158,788932.8313493729,NYSE
XRAY,-8.614933832029015,-21.44522304761135,-24.28275069479279,-24.112248242496193,,8.5600004196167,42872154.341620445,NASDAQ
UWMC,-1.9320792299382106e-06,-14.54293863209919,-43.601463210117416,-66.09890142352003,,1.2899999618530273,17807100.133420944,NYSE
MCGA,-0.019312941151505836,0.04831777769631618,1.3211963641508007,2.3225956968080164,,10.354999542236328,5260.339767456055,NASDAQ
MDCX,2.1628524053602716,-33.19467318925968,-62.85846476164214,-63.89388438113869,,0.16699999570846558,284233.658695817,NASDAQ
UPST,-4.643150012407149,-18.04850560767759,-32.941042396043564,-8.988411841492994,,24.350000381469727,151061436.61654472,NASDAQ
OCCIM,-0.20465575227491817,-1.2703976088486169,-1.2351104666154855,-0.7898829364102244,,24.850000381469727,57527.75088310242,NASDAQ
HSCS,-9.336822080905705,32.61008719349425,50.36179587636613,77.69797213719814,,4.360000133514404,651213.9799418449,NASDAQ
GENI,-3.2690437131382533,-21.44943126821581,-7.357545195698368,33.348356175316376,,5.989999771118164,37492947.997369766,NYSE
IPWR,-1.63366412651349,-16.827122338032584,-21.95600665841485,35.724045218688886,,3.950000047683716,352320.25425314903,NASDAQ
AMPY,1.222377745411718,-12.372812131109844,8.847321743932346,-29.846854010483337,,4.429999828338623,2314657.190307617,NYSE
TRON,-5.392492799514848,-19.976904507465754,-13.048934470878127,-39.26380332844877,,1.350000023841858,709160.4125242233,NASDAQ
SBRA,-2.031534483557995,-6.55548158621605,-2.2291699597321357,-0.8287287373022423,,19.06999969482422,67914047.12317657,NASDAQ
ISRG,-0.06930923602757044,8.495932613501967,-3.2460919996885274,-11.581473526585452,,406.4800109863281,676178278.8357239,NASDAQ
GERN,-3.6392370741196167,-19.656990526274253,-10.964910484368085,-23.588453929535337,,1.2100000381469727,7702852.982843399,NASDAQ
SND,1.2249643341013083,-0.7624849895368491,9.094717465691637,2.078430325377223,,5.349999904632568,1039221.4314751625,NASDAQ
SNT,-0.38071180986311015,-7.538281556952509,-18.314256084034085,-46.92359838853546,,1.5499999523162842,37604.54884314537,NASDAQ
DFLIW,,,,,,0.014100000262260437,579.1152107715607,NASDAQ
KNDI,28.23871214434459,29.07142776693177,9.817680259017415,-3.97584295690413,,0.7053999900817871,519576.47069454193,NASDAQ
WHD,-2.9990796764977734,-10.754994493851965,25.091944885099203,32.58445689795051,,64.75,35791469.0,NYSE
SOJC,-0.3850665431905598,-5.133952237557759,-9.150327818916981,-11.160929567800604,,18.770000457763672,726586.7177200317,NYSE
NBXG,1.9161519868908128,3.907171314556712,-2.48554488744972,22.261644945172332,,16.15999984741211,2009673.7410240173,NYSE
PAAC,-0.27804863265638025,0.0,0.9246251091885371,0.4200019836425817,,10.010000228881836,2089597.5577793121,NASDAQ
EPC,-2.606875088305094,-5.427389272499283,0.00741385250477844,26.805190463091755,,26.75,17972308.5,NYSE
KYNB,-8.566582354434205,-20.676967947712633,-13.805970794181944,-5.796679943889071,,6.090000152587891,537722.6534729004,NASDAQ
ENSC,-0.4861429631181635,-0.8236429099611198,41.46510485742441,-26.07439417389027,,0.4189999997615814,248308.19885870814,NASDAQ
YTRA,-8.556680550671668,-6.401140271602168,1.3644361145436879,-14.227189152620634,,0.8949999809265137,8219.679824829102,NASDAQ
CPNG,-1.278408555975874,-12.97270289403013,-24.2424240534169,-26.470588591399636,,14.199999809265137,489792684.0210886,NYSE
CRGY,0.3955006649463133,-5.076942095756454,39.88978694455041,-1.064303982713266,,13.5600004196167,49313490.806015015,NYSE
CNTN,-6.035889152629448,3.690369844302799,-15.697036128170206,-28.447204663574055,,2.3299999237060547,1721883.9236183167,NASDAQ
VSA,-19.985358725621637,-33.917774534670066,-45.59482208479048,-66.33815787686308,,2.0299999713897705,70018.75901317596,NASDAQ
JPM,-1.8864914679492473,-6.890260368892298,-0.541603503793997,13.693826669976428,,332.3800048828125,1771060930.3776855,NYSE
THH,-6.451614095986624,-19.011816201402787,-50.0,-55.98365553685245,,1.4199999570846558,44999.79864001274,NASDAQ
RXST,0.0838945387403589,-31.71150516760327,-11.036539967194248,-26.015503461970834,,4.760000228881836,2302683.4307231903,NASDAQ
IIIV,-4.231954999139809,-12.440309528095028,-33.866642162008,-36.716814800701314,,14.970000267028809,5702761.7217235565,NASDAQ
CR,1.134734253862013,2.211792401324364,-5.666180773017649,22.593466106750014,,209.61000061035156,105955549.598526,NYSE
NSYS,-0.6215565323533845,-3.233617172509551,-24.80515992908108,-10.990933449960604,,11.050000190734863,22420.450387001038,NASDAQ
TRS,-0.7196485720196155,-0.37898078694436066,-8.422390529536594,8.68860672874925,,38.93000030517578,8924585.779960632,NASDAQ
GLIBA,-1.7153952819667029,-12.68673359907827,3.3866678873697875,-36.27547473565582,,23.610000610351562,614096.1158752441,NASDAQ
IRHOU,0.0,0.0,-0.567627548759464,1.9875522620615094,,10.15999984741211,0.0,NASDAQ
SOPH,-0.6304564265878665,-1.359972398652154,49.0723869501761,65.77669858434338,,8.199999809265137,9689529.774618149,NASDAQ
ALOY,-6.959119635508049,-20.568628872142114,-40.10940325140344,-12.467587848490902,,8.109999656677246,7121747.538513184,NASDAQ
MYFW,-1.8518530306143144,-2.9693363661879357,-8.781852768507893,20.726014204312705,,30.010000228881836,683417.735212326,NASDAQ
GABC,-0.3665082750161308,-1.1354917199781878,2.686141849645285,16.03509470788691,,49.279998779296875,6190996.966644287,NASDAQ
GSHD,2.5387560302170487,-33.709041040707554,-12.365590334588372,6.790211160784243,,46.189998626708984,18756557.502342224,NASDAQ
KEP,0.2902754807257324,-5.568842121451246,-10.636921853836789,-21.387939524245624,,11.170000076293945,6577890.174928665,NYSE
GPI,-1.1347345602498171,-9.853856980504606,-15.765637618488915,-25.34009603047236,,241.44000244140625,72973792.09790039,NYSE
QGEN,-0.18539273658518818,1.3266005780514067,12.5076456779315,9.521211865069379,,45.790000915527344,139852782.38622284,NYSE
APLD,-7.1776065479973505,-1.4619419542864387,-27.08566032894043,4.636153433384438,,24.700000762939453,583624684.327137,NASDAQ
EP,11.775531032974929,-22.314576732169677,-9.192825176032372,-17.62711666603599,,2.680000066757202,135179.20336723328,NYSE
TDF,-3.3172489467689026,-10.196078466292246,-11.125485843391413,-8.747627463685049,,9.600000381469727,537926.4213752747,NYSE
SCCO,-0.09545433257728275,-0.862245930402239,19.650033356822828,20.133029896843226,,205.2899932861328,196538891.45233154,NYSE
SBCF,-1.2954458015194237,-4.920830380268004,-2.8858278043386143,6.557161108286946,,32.4900016784668,27172623.023765564,NASDAQ
SOFI,-4.649479422701486,-11.394669402397605,-12.982302144818437,0.4823560689627415,,15.920000076293945,762977418.296442,NASDAQ
SEV,-9.86973960343297,-23.250850266393098,-18.89089376911003,-33.22197486515942,,1.5800000429153442,668057.1981455088,NASDAQ
FHI,-1.608412031606099,-9.7406756346326,-0.2646716317277753,-1.2819176261504972,,56.5,32104599.5,NYSE
CHRN,-6.359895660779646,3.192056975213853,4.928355371437099,91.48178001200216,,18.600000381469727,2457004.2503910065,NASDAQ
UNIT,-9.597522648499968,-17.763027918004504,-25.94203066560453,-15.04572127049234,,7.949999809265137,30490713.76847267,NASDAQ
SCD,-1.2090281646261136,-5.717949919603427,-5.85072297389716,-1.1559135229660011,,14.680000305175781,1307121.9071731567,NYSE
ANAB,-4.337891019215057,-12.380715264477049,-24.232710004566027,28.77924189941854,,49.20000076293945,29300863.65436554,NASDAQ
XNDU,-12.750384968858452,-55.72713107759287,-61.38765742535768,-42.643706693731154,,4.519999980926514,28536378.039582253,NASDAQ
GTN,-1.2189801032484349,-6.855497315911785,13.563563417836932,1.2946469663661864,,4.630000114440918,4596640.963616371,NYSE
MOV,0.2327821482001058,-0.9262535072709133,-11.875527008139986,38.03221920355136,,33.45000076293945,6440764.196903229,NYSE
BBNX,-12.519533711383069,-2.9620195401958482,14.870246998308678,91.21960860148694,,18.950000762939453,11836663.176551819,NASDAQ
ASTE,-0.6920249271194168,-3.1297210457607916,-30.105585779640066,-24.502410489801306,,41.599998474121094,7221052.535133362,NASDAQ
KIM,-0.7414685848566749,-7.106430786702123,-11.880404022092872,-1.059662103421366,,22.030000686645508,110333403.18894386,NYSE
DKL,-0.007376704047823424,-2.1263535702701897,3.6273991733092315,7.591872808503886,,55.29999923706055,4133232.5429763794,NYSE
NMFCZ,-0.023647514630731337,0.4801361024862061,-0.40835444463007686,-0.11813934172123508,,25.40999984741211,126618.02923965454,NASDAQ
NIKI,-0.6330974766148079,-29.01940517967274,-39.892570615682224,-45.92108378697931,,4.728499889373779,17027.32810163498,NASDAQ
BBAI,-4.932093054549802,-11.68658678145671,-25.490195607015497,-22.08552874781262,,2.609999895095825,40706667.613869905,NYSE
DCH,-1.3415531668591885,-14.675449142768215,2.7180041774822694,-6.878850935366998,,5.650000095367432,33663548.06821346,NYSE
EVG,-0.4000815363866539,-6.760300696009014,-7.659495750365696,-6.0920382438160665,,9.979999542236328,1354485.5378723145,NYSE
ASPC,-0.012928430393432944,-0.8479858722061362,-0.09780485085661983,-0.3222092457911496,,10.8100004196167,46612.72180938721,NASDAQ
INO,-4.098358765560817,-11.49773054188341,-0.5102056125029786,-21.052630901573743,,1.149999976158142,3396863.029576063,NASDAQ
PPSI,0.5145295197559907,14.045331887014623,-11.250666896649475,0.9422505128209746,,3.25,136964.75,NASDAQ
PS,0.5056126098478719,37.14488790301254,62.239689494679105,,,54.869998931884766,9779918.869621277,NYSE
LPCN,-0.0946946242862956,-8.141055031159238,-14.57490016101458,-63.38077035551189,,2.069999933242798,40909.408680677414,NASDAQ
WLFC,-11.835398786736928,-12.8759469507703,-37.86665814718062,-17.62115613574342,,42.84000015258789,20521645.273094177,NASDAQ
NHPBP,0.04017178742279359,0.3016662451711838,10.961430016410212,35.55610142802694,,25.440000534057617,48463.20101737976,NASDAQ
NOVTU,1.1840931629792495,0.006503128204338182,-8.620229856554584,15.981752043960196,,63.02000045776367,169271.72122955322,NASDAQ
CCBG,-0.7898257270973708,-3.71855163321001,-1.1900427429527682,11.58997833321469,,49.310001373291016,2490697.4793663025,NASDAQ
CRMT,-25.90469276636974,-55.51672672114392,-64.931992548435,-91.90824685006493,,0.983299970626831,336924.7850353718,NASDAQ
AME,0.7600560260870637,6.949653155401703,5.828180509695402,16.082442782017516,,251.9199981689453,276283181.191864,NYSE
AUBN,-1.5027529062767164,0.17401940892134427,-1.2824345436478701,12.988562142542026,,26.360000610351562,162693.92376708984,NASDAQ
SOC,-13.83299790829674,-27.29201823962889,-13.962832543472503,-78.20887930105779,,3.4700000286102295,23132713.55072975,NYSE
SITM,6.147673354012495,20.66086955919333,4.391307438251668,97.56141527480024,,710.0399780273438,183631959.1973877,NASDAQ
IRD,-5.6749072322686,15.255081433349392,12.742248404524602,2.2857141539665005,,4.380000114440918,11099546.630009651,NASDAQ
RNR,-1.280858741761226,-2.575194890554422,0.4879188788474931,8.378025090637632,,323.3900146484375,126193898.29614258,NYSE
PPLI,9.622320892001346,6.6247055206968275,-11.574172839427177,3.8544660867294134,,41.72999954223633,86521103.2008934,NASDAQ
MRBK,-1.7481812756041992,-2.2769621064583134,-4.837737343986481,-1.3478244796865102,,18.8799991607666,1169936.907995224,NASDAQ
VC,-2.6841778604406064,-13.45877918765841,-14.41959902642811,-2.5549080183149275,,89.2699966430664,38607309.60820007,NASDAQ
CNA,-1.2106318345632028,-6.13230693596064,-9.331749653226817,-0.2479644506788503,,46.209999084472656,22658564.741081238,NYSE
BOOT,-3.3580733229636617,-18.95026028998653,-24.078606500092448,-14.831932986817787,,122.87999725341797,83219863.73989105,NYSE
MDXG,-2.735688658727098,2.52883838787068,15.723585880849388,18.149283841667298,,4.550000190734863,4070994.37065506,NASDAQ
BEPH,-0.9294162565143482,-2.2123509942499453,0.9193195204096449,1.023282516462598,,14.630000114440918,861955.7167425156,NYSE
TMCR,-19.47224735066303,-40.940941308044664,-46.718843589789195,,,3.1600000858306885,339500.9292213917,NASDAQ
YDDL,-1.7980668507227238,-23.24324556299159,-30.392157664806852,-90.01827671306046,,1.409999966621399,14748.599650859833,NASDAQ
SPFI,-1.7462374110514323,-4.202138465668426,-1.4739805316045351,0.5800139022268169,,42.72999954223633,4275008.264202118,NASDAQ
HII,0.6205699125982678,-8.318236631513487,-6.824647430481956,-31.363723181555912,,266.4800109863281,150841543.178833,NYSE
RNP,-2.6268762116709365,-8.220260855854189,-9.897906311627203,-6.845594682278245,,18.110000610351562,4156118.370071411,NYSE
ADBE,0.5500920081732641,-17.066638933138467,10.744143980487685,-1.8134817791104374,,238.78500366210938,785195294.8320923,NASDAQ
TBLA,-4.159446906366082,-12.36133087896959,-36.92015173139846,4.734848510504741,,3.2699999809265137,6040324.3447675705,NASDAQ
FFIN,-0.9322560618746256,-3.8484734031517864,-8.574705469704858,7.123656206867546,,32.029998779296875,32337807.067565918,NASDAQ
PWR,3.1842988593778543,8.678182197021966,-2.7473336914646818,20.267007474849574,,683.4199829101562,638556878.132019,NYSE
BMEA,-10.773483369308245,-28.658199432313637,-7.977208881913988,-12.584574676014071,,1.2999999523162842,1356985.4502260685,NASDAQ
WF,-2.8712685178477693,1.4201651609852206,27.07683872215403,14.950437959948593,,75.68000030517578,4905653.299781799,NYSE
CIM,-9.996213107681218,-17.047634959227974,-27.92601586664799,-25.29855483126027,,9.180000305175781,16985378.184654236,NYSE
NRUC,-0.90987343834803,-1.4103274768968888,-9.475893000561154,-10.261079120590665,,20.639999389648438,149392.3155822754,NYSE
YETI,-3.1496463410072617,0.32577952418670897,-15.97915125106133,12.94613404405145,,40.52000045776367,47463710.33620834,NYSE
BNY,-3.1771903709998384,-10.606172372820033,-2.086150554469124,20.671395873297115,,143.75,555079843.75,NYSE
SQFTP,-5.308949348332148,-9.893347331976965,16.575889845837555,-5.294984128777436,,6.425000190734863,14790.350439071655,NASDAQ
HBT,0.6052782685143976,0.20654177355443615,11.007357133472627,32.206508627001895,,36.310001373291016,4042864.4829063416,NASDAQ
BRKR,1.908179158528145,9.929201827128665,5.379905265930374,76.82350940192218,,63.86000061035156,128737801.91043091,NASDAQ
ENTX,-0.392155642777936,-5.288136930172527,64.54652547606419,145.08771774988247,,2.619999885559082,3285000.3965120316,NASDAQ
NSPR,-11.663887351723723,-26.55658115464935,-9.398859476157018,-59.333759559895164,,0.5800999999046326,78752.6356870532,NASDAQ
FUN,-7.886537930797233,-26.088671436811563,-44.60112272324476,-35.57339329990851,,12.130000114440918,38259124.19095707,NYSE
HOVNP,-3.8912960505870453,-8.596391082106791,-10.581260947514437,-10.278781455690867,,17.94879913330078,104820.98693847656,NASDAQ
BLZRW,,,,,,0.38999998569488525,322.5299881696701,NASDAQ
PMTR,0.07673853452505597,0.14398303459348671,-0.10532056405654355,1.6663427965667221,,10.430000305175781,3291280.4663009644,NASDAQ
MSBI,-0.8493585682399218,-1.0294923708249804,6.413594450243965,44.245367524872556,,33.0,3729594.0,NASDAQ
SYNA,10.800178854533637,14.258073921378944,-10.56008796474045,53.90673015130156,,119.7300033569336,183513528.5852661,NASDAQ
HGLB,-5.035765992773655,-11.161670399870205,-12.565858735861479,-17.252556588955017,,6.610000133514404,670518.4135437012,NYSE
BOTJ,1.3896156929776637,0.38464417169128406,6.230918955481268,30.289937313310865,,27.34000015258789,1582903.988834381,NASDAQ
OUST,1.993966834285521,21.23944846860677,-21.237843526899958,126.92057696697599,,44.119998931884766,131526040.57584381,NASDAQ
FIGX,-0.019369027783044945,0.0,0.8006208399194525,2.136917286888318,,10.319999694824219,0.0,NASDAQ
TEM,-1.2188808305145682,26.965438657160902,33.4575346679761,74.94222141780111,,83.55000305175781,604998438.7982483,NASDAQ
CMTV,3.2744752541112643,2.3129362206045556,7.176226757780246,25.671122607604335,,42.060001373291016,694200.3226661682,NASDAQ
HWC,-0.9239530057493339,-2.8935793872412963,-3.4085802840494006,13.468157357943266,,73.18000030517578,59795085.52935791,NASDAQ
ALPS,-0.6513031714821871,3.0129900972685864,-32.205126749432,-60.19670789022169,,0.4000000059604645,27772.00041383505,NASDAQ
QNCX,-0.8844872905869661,-6.808166847039909,73.29486718502966,52.91242422416653,,28.100000381469727,620700.9084262848,NASDAQ
CRC,-0.7358852470736865,-2.6828991332568553,0.6685588071466686,-23.730012045667447,,53.0099983215332,39021932.00444031,NYSE
BGC,-2.6101454962917825,-2.5615451072169115,6.956360197963063,18.271753050376294,,12.199999809265137,49109476.632222176,NASDAQ
JJSF,-0.362384961765283,-11.241358437449446,2.563560542916421,-2.661441970540024,,78.19000244140625,29036091.976623535,NASDAQ
SYRE,2.4799992946405336,1.6045556704061603,0.5187039912427194,86.30449384047792,,92.72000122070312,59596893.42462158,NASDAQ
SVIV,-0.5520462040178975,-1.1368070867684876,-1.388074350350621,2.1880082757137487,,10.09000015258789,0.0,NASDAQ
PUK,-2.4436404492381714,-10.084279892960657,-10.214741804229789,-13.677898028116553,,24.510000228881836,26372172.006271362,NYSE
TRMB,-1.1519844502332122,-3.607486953792516,9.623573076609727,-10.750992525064063,,58.810001373291016,158446317.36993027,NASDAQ
PFS,-1.2642579832092604,-4.432654768669508,-5.603922828199992,5.338615284663151,,22.3799991607666,23390702.302865982,NYSE
NREF,-0.9218329805697811,-9.795353639060256,-0.21620135110288485,17.349686323026692,,15.470000267028809,822184.1041917801,NYSE
AEI,-4.45011566479887,-46.42918459019862,-46.58202739218561,-57.640272350072905,,0.6955999732017517,11201.94196844101,NASDAQ
MTAL,-0.05904484739389648,-0.4899097687292131,-0.353218815560441,,,10.149999618530273,0.0,NYSE
FN,9.210189392479617,9.786058133726883,-13.992475850351816,-16.662531437453076,,453.8399963378906,306198130.24923706,NYSE
FEIM,0.331974671337254,42.68876700336017,31.679131641831027,79.52563275006517,,85.45999908447266,52887091.35342407,NASDAQ
ESAB,-0.2537805137941662,-8.696464804752424,-28.185903940416633,-29.273187189958204,,71.45999908447266,100925886.5669632,NYSE
ICLR,-2.37332759155362,1.5539832310965451,-3.355851329646131,51.104378352165455,,168.3300018310547,156975301.5575409,NASDAQ
CMCSA,-2.3465690361227365,-18.914866699284836,-8.968532775016891,-23.39822851398068,,21.56999969482422,670274323.9768524,NASDAQ
PAXS,0.6693026801265933,-5.807005070286908,-9.664212007602991,-7.81445969262089,,13.119999885559082,2764738.2158842087,NYSE
SRZN,20.525981433824537,36.5271024883681,24.01267430517471,8.781807475283854,,29.1299991607666,12793283.901426315,NASDAQ
RMCF,-0.9367700263296141,-19.886362841019277,-19.27481077971359,-61.78861830642003,,0.8700000047683716,14632.530080199242,NASDAQ
BME,-2.4591636626167146,-4.521624542425895,0.6493505809042288,13.834054726193191,,42.849998474121094,2120260.774497986,NYSE
FENC,-2.0392965327353463,-14.485452094719776,-0.7172520153345241,68.75200288433703,,10.619999885559082,1253191.8464956284,NASDAQ
SKIL,-4.776218522396947,-14.742822427938728,-16.710487253883656,32.41988194371142,,5.639999866485596,105405.9575047493,NYSE
KLAC,6.928049677598502,15.967386440823162,-19.76492725139766,35.30228006254443,,206.85000610351562,1621133141.8347168,NASDAQ
VNMEW,,,,,,0.25060001015663147,125.55060508847237,NASDAQ
TXRH,-3.1268876801712975,-18.70820999435341,-17.506799764207848,-3.7289463108270193,,158.97000122070312,342835340.51257324,NASDAQ
GLRE,-1.7658884084709392,-4.013071546530522,-10.067363160761378,-16.17580019208047,,14.739999771118164,1899425.8505058289,NASDAQ
IPSC,-8.064515353737711,-22.561861698157582,-33.38898290855256,-26.111112239429467,,1.4800000190734863,1141577.2947120667,NASDAQ
HLT,1.9493852047175464,1.0469656573940611,-5.278873267252548,4.765662187613895,,316.1199951171875,448192400.1171875,NYSE
BHK,-1.8229774115064545,-8.84186936989655,-10.35917742646667,-10.319892961131217,,8.050000190734863,7065066.567398071,NYSE
DSX,-1.7494784697932086,-1.4044963902271945,32.203388650934286,12.590216196135717,,2.859999895095825,2141427.781452894,NYSE
SOS,-7.530866099121425,-59.62264125315049,-68.06589055718239,-65.80618392684751,,0.3248000144958496,123248.93830060959,NYSE
IPAR,-3.701372758431043,-2.9478899616639853,-4.171257007598772,24.28257413257715,,113.76000213623047,22437567.781341553,NASDAQ
COCH,-5.0561783831764355,-4.573687201386756,-13.11053964881066,-2.481247108009643,,0.6510000228881836,47556.85367202759,NASDAQ
IGR,-2.6060783849237046,156.3764314367202,153.1480704007095,170.03243773785263,,11.510000228881836,7064446.800479889,NYSE
OCFC,-1.8692689006788,-11.783977509654608,-13.241864655443736,-7.625054607247462,,16.81999969482422,14088431.744384766,NASDAQ
MOBBW,,,,,,1.1100000143051147,6212.670080065727,NASDAQ
COOTW,,,,,,0.013100000098347664,0.03930000029504299,NASDAQ
PAMT,0.8295255245031052,-3.904485409698577,-13.631089926523233,37.26665118310453,,12.020000457763672,130957.9049873352,NASDAQ
LSCC,4.574043341730283,13.683584049905217,-8.0886748345819,38.82974375842798,,132.85000610351562,300311822.8471985,NASDAQ
ASR,-2.4180160345502855,-7.550006527427932,-22.55935660684758,-30.21253798775013,,238.47000122070312,23264894.849090576,NYSE
IMAX,-1.9253892620841428,4.9315294512978225,37.95844999353682,38.87024413845583,,52.58000183105469,41793635.09542847,NYSE
GF,-2.0706228182650444,-8.356401224511224,-8.672411831040417,2.1797822852092974,,10.489999771118164,376381.1917877197,NYSE
AIIA,0.21421735060251912,0.6454134887782015,0.44895852359971844,2.530387372097853,,10.289999961853027,2087347.0722618103,NYSE
FSHP,0.0,-1.2162038688520505,0.7136478450831429,3.237016237665835,,11.289999961853027,0.0,NASDAQ
VOYA,-1.041774739919099,-6.339693555362613,2.000892218502659,42.07439812089666,,98.0999984741211,124736894.85980225,NYSE
FLNA,7.255270027747018,4.561644171538037,-26.487961545647355,-45.736967077275814,,0.8697999715805054,899652.3764051199,NASDAQ
OPRT,-1.3723123170066298,12.663579488384148,42.35274014561323,80.14385640741199,,8.380000114440918,7080195.056690216,NASDAQ
OTGAU,-0.038505014667189474,0.1350042345163338,0.5422148262598903,1.5252243689488187,,10.399999618530273,0.0,NASDAQ
TDACW,,,,,,1.2575000524520874,3343.6926394701004,NASDAQ
CTOS,0.7214071675959888,5.045363474535014,-9.442962143714318,45.079458820142236,,9.880000114440918,7667364.20881176,NYSE
NMG,-12.275451548901628,-17.81206312742144,-25.063940463039668,-47.95737101120521,,1.1399999856948853,1006889.0273652077,NYSE
FFC,-1.6600805969131716,-5.828918528756077,-8.203177495848635,-3.6405883399881156,,14.720000267028809,2170213.7993688583,NYSE
NPB,-2.9895166051089883,-11.520301409715717,-20.93661116720118,-13.690270916636171,,15.359999656677246,3288744.886490822,NYSE
FROG,5.256674226225511,1.148161525314939,1.6965030746113552,100.93249935882258,,97.86000061035156,103381066.12478638,NASDAQ
TSM,3.4484141514415256,12.098011244869312,4.043617174784631,39.01439548253798,,485.79998779296875,5285992096.175232,NYSE
CLOV,-2.85777781505524,3.2493481691250103,-15.51059778401368,149.99999388321785,,4.679999828338623,22816768.2030859,NASDAQ
QUCY,-1.0447786554882876,-12.648221790845504,-9.673026465890954,188.26086786383715,,1.350000023841858,370074.15653574467,NASDAQ
FEDU,-3.141672584003641,-3.320116884589852,-4.923196257329732,-10.807314641469468,,9.880000114440918,31704.920367240906,NYSE
UPWK,0.46545942057345524,-9.7888230206999,-7.363901765814084,-25.409238686192715,,8.359999656677246,26601811.50753498,NASDAQ
IBAC,-3.679577721073335,0.477499198046627,1.6536627978710472,2.2234670594265316,,10.880000114440918,31660.80033302307,NASDAQ
NGS,-0.8891292709387488,-6.966443442006199,-17.97977694885625,-13.475553709195765,,33.58000183105469,4975616.031311035,NYSE
GILT,-2.1531136638883175,-2.464230390128608,-24.41090599206509,-37.45380628707991,,9.399999618530273,7264977.705173492,NASDAQ
NNN,-1.378075748366181,-9.895740259225494,-13.223278839782804,-3.628801981018226,,40.380001068115234,116705390.72704315,NYSE
MSCI,-1.5475146487122893,-4.495437714780815,-8.600382582777044,0.47530802992561405,,552.3499755859375,259912147.461792,NYSE
BLMN,-0.14630680146752173,-18.556085865664574,-4.255319552193148,49.126000554909254,,8.279999732971191,22753124.62621498,NASDAQ
RYAN,0.8166090977069995,-11.34006277804609,-6.771630935141193,12.830772204239448,,37.97999954223633,92396755.40636444,NYSE
IMOS,7.045669252642384,33.23151085479665,12.537346896374135,106.96803212560275,,77.40499877929688,14855412.555725098,NASDAQ
MFAN,-0.16683807599482403,-0.6875831346543237,-0.39000616571096547,0.47173441887045087,,25.15999984741211,365650.2777824402,NYSE
MSLE,-3.1034469604492076,-6.768412880691066,7.374856546479713,44.84536326577284,,8.050000190734863,199994.20473861694,NASDAQ
GEVO,-8.111887071889223,-21.033652582117647,-9.379309621350519,-46.930533184823084,,1.2899999618530273,3146653.0469493866,NASDAQ
AFG,-0.4604754037355385,-3.326204049246284,-2.331129896473394,7.7058441216948825,,139.3300018310547,99729907.37063599,NYSE
AGIO,-3.5582549732645297,-3.7929620454946744,-16.094633560089633,-3.3108650100781234,,31.25,25271687.5,NASDAQ
TCMD,-2.157638812903828,-1.515822260941424,-28.38726346999185,-12.622884481814234,,22.469999313354492,4143849.8633708954,NASDAQ
EBAY,-1.981824787378994,0.7537213721716229,-6.279910005884037,14.370381828831057,,107.13999938964844,295463833.3568115,NASDAQ
HOOD,-6.1146722662325015,4.120964975922248,2.6462104948137277,65.10414817895305,,114.11000061035156,2226393032.978531,NASDAQ
LAFA,0.13755098381560416,0.41379507332770515,1.0509593021804653,2.1856811738818704,,10.199999809265137,51061.199045181274,NASDAQ
OPLN,0.9489638887538954,-0.46214490282163734,-14.626865482180907,19.846120192574478,,35.31999969482422,46861480.675102234,NYSE
MUSA,-0.6159082717741238,-1.8584944371616618,-8.851961160699663,2.121319817046108,,511.67999267578125,98744004.98657227,NYSE
MZYX,-0.04001692266277779,0.12024132509438346,-0.5375301787225228,,,10.0,2300.0,NYSE
SFIX,2.6492669057627483,-16.176946279697834,-33.50410023156037,-21.61835967011565,,2.680000066757202,9621449.479664564,NASDAQ
ECC,-1.7553777295552409,-11.025640292045392,-9.304754460390452,-10.196686319868908,,3.4100000858306885,1905194.3279542923,NYSE
NAMM,-4.582299619190899,-17.363896420925485,-36.12403054825886,-49.000884383262566,,1.2450000047683716,1479412.340666175,NASDAQ
XYL,-2.9462987781174954,-6.566103412260571,-14.550171837760729,-15.909959107295457,,102.41999816894531,182941576.52938843,NYSE
AXIN,0.09671216633850843,0.2227204029845442,-0.01932037993307434,2.131438527240803,,10.34000015258789,257124.78379440308,NASDAQ
SFHG,-6.119791014525289,-6.363637414517143,-7.564100568137211,-14.166665562876945,,2.0799999237060547,14957.27945137024,NASDAQ
CGABL,-1.5039540186655098,-4.433773288274101,-6.850230233632826,-11.823936268480239,,15.404999732971191,140093.06757164001,NASDAQ
TAOX,0.06798468510926803,12.825752325129347,19.480518944355808,-22.335560826500522,,4.429999828338623,621161.2859301567,NASDAQ
TCBS,0.9408435029992779,-1.4841078470442137,-3.9932903145862064,-2.232601630460429,,17.0,40834.0,NASDAQ
DFSC,-2.4085636039939295,-32.80098331553249,-50.407977317163024,-47.047434599366376,,1.0099999904632568,162845.3284623623,NASDAQ
CHW,-2.9227042813020354,-5.390773097826673,-9.01063876942889,9.658935750727293,,8.020000457763672,2091471.7593765259,NASDAQ
BTSG,3.71962392462446,-2.1516927771699,-16.430512494845495,37.2009967225585,,62.0,202545072.0,NASDAQ
PTORU,-0.3460192605445833,-0.8459539929330129,-1.0017701326480166,1.797619323711408,,10.079999923706055,10130.399923324585,NASDAQ
BRKH,-0.05984577300276461,0.4611981920308761,,,,10.010000228881836,29029.000663757324,NASDAQ
WTI,-3.409091524841379,-5.355249183887256,13.54961922944753,7.5949351443985735,,3.5999999046325684,12420762.870962143,NYSE
NVGS,1.4238847911398844,5.389166335064166,22.020345540199358,20.321453846391613,,23.719999313354492,14989355.44608879,NYSE
VALE,-1.017885435964716,-10.762978587948647,-8.887698395151588,-14.258722486273534,,14.149999618530273,1392467148.7104893,NYSE
EVTL,-14.905770112512363,-5.276543761233432,-67.39606166156595,-73.10469332140495,,0.5419999957084656,2708085.09255749,NYSE
GBFH,-4.954148541543768,-8.817879569557563,-42.23204491640505,-33.50294904796577,,17.65999984741211,754964.9934768677,NASDAQ
WDAY,-0.8603167577719062,-6.6306985336678,40.57605557349757,44.90549917156039,,188.9600067138672,411261439.7323761,NASDAQ
GAB,-1.9894938312773225,-7.738517866422945,-7.803674218923218,-4.1131136189823225,,5.179999828338623,6777962.43538332,NYSE
B,-4.89984276257982,-9.500158070866272,8.5211403742268,-0.9404416947001559,,40.0,293242720.0,NYSE
ACIW,0.807173487695878,-5.756321923013619,-7.695449361562057,21.38810225482817,,51.220001220703125,46803249.295440674,NASDAQ
INDV,-0.7079639295897278,3.030302300524701,-11.084695839017444,19.04509374403558,,35.9900016784668,72655679.64844513,NASDAQ
SBCWW,,,,,,0.4000000059604645,19736.80029410124,NASDAQ
HIG,-0.803130101480809,-9.280429199326845,-8.118380251597834,-7.492649777685534,,126.20999908447266,301028769.6363373,NYSE
NAVN,7.038712867067742,-23.680812612579626,-15.743232044978761,70.18385361844845,,21.84000015258789,57408340.481090546,NASDAQ
ZCMD,-5.360134923151627,1.2544774750992138,-41.45077843820205,-99.45574300817289,,1.909999966621399,230468.23597240448,NASDAQ
AVAL,-2.502019197525407,-8.31119403392917,-4.012714445055121,10.774871080157066,,4.949999809265137,1148914.7557296753,NYSE
BHE,2.8488377057390712,19.959314925550675,-4.890341233340445,52.00859518357388,,86.11000061035156,32722316.891937256,NYSE
BODI,-0.2711159799217211,-17.494822951992216,-53.38272501066027,-58.0746967627531,,4.820000171661377,44623.56158924103,NASDAQ
FSLR,-4.436484655958628,-13.883448099767659,-24.13927725155475,-10.007508472357562,,176.16000366210938,270979006.43325806,NASDAQ
FATE,-2.236950972823859,-2.6402673309548264,-19.45392576449446,97.32440935536142,,2.430000066757202,8212105.035603762,NASDAQ
SXTP,15.424614305772089,32.93413370275999,-21.830984733095715,-24.059291900624522,,1.440000057220459,862240.354262352,NASDAQ
GAME,-2.162850872301092,4.059537668304691,7.043427094492616,48.5703193907254,,3.059999942779541,591149.1489458084,NASDAQ
PFE,-0.9442605553017458,-1.561623022820391,17.073375768386146,0.014230137226789452,,27.40999984741211,893733168.6147041,NYSE
PLRX,-5.211142463261053,-5.971480165646081,-8.101043955643428,-17.770849453997283,,1.0299999713897705,304482.4115424156,NASDAQ
DV,0.49268427987456676,0.7031692977367276,18.90125228843511,38.01517161513226,,13.4399995803833,36511116.300068855,NYSE
OCS,-8.092485617414136,-26.81242838134097,-35.365853101341806,-66.05154745694021,,8.5600004196167,2071408.8215417862,NASDAQ
ACGLN,-0.9030200671292232,-3.7568208170245088,-6.25540796652535,-8.462095866694474,,15.069999694824219,1235287.8749847412,NASDAQ
WIT,1.6887814755840669,-7.362636871750183,-13.092783244158646,-20.84506873249541,,1.690000057220459,13734223.17501688,NYSE
GOLF,0.012041481774960339,-3.993990227286115,-29.141930244114857,-11.04615083529329,,83.38999938964844,24351714.401763916,NYSE
GROW,-2.6333565167628747,-12.393680123058747,-6.545690123742942,12.130637065189687,,2.9000000953674316,39155.80128765106,NASDAQ
CNP,0.6476338613608412,-5.717897581857978,-15.561895613329602,-13.940933453072923,,37.75,280934367.5,NYSE
OIA,2.3559264335139884,-5.929381115720478,-9.225327818657547,-7.50082025205645,,5.559999942779541,1512414.5044350624,NYSE
AMACW,0.0,,,,,0.23000000417232513,299.0000054240227,NASDAQ
NXGLW,,,,,,0.012199999764561653,0.07319999858736992,NASDAQ
BANFP,0.31924900340363216,-2.7913676749030447,2.116080181233859,2.5656604849883635,,26.829999923706055,29915.44991493225,NASDAQ
UROY,-6.003752162681253,-6.069837523130561,44.79769020630391,11.581291156326245,,4.070000171661377,11366289.479398727,NASDAQ
BMY,-1.5915797180955482,-8.74248457185034,6.909294940859834,1.873506240763101,,58.810001373291016,1131330525.2480583,NYSE
RGA,0.37512051255153,-0.26691567739995925,12.744654795404253,21.69299086947023,,251.0399932861328,120808980.12905884,NYSE
BOKF,-2.5565468171633077,-6.25597007992329,-8.84479067210916,-0.27196390722405983,,128.22999572753906,33116422.236602783,NASDAQ
PFGC,1.0835754212784598,-7.217343837203927,-18.51021778915074,8.86950253020149,,92.58000183105469,123626798.02510071,NYSE
NOAH,-2.718882884607654,-7.3854183852602,-22.98578251265272,-21.85934658538735,,7.699999809265137,910039.8774576187,NYSE
DXCM,-1.5090291791983623,-4.430462197450202,22.073515362141507,38.054401855468754,,86.9000015258789,267159629.2910614,NASDAQ
ACVA,0.01913370678094939,51.85938230165554,43.2054780933955,140.43238295490065,,10.5,80086440.0,NYSE
LMND,1.5430861263758588,-13.254014718521312,-36.59129205048423,-24.918270161254263,,46.66999816894531,41023628.440475464,NYSE
BETR,-2.346922314434119,-15.408133392884283,-61.51331883541451,-69.53146568657462,,11.130000114440918,6257898.214344978,NASDAQ
BEPC,-1.6592596017804495,-10.889532753703012,-22.336750867619326,-29.810218197997962,,28.31999969482422,46027164.464012146,NYSE
NTIC,-1.4518598276574979,-3.443973318015836,-11.342805332630313,-4.915213690309872,,7.699999809265137,35212.09912776947,NASDAQ
BIDU,-3.1737124347906653,-9.786664266685563,-24.742575458494244,-22.03709091195487,,86.98999786376953,201097474.7516098,NASDAQ
LAES,1.724138391712482,-2.640267382892869,-21.75066463131825,-4.220781024048447,,2.4100000858306885,7474439.336197615,NASDAQ
ICUI,-2.122545414825161,-6.209358081483007,4.8481344198702425,28.09040875958093,,161.39999389648438,34128190.10940552,NASDAQ
PSO,0.7884857540034318,-1.852528358589911,-2.2575562599840393,22.497716527406375,,16.239999771118164,9808959.861755371,NYSE
CNX,-3.7077768582726156,-15.014288302014943,-6.133143381370876,-19.307942320511074,,32.2400016784668,68790459.34134293,NYSE
LX,-5.806797117846651,-26.74297657259598,-63.409563625969376,-67.79505984055447,,0.6759999990463257,741431.3909540176,NASDAQ
AMG,1.159337060722354,2.0763142409331303,7.145325430607485,37.504616322160246,,380.70001220703125,124630524.39624023,NYSE
FTCI,-18.284159625235617,-13.088353220809612,-58.067727594518956,-43.74665787104723,,1.940000057220459,1218713.855946064,NASDAQ
BBDC,-0.29988492110022413,-6.4299617673428955,1.0049084028023403,4.6996137272455,,8.550000190734863,4606338.25275898,NYSE
AER,-1.3614203840302874,-1.2085231280260067,-2.6862693495656176,4.404175909021668,,143.2899932861328,120763946.60159302,NYSE
BEAM,0.05669827819687612,-15.690690485457193,-29.74463852570053,3.9464847784059343,,25.670000076293945,51280291.73241043,NASDAQ
CEPS,-0.13592358680051264,-0.7717512498644497,-0.9818989892520724,1.8819311178895237,,10.270000457763672,2321.02010345459,NASDAQ
PLAY,-2.2930301273758724,-26.812402412185488,-40.3888082021813,-43.35290072589566,,6.760000228881836,17603405.63602066,NASDAQ
PHK,-0.0971390674570749,-8.901685872736476,-11.792452984509927,-10.565218718155567,,4.059999942779541,6662212.246104717,NYSE
FVRR,0.09341197263450507,-8.477470253731145,-21.184257962202825,-14.791249979239108,,8.59000015258789,6172885.779651642,NYSE
GRML,-32.08720412840097,91.00294889521372,-25.696721624155504,-45.71856310267648,,7.340000152587891,34332336.91371918,NASDAQ
PGC,-1.233017986392626,-2.410064987252314,-7.410367202486967,23.17843830605426,,44.34000015258789,4754888.596363068,NASDAQ
GPJA,0.10353671244747176,-6.23040625759832,-10.012222666997273,-11.337532103251302,,19.200000762939453,375686.4149284363,NYSE
XCH,2.868069127103845,-11.025357090969468,-75.20737325602487,-85.73700967247895,,3.259999990463257,49415.07985544205,NASDAQ
PGYWW,,,,,,0.018400000408291817,77.72160172462463,NASDAQ
CVX,0.435384697286878,-1.2762066570194852,22.081022837867902,1.579702341153344,,206.47000122070312,1322130859.2867737,NYSE
INVZ,-5.332626889251301,6.5359504554000525,-49.93018633234358,-44.00374764666828,,0.3330000042915344,812326.5374688506,NASDAQ
NUAI,-7.8310656523467586,30.50882112029263,26.383977687840844,56.11057159882746,,6.050000190734863,42112907.877669334,NASDAQ
MLTX,-7.403226052561118,-23.87960781047884,-39.93513178605942,-33.576304934972725,,11.380000114440918,21186089.313054085,NASDAQ
MUZEU,0.0,-0.0791451530938736,0.5976137434728246,1.5687904359737992,,10.100000381469727,0.0,NASDAQ
ACGLO,-2.0182515116493827,-3.011990775892226,-3.834910732923791,-6.6178402736431385,,18.354999542236328,503587.7674407959,NASDAQ
CERS,-8.957527911175568,-9.793419877028175,-24.326060082368873,29.134718664513358,,2.3399999141693115,4312825.761806488,NASDAQ
SSB,-1.321467533848375,-4.724947301126603,0.24298788775880542,8.343736692307813,,101.12999725341797,63959666.762924194,NYSE
COOK,6.579168946077485,-5.093309005176416,-31.099981943954347,68.03951375482144,,53.439998626708984,1966431.6294670105,NYSE
APWC,-0.07507500116658017,-4.244600312259738,-17.2263651569156,-0.819669568195891,,1.3550000190734863,3346.8500471115112,NASDAQ
WENNU,0.8148593047564434,1.7208442114658773,2.2094188211522647,3.180762768910106,,10.640000343322754,0.0,NASDAQ
QTWO,0.5103484962829752,-12.583420082755858,9.036353035409949,18.45635866862945,,58.209999084472656,42347366.863960266,NYSE
DGII,-1.8570205989869581,4.025103076869274,3.206251951815031,53.82634154630066,,74.55999755859375,25278299.652282715,NASDAQ
AMST,-7.577733095521866,-8.716584618281441,-22.8333329576203,-46.1387017428225,,0.9422000050544739,20824.50451171398,NASDAQ
AEO,9.656520804426915,7.1164168172807685,6.835772038019572,6.253699822589254,,18.110000610351562,88967207.1084137,NYSE
LGI,-1.5098713487814774,-7.0175414380384105,-8.7386988002773,4.266567361651674,,16.940000534057617,546213.3772201538,NYSE
RWTP,-1.1768323499595446,-4.278848771713228,-8.251458111999044,-5.746116008878621,,22.200000762939453,63048.00216674805,NYSE
CRAC,0.11723598118278389,0.6679729568699555,1.3148807327236112,2.336724848226379,,10.25,53084.75,NASDAQ
ENTG,6.3078365821155336,21.001015607763463,3.722989531118004,38.84890829948526,,166.9199981689453,379437198.3977051,NASDAQ
GDO,1.295174168977531,-4.226740018657593,-9.567322471619399,-10.003710798441167,,9.720000267028809,217728.0059814453,NYSE
IMTE,-7.082999743246143,-2.445010744594378,-6.252034144787166,-20.17307133945625,,0.448199987411499,10477.122905731201,NASDAQ
ELWT,-8.16588366475205,-11.349569193472831,-8.361776299251078,2.1883922407204714,,6.119999885559082,116286.11782550812,NASDAQ
POM,1.2369988276917931,-2.036402253954106,-40.27545718240475,-79.55260563033136,,0.9298999905586243,48771.394704818726,NASDAQ
PSNYW,0.04755447382778222,-22.47604947482378,76.21440467111908,-8.759757856473527,,4.190000057220459,91769.38125324249,NASDAQ
MIMI,8.966960261175316,7.85017027103867,-60.14697839377248,-66.23605932094493,,0.8657000064849854,172768.615994215,NASDAQ
DCBG,-2.242686964837126,-2.637963824016465,-1.0260686469845792,0.11318237406017229,,25.639999389648438,154865.59631347656,NYSE
MTB,-1.2181749437875977,-7.545023938884787,-9.06625634340511,4.89311901329601,,218.25999450683594,238865484.0682373,NYSE
NHI,-2.2114261603851326,-8.561157390391994,-14.467818855529158,-20.204773322713766,,65.0199966430664,34874840.61943817,NYSE
GCGRU,-0.17587773913685378,-0.42688822900284196,-0.8297040216305396,,,10.259300231933594,1815.896141052246,NASDAQ
SBGI,-2.0817138438650185,-9.94427770548878,-15.599892301718244,-3.7268971596630673,,12.640000343322754,6562157.298238754,NASDAQ
BCPC,-1.5040715867174148,-5.309482983707614,-1.5871508146664493,-2.7471248029394046,,166.0399932861328,41040603.260513306,NASDAQ
WLCOU,-0.2198272664063472,0.060119706961669905,0.24091333702345175,,,9.979999542236328,299729.32625198364,NASDAQ
AXON,-5.444861661995004,-23.482818825471774,-30.68417862974998,0.012442441292859208,,411.80999755859375,433761941.28845215,NASDAQ
CLF,-6.998368594624315,-4.039723320475352,18.82034105802233,36.518202151234426,,12.199999809265137,309398644.1628599,NYSE
TVRD,-7.480917914431496,-33.369984346162276,-44.80874318719717,-60.598180119065425,,1.1399999856948853,169065.41787850857,NASDAQ
ABCB,-1.8983033216329104,-5.217002936288995,-11.252871716576696,2.981404498806306,,80.4000015258789,45868683.27052307,NYSE
NFEGP,-11.386141037558485,,,,,393.4949951171875,264035.1417236328,NASDAQ
ANGHW,,,,,,0.00839999970048666,20.386799273081124,NASDAQ
IVVD,-10.371475517449191,-5.424643084791625,-4.499541982497169,-34.40312402100534,,0.8392000198364258,4467978.951210976,NASDAQ
EFX,-7.573338093998672,-25.827084121160617,-16.567398867263773,-22.315021224015872,,142.60000610351562,361352693.4664917,NYSE
WPRT,-4.4146807281909,3.825431202668983,-9.360298945949863,2.60915870107834,,1.875,46665.0,NASDAQ
NIQ,-4.046176650930866,-9.070632979425453,72.35755701933672,52.57529973605435,,17.31999969482422,63758140.39659119,NYSE
WASH,-1.5164102361106546,-3.09619878836499,5.429661106558936,13.511093887882852,,38.119998931884766,3896969.3708076477,NASDAQ
RBCAA,-1.1935746897283939,-2.402158222871975,1.6444466904832478,30.512381925079634,,93.58999633789062,9085997.614471436,NASDAQ
BANX,-2.2059525102765543,-4.032566187601228,1.7777345913877474,4.473410774339981,,20.170000076293945,613571.4023208618,NASDAQ
VIVO,-13.082933281537956,-12.664641372927699,-28.405315348176273,58.74769959548534,,3.359999895095825,752418.2165083885,NASDAQ
HLN,-3.4775057020437927,-11.144455579125623,-7.690708450777562,-10.876983613356895,,8.819999694824219,101609483.48426819,NYSE
GTLB,2.373646244748606,4.158877246121784,53.65670182091373,123.40774750603516,,51.5,165241097.5,NASDAQ
CGON,-3.020024625345752,-7.595919639653181,-1.3998207496865422,3.7155832427877566,,68.70999908447266,54167527.77824402,NASDAQ
RES,-0.30991788121941255,-10.977861618222251,2.5504792019269473,-16.47432331669434,,6.099999904632568,15917126.251151562,NYSE
FEBO,0.05996924221640665,-6.917710241215424,-25.87738810965724,-41.96521597251096,,0.7200000286102295,23311.4409263134,NASDAQ
HAL,-2.417432037734235,-13.477673356362075,-4.11493050688313,-16.848730622958886,,32.779998779296875,296485418.85910034,NYSE
ONDS,-3.8117766269589404,-3.290606111503369,-5.549819587170779,-18.905144070976032,,7.420000076293945,266272156.4378643,NASDAQ
OTTR,-0.5724040989280699,-1.3606470365565282,-2.0845768392955155,0.9319822220590357,,88.41999816894531,29692673.2651062,NASDAQ
MED,-3.1255221259295807,-5.939631209411001,6.290116123183931,13.291634501595562,,11.670000076293945,767629.2650184631,NYSE
PFN,0.32010212496433876,-9.421963378960763,-12.163677453663935,-8.576428247622037,,6.190000057220459,2557249.9636392593,NYSE
HBNB,-0.43582590465695015,-13.683048786966312,-13.619673699139556,-39.07301870707941,,4.550000190734863,3576.3001499176025,NASDAQ
CAC,-1.1355292021069996,-0.6515469105325078,3.186038225001786,17.59139482913483,,56.97999954223633,4029853.487625122,NASDAQ
ELAN,-1.056744984999336,-7.947786489151709,-9.759455174595777,-4.2701273007300315,,22.510000228881836,107782112.97592926,NYSE
HON,0.25653612108975654,0.7926890573066503,-6.073831053840406,-10.7277360943972,,214.13999938964844,372690325.6377411,NASDAQ
LENZ,-4.234028836889081,-31.346580575864902,-35.34303592870548,-59.496419074016394,,3.5899999141693115,2790711.5632789135,NASDAQ
AIO,0.8729763120778111,-3.204732710709768,-7.49853177162162,16.566405971559984,,25.260000228881836,2294795.240793228,NYSE
TFIN,-0.4990850002558389,-12.93066508728714,-21.52963530662072,2.6380443499152584,,61.599998474121094,14499962.04082489,NYSE
USCB,-1.8797980503096001,-1.4361692755690214,8.648490558065092,18.050539066976846,,22.440000534057617,1926070.1258392334,NASDAQ
LRN,-0.9223426276534163,-9.92564596474198,-12.928796616758131,-11.668901084690098,,78.87999725341797,41842919.983039856,NYSE
BSL,0.09283531771024922,-0.6298029897879753,-0.5075360292571163,1.0307665940411548,,12.920000076293945,373853.1222076416,NYSE
BHRB,-0.39534237253594506,-3.683445955396869,-2.557733883356761,10.60693525064227,,69.27999877929688,7860924.341491699,NASDAQ
HBANP,-4.215601227517607,-4.73380210065848,-4.3574841362319265,-8.513403870172198,,15.579999923706055,1999755.310207367,NASDAQ
MNDY,-5.6745682619332545,-19.147980645779917,0.3189736662277287,16.166862621914756,,82.66000366210938,73058052.31671143,NASDAQ
EGAN,0.7233897350280127,-19.956201469533006,-9.079603618440778,-25.312900782234593,,5.96999979019165,4206921.542152882,NASDAQ
PNAQ,-1.0653222829794196,,,,,9.850000381469727,62163.352407455444,NYSE
DAN,-2.2823639338165114,-8.953849610038311,6.458815584932731,-16.947934619055726,,28.100000381469727,25452024.94552231,NYSE
APG,4.352854007049545,0.5317798193411827,-5.5840952234379575,-3.3592997092342647,,40.65999984741211,175965501.1396408,NYSE
TVE,0.03020709466521332,-1.4079137200185832,-1.5920878832135776,-3.9172626893909657,,23.19499969482422,254518.73165130615,NYSE
FGCPP,-3.3391218785402854,-1.050507500380582,-3.147989628477066,-2.0869987378037247,,24.5,7962.5,NASDAQ
PCT,-14.517407130824244,-32.40538168226418,-44.044537232746784,-17.67619178408667,,4.090000152587891,39033816.2562561,NASDAQ
AAC,0.35728524846019294,0.49691529681430424,,,,10.079999923706055,5967.359954833984,NYSE
KVHI,-3.708788365676252,-3.4701164340213086,-23.538393213567044,-22.214823921055405,,6.960000038146973,494702.8827114105,NASDAQ
SG,10.867399358894092,31.558713985536755,4.732750688567644,67.78574466972584,,9.09000015258789,41175682.71118927,NYSE
ACP,-0.8928584162982034,-12.322276229240325,-15.299504857098578,-12.77013925462278,,4.369999885559082,5022161.188480377,NYSE
MDAI,1.351351529464706,5.566218037038073,-7.407407060537463,10.294115608051268,,1.690000057220459,223343.64756202698,NASDAQ
PAVM,-20.09039685547558,-38.43896647597844,-44.82819116073665,-68.58027125102683,,2.6600000858306885,19646.760633945465,NASDAQ
VECO,15.217300513758246,24.942190716340782,-13.296744577392127,58.10264948993971,,56.310001373291016,37003441.68244171,NASDAQ
BIII,0.059702857862964365,-0.0993409168726922,0.9435880681462949,2.0913738889742683,,10.050000190734863,99233.70188331604,NYSE
TMUSZ,-3.1258093328839887,-6.386815574703942,-8.517721414200963,-12.068883385172402,,18.6299991607666,368855.35338401794,NASDAQ
OXLC,0.5829623002060247,-7.179804094418052,1.378530267865652,-8.130244610729298,,8.930000305175781,9470577.873649597,NASDAQ
PRE,-4.568127574668235,-15.791505140378293,23.611423405273225,10.73314352554493,,20.959999084472656,3269550.2571868896,NASDAQ
EOSEW,-14.78313754657754,-6.937958269846501,,,,2.9000000953674316,50193.20165061951,NASDAQ
VLY,-1.882424507649627,-7.3707215986031915,-13.71777433221414,3.2137664198464755,,12.760000228881836,75117764.06742096,NASDAQ
HCI,2.082722997309383,-3.767722791480055,0.3560870845470854,17.000078786201556,,185.91000366210938,25882762.52984619,NYSE
TCX,-7.241242372294343,-10.465335831205325,-28.391310347932787,-45.94036586928192,,9.180000305175781,724173.5040740967,NASDAQ
CTRE,-2.4417637681619198,-7.559996803311176,-11.64403242588925,-2.132574743557103,,36.20000076293945,130305595.14627838,NYSE
ANET,-0.06238844530829235,7.0280926781501,22.59665271187781,66.24073863139606,,206.89999389648438,722815473.677063,NYSE
CRSR,0.4719063454416972,12.351582666082406,48.14090118179719,145.77921459658364,,13.529999732971191,14624725.541365623,NASDAQ
BTTC,11.746520884023482,37.19164634698746,-22.735775143828253,-58.92045489181419,,0.625,20248353.75,NASDAQ
ABX,-0.24618507688271007,-15.354081822706512,-30.198103701181267,2.0654915765816906,,8.239999771118164,4066093.807056427,NYSE
HFWA,-1.2752412728462392,-3.4035781310749136,-6.3508094791380865,6.978348166680837,,27.8799991607666,10288110.010311127,NASDAQ
MAX,1.268767988906161,-23.400511847923667,-27.952459529208575,2.944971740837987,,9.640000343322754,9382390.61414814,NYSE
TACT,-4.835431019615211,-8.479871629994351,-12.317483708049204,41.42512460178265,,4.53000020980835,74912.61346960068,NASDAQ
ELPC,3.945866752493732,7.868019608318377,9.913794910723507,5.616301118902012,,13.920000076293945,31055979.53021431,NYSE
PAVS,-8.742401396974596,-20.875558242062443,-43.54302146918805,-98.0366123235503,,3.7699999809265137,76576.23961257935,NASDAQ
MFA,-6.380399258225545,-12.335301884395044,-18.655141667680518,-20.08697513722275,,7.349999904632568,23408287.04627371,NYSE
RACE,-4.570896858523598,-6.264304176793278,2.2587738656503875,15.866715515735152,,383.3999938964844,225663485.40756226,NYSE
STRF,-0.0772516699540482,0.5949367218164969,8.380988748692664,7.6593365381055545,,103.4000015258789,8026528.518447876,NASDAQ
BNH,-2.3546824639207764,-2.6036780675053994,-4.776275335751922,-4.311708252412794,,14.59000015258789,426903.4044647217,NYSE
SLG,-3.9973191401590835,-12.459110686405683,-6.052774619057111,33.60214796668035,,48.0099983215332,33769512.66939163,NYSE
XPOF,18.77593033884053,-11.617137192621307,-33.352737108420904,-27.13967739046066,,4.639999866485596,4397132.993474007,NYSE
FCUV,-6.748205083176617,-66.74687867448422,28.02547961513582,-72.2932317218424,,4.320000171661377,51265.44203710556,NASDAQ
NP,-0.631715753864659,-17.83741639460954,-17.540372384414926,11.368816175222985,,27.1200008392334,11755381.32377243,NYSE
SAIHW,,,,,,0.02979999966919422,0.17879999801516533,NASDAQ
RWT,-3.0126858466177353,-18.91294548427934,-20.76856535428012,-34.48768187971286,,3.440000057220459,9444874.477104664,NYSE
NUCL,-0.8012805278562962,-9.370424012675848,-28.538442235631056,-14.455497952301998,,6.25,871481.25,NASDAQ
UNF,-2.8467368816321725,-8.964022115953885,-6.441351778474602,-0.44568856275819524,,252.88999938964844,62102702.930114746,NYSE
SRAD,-10.308019644818422,-7.675403212557697,-23.689673094231058,-30.042815530599874,,12.079999923706055,18573519.32269478,NASDAQ
HUDI,-5.8202483335386805,-11.24999956284859,-22.533957061669163,-43.449283810269954,,0.7009999752044678,70476.43450713158,NASDAQ
SMSI,-0.8955215117160908,-7.391905519470033,0.5299046924891471,-26.426589148353752,,2.6500000953674316,31744.351142406464,NASDAQ
JBDI,-11.627906021598955,-22.949834357638565,-17.524114295106475,-12.127438039807203,,1.0,17073.0,NASDAQ
SQM,-3.847064142840928,-18.455407310197668,-11.54180487443821,-20.11096167232195,,65.83000183105469,43041037.62718201,NYSE
CURI,-1.615070890941206,5.179858000639648,4.316803455247342,-2.921645508020687,,2.9200000762939453,785693.1805286407,NASDAQ
SUJA,13.41898991387842,-5.19093013233597,-9.199999854678198,,,9.430000305175781,2233533.2922821045,NASDAQ
SHMDW,,,,,,1.149999976158142,6810.2998588085175,NASDAQ
FNF,-5.074136930701356,-15.55460372369345,-18.507190836805776,-14.466664604847058,,39.0,132041910.0,NYSE
VVX,-4.686161066193173,-7.1549678140331086,-4.560931665377277,3.117214823198755,,70.87000274658203,28525317.84550476,NYSE
MCD,-2.85251009365578,-11.337705369664064,-15.946978180554117,-24.73777543665111,,233.0399932861328,1299699930.7157288,NYSE
OSPR,-0.020358772596285046,-0.20321537655522137,,,,9.819999694824219,38641.6987991333,NASDAQ
BTBD,0.0,20.28423837878077,73.37057058425,2.6460874367418397,,1.8799999952316284,21747.839944839478,NASDAQ
SAGU,0.40056231066900594,0.0798580862557019,1.1501204177355007,,,10.050000190734863,14301.15027141571,NYSE
XRPN,147.42268450387348,148.40945310296877,150.43078763821885,153.73423618448285,,38.650001525878906,108354428.97776794,NASDAQ
HBANM,-1.5127302999690895,-4.855839611021495,-4.764892807264342,-8.834213391328005,,19.3799991607666,178199.0922832489,NASDAQ
CCCTU,-0.019938561775478814,0.8648398944444358,,,,10.029999732971191,0.0,NASDAQ
KDP,-2.6910369879037943,-5.006195692266157,-5.730445169947362,18.412109890090143,,30.889999389648438,361190275.96328735,NASDAQ
RICK,-2.9384074780325675,-8.469833339230327,-1.592309998063124,16.932600911905226,,26.030000686645508,794201.3509502411,NASDAQ
VNET,-18.521271654468443,-11.803540942036717,-32.030279455094316,-33.54768171924265,,5.445000171661377,32973418.21953392,NASDAQ
GECC,-3.0291563078865824,-14.959321507032808,-4.010493634590285,0.5496657440825503,,4.980000019073486,379017.8414516449,NASDAQ
BNS,-2.0052944980406107,-1.7304257560009417,5.2139179137898894,31.147776592135212,,90.27999877929688,521833108.58413696,NYSE
SUZ,-5.535711229455664,-5.472412067744237,7.3022314286075085,-14.001218013223726,,8.430000305175781,59939670.99988556,NYSE
TARS,-0.42518965220863514,-2.020647619892413,15.708078555803517,8.807536630092105,,74.45500183105469,59956081.504486084,NASDAQ
OCG,4.746961640158953,1.0088292894550488,-7.505773322354337,-15.23809450523894,,1.649999976158142,209792.5469685793,NASDAQ
SGI,-1.505662708921307,-5.673866137834594,-19.54420862772912,-14.49597822162685,,62.290000915527344,172222509.03129578,NYSE
REXR,-3.152940177423069,-0.9736588007872915,7.669235434420951,11.730244529669243,,36.689998626708984,126725347.37672424,NYSE
FTV,0.5044749538643423,-2.9671822578177465,-9.875194937346322,1.1960097653721524,,57.380001068115234,209608455.34181213,NYSE
CSW,-0.5915143651041621,-3.6942278765048853,7.224888374620453,12.960289269806523,,301.989990234375,42792283.60620117,NYSE
ADAMI,-0.5908054390326267,-1.9081083724856618,-0.7447297038876921,1.0169050469016172,,24.789899826049805,318351.8935661316,NASDAQ
TRGS,0.0200807808103054,0.04016962799555657,0.24149897413316967,,,9.970000267028809,264145.18707466125,NASDAQ
AIRJW,,,,,,0.9599999785423279,688.3199846148491,NASDAQ
BLNE,-9.895054079566467,-19.080595326920236,-25.07569365102803,-62.09909969277512,,0.7839999794960022,331544.9673290849,NASDAQ
TXMD,-4.150946129255306,-8.220418339096513,-2.4952037138017857,-0.489717831028913,,2.009999990463257,38949.77981519699,NASDAQ
MMI,-4.239999135335282,-9.455370573224986,-9.501006855844029,9.45668048315933,,28.6200008392334,5856854.211742401,NYSE
WMB,-1.0658040529518464,-6.979802036415784,-5.698763024681231,-4.009179659194928,,70.80999755859375,410930242.63183594,NYSE
FLG,-5.1427660809733595,-12.456955611993536,-21.114409870976946,-12.022268855229202,,11.569999694824219,96929431.0833435,NYSE
UG,-0.530726421058314,-0.14021499472062215,-1.2479209284979476,7.323688489784708,,7.0,129801.0,NASDAQ
OXLCI,0.01898146768846143,-1.9696913648094116,-0.9073663169751223,0.06726030483530376,,25.319000244140625,336059.0902404785,NASDAQ
EGO,-9.54635503032909,-13.220060926322585,18.015571204838167,9.435692313233268,,37.900001525878906,86018298.26315308,NYSE
NEUP,-4.3833394734933755,-6.695005286570965,-4.200763688660358,-15.819751532182236,,3.450000047683716,52819.50073003769,NASDAQ
BIVI,-7.298813724039766,-30.819366292740945,-28.073572602645246,5.840457078983863,,1.440000057220459,194070.24771165848,NASDAQ
PAGP,-2.4280601967450632,-7.456109086297702,7.019561909329042,8.229426169007326,,26.18000030517578,41870250.44807434,NASDAQ
EARN,-5.305542830863086,-8.721459363817807,-8.596249862230687,-11.43109988185762,,3.6600000858306885,3678944.246274948,NYSE
CBAN,-1.558718749231347,-4.310182489968772,0.2860251674456249,1.7003388987227197,,20.40999984741211,2298512.9528160095,NYSE
BMNP,0.03219365600912738,1.7082997725978766,19.272570788027267,,,99.55999755859375,1076442.6936035156,NYSE
JOE,0.0944475495912922,-0.4303546408308101,7.467860979310936,2.700845034749344,,66.20999908447266,17126739.093177795,NYSE
LWACU,0.0,0.0,0.5825190760321952,1.4691441524959714,,10.359999656677246,5179.999828338623,NASDAQ
WT,1.3268830790334363,-0.11516739298689238,35.61934375704765,67.84628383678391,,24.450000762939453,52966965.75278473,NYSE
BR,-2.0359902576573607,-11.531140036827303,11.746363935305704,-1.2479755675354087,,159.0800018310547,111671297.84536743,NYSE
SIND,-2.387040880270408,-13.323240460663932,14.2334543017554,,,12.979999542236328,1312057.2937278748,NYSE
IMPP,0.5989188915105803,-1.6805124414791872,9.71344197289772,18.772808701094522,,5.269999980926514,3592132.1169991493,NASDAQ
WSBF,-2.93194722939748,-6.126125324400755,-3.1693238634707743,8.720481633070843,,19.899999618530273,1151612.977924347,NASDAQ
WWW,-0.766996131095099,-2.534864985618668,14.87880886973394,19.39144945511766,,18.940000534057617,21322860.94124794,NYSE
DOUG,-0.776197448461613,-15.43550393032499,-19.09282989457083,-5.773956220138721,,1.559999942779541,1142874.678079605,NYSE
BFS,-0.09994771185710682,-8.450877463058838,-19.283984711802336,-8.679499257437506,,29.549999237060547,4651435.829906464,NYSE
FTI,-2.8001805994877227,-12.080092121753427,3.3460223035061576,-1.268902622178325,,70.25,231516462.0,NYSE
LAR,-2.951513100137504,-18.692966760056752,-30.637873031367292,-21.778534541261386,,5.599999904632568,6036447.097199917,NYSE
APACU,0.4619785482947947,0.6557361550860952,0.5393927470157545,2.3835216600814446,,10.449999809265137,0.0,NASDAQ
DKNG,-10.576743192450955,-20.808962813238484,-26.076590432710432,-13.216574279270354,,19.600000381469727,504035746.20991707,NASDAQ
GAIA,4.711247197313484,-13.767206720074011,-33.81363838148086,-48.07837230144575,,1.399999976158142,77673.39867722988,NASDAQ
ZKIN,-1.399788841540317,53.9403979600843,33.49605073232416,21.383812253024924,,1.7699999809265137,25443.749725818634,NASDAQ
SWBI,2.073570508429645,13.502842866660014,-5.172183955989096,-1.6960740812011377,,14.699999809265137,7333124.304851532,NASDAQ
CLRO,11.376952741875357,-12.336664260184493,-32.654266727824385,35.1303324070555,,3.940000057220459,508575.20738601685,NASDAQ
MUA,-0.5457583512564423,-4.398709214523944,-13.854545246471062,-9.855402214868715,,9.390000343322754,3014838.0202302933,NYSE
OSUR,-0.4547747006494518,9.994420525893899,-9.715856411002333,30.204893903022324,,4.110000133514404,1737864.2364549637,NASDAQ
EMBC,0.41928847965087,7.158836927684509,72.9241928888975,-35.050848297057755,,5.880000114440918,6140801.63951683,NASDAQ
CTOR,-6.650671494955674,26.03005714400277,40.84853781156117,54.34782450376083,,0.8734999895095825,74689.49010300636,NASDAQ
HYPD,-5.091090474453686,17.922481270723555,22.598324413901103,15.45233801987247,,3.890000104904175,1370707.6669647694,NASDAQ
SCM,-3.422350642011096,-14.466130480517858,-11.224975367200985,-19.021741845882634,,7.349999904632568,791580.2897291183,NYSE
WWD,1.5074917805586674,-2.190073299830897,-20.71811235644524,-9.136514673204598,,332.9599914550781,260439640.51620483,NASDAQ
MNSO,1.521936590688977,-6.435643262467083,-23.841503877136017,-43.42728805474515,,8.890000343322754,10759825.225533485,NYSE
XYZ,-1.7164848597576055,-9.0691394827621,-4.185971345538341,25.224591730101853,,76.2300033569336,295054173.9332733,NYSE
PSNY,-9.354560961767977,-45.13852985236133,-67.8434540070895,-65.9982934763042,,6.099999904632568,1831262.6713700294,NASDAQ
LCCC,0.11406560771352048,0.4003850335131398,1.0845580788204856,2.212731673946222,,10.539999961853027,0.0,NASDAQ
BELFA,0.36681910660010253,-0.10011230903655965,-19.081617099703195,9.270093112701705,,208.7100067138672,10458875.856445312,NASDAQ
CCTG,-10.514533355500532,-30.83485190371792,-48.848227223504836,8.232776098339457,,0.46129998564720154,103274.91818672419,NASDAQ
CODA,-0.25692850781944276,8.46138249012105,13.252758089076755,-5.461821634041042,,10.880000114440918,403354.24424266815,NASDAQ
PTGX,-0.520264548261673,-4.323403938388159,7.675075826853717,36.098990450627745,,140.6300048828125,179137172.18981934,NASDAQ
AIFC,-7.730039140987821,-12.708633411276772,-16.60824933601758,-56.89698102579827,,0.4666999876499176,276760.0931762159,NASDAQ
GUAC,0.02015554770544714,-0.14084445692728043,-1.2338324924709543,,,9.920000076293945,866016.0066604614,NASDAQ
YMT,-29.25243724557518,-46.69387726583166,-85.29809064805902,-96.7531821767753,,1.25,306682.5,NASDAQ
ETG,-0.8097868148478904,-4.559020099650423,-2.09183598332614,13.561493161810056,,23.0,1929355.0,NYSE
RWAY,-2.109328702809121,-0.6033191116951109,19.25443240242226,-3.907845302066537,,6.440000057220459,2601534.6231150627,NASDAQ
NFJ,-0.3306453533345022,-3.086419291281395,-0.7245424737721384,18.976952548844483,,15.109999656677246,3817405.423262596,NYSE
COSM,5.351583659093939,65.48903895840735,70.5212832594947,24.30018853979361,,0.3456999957561493,1286757.6102036238,NASDAQ
EGHT,1.442741993408525,18.796198162746936,21.228445535049545,31.733021665716144,,2.240000009536743,2185258.8893036842,NASDAQ
CLS,3.172940611651054,26.564297872538933,6.434419496682242,32.24297300515882,,382.69000244140625,429589044.930603,NYSE
NEWTP,-1.9697055750290016,-3.664563266247567,-2.9120753397036125,1.7279157515230237,,24.0,19224.0,NASDAQ
ISPC,-8.090616728288358,-25.361366283220033,-56.274058205334,-81.01604300446424,,1.0499999523162842,129820.94410443306,NASDAQ
WRBY,10.078269781620053,12.753118591429292,-6.708610597034803,30.97158244637168,,26.649999618530273,80872381.99238777,NYSE
POWL,0.4795926061757827,8.772509682418871,-25.17719435288025,6.163007523172959,,197.83999633789062,130254292.4689331,NASDAQ
MLCIL,1.2520169632242562,0.6757977321071973,-1.1006258029549465,-2.2279759291942036,,22.700000762939453,21950.90073776245,NASDAQ
BNCWW,,,,,,0.014999999664723873,15.014999664388597,NASDAQ
DUO,0.8719797531079099,-9.102413339091486,-10.00291336806971,-43.48216083747436,,0.6226999759674072,34962.112850666046,NASDAQ
RAIN,-19.945430911229277,-12.053729246510347,-59.928173538817916,-71.44124003994362,,0.7610999941825867,51249.429208278656,NASDAQ
RAPP,-7.336805546489478,-32.40488674777099,-17.401170930483378,4.597403058621796,,32.189998626708984,6390197.577381134,NASDAQ
TENX,2.23642213489772,2.1276587919716317,-87.52274489706458,-87.35094542995047,,1.9600000381469727,2875576.815966606,NASDAQ
PPHC,-9.22059555601038,-5.863247574732888,32.537470262928906,-21.011199393436563,,10.640000343322754,1071522.5145750046,NASDAQ
OTEX,-1.4190028409509226,-8.544564654540721,-1.7998270625940616,0.14325180347249944,,22.5,23701230.0,NASDAQ
TSLA,-2.970233523762178,0.27184446137564766,-12.169620264517345,-0.5829733525608893,,378.7300109863281,15909044566.84494,NASDAQ
CRI,3.2702338750543847,-3.235474566071772,-21.627780293466948,-11.0830089332695,,32.31999969482422,39379980.42816162,NYSE
NEOV,2.0530037875358786,-27.40307983883714,0.8856062394932973,-12.343701104221239,,2.9600000381469727,4310340.215549469,NASDAQ
LASE,-4.285712755377746,-41.41043773331455,-42.70344755079742,-16.502511278516895,,0.796999990940094,968327.0939925313,NASDAQ
ATHS,-2.971840528491987,-4.723902101000233,-3.8245576360436684,-0.8888900262782218,,23.59000015258789,1486995.6596183777,NYSE
AVAT,-5.521472018739604,160.64880017027593,254.9750311951203,-82.46346539547737,,1.8799999952316284,1580077.955992341,NASDAQ
RMI,-0.4454015290852098,-8.358681086955633,-11.121085519191753,-7.465277875066933,,13.8100004196167,261299.01793956757,NYSE
DCOY,-39.23026929672285,-36.81909871011702,-74.18246734101146,-69.9849847560186,,1.6699999570846558,176320.26546895504,NASDAQ
KNSA,-0.7724631696790718,-4.71552791319918,17.495529146310695,57.12918663020916,,76.30999755859375,29875135.114196777,NASDAQ
BDCI,-0.07879249366895547,0.029576879670223377,0.6448408962797858,1.6329384549688797,,10.130000114440918,706587.7679824829,NASDAQ
DPZ,1.381381038725027,-13.604343752461345,-2.587973032869295,-18.27811700226565,,297.2699890136719,177551932.68814087,NASDAQ
VSXY,5.962056407822192,7.564685618695788,13.532309716779878,93.46106148954468,,89.41000366210938,234099530.2883911,NYSE
ESI,4.579808674256247,5.630166023181005,-15.581138122503003,8.81518488584192,,37.540000915527344,125997419.61283112,NYSE
WSM,0.8835968726230492,2.8629857982958917,2.395383868840062,28.809861784620704,,238.6999969482422,287078518.8297272,NYSE
LVWR,6.318681867510478,27.72277112810051,47.70992525748097,-4.20791976955075,,1.4700000286102295,177636.27345728874,NYSE
LFVN,-0.641846384490874,-0.6099504969553915,-0.8645502120070203,45.01171266172401,,6.03000020980835,167483.2558274269,NASDAQ
CSBR,-2.0326813815688793,-3.0757105903069237,-17.239058293181486,-15.735345013996493,,4.96999979019165,55335.977663993835,NASDAQ
ARCT,-2.5959229586772103,-12.984200552363113,90.54129359935116,76.36880004704334,,14.65999984741211,19284320.87928009,NASDAQ
KEX,3.2267472801486674,-4.582883069585808,1.6137791421463987,-0.10665036747985468,,139.85000610351562,87562745.9715271,NYSE
LKFN,-1.201098344975593,-2.1045561002433932,-6.228062926522259,0.9464048918050638,,58.310001373291016,11048345.820205688,NASDAQ
BGM,11.1289482113893,-3.5747413374193404,-21.593053888520586,-19.58962338097815,,9.350000381469727,41682.30170059204,NASDAQ
FR,-2.7742443725069066,-3.6723616515843993,-4.65168414326631,2.5302545704566803,,59.220001220703125,88090462.45581055,NYSE
FXAC,0.09930334991405942,0.13908145227563562,0.7999992370605558,,,10.079999923706055,4919.039962768555,NASDAQ
ADAM,-6.021197845679205,-19.479982009679542,-15.339553370047899,6.292563171830889,,7.71999979019165,9918632.570438862,NASDAQ
PLUS,0.9786864061857692,4.357114829592446,11.021373834479299,20.905858957116095,,93.0199966430664,25014193.337280273,NASDAQ
USGO,-6.793937565710695,-23.957857424509665,-20.933558563085608,-43.85727616581344,,6.579999923706055,561122.6534938812,NASDAQ
GEO,1.4047878371095557,-0.08970747436238824,4.728641157450086,79.94229747572919,,32.34000015258789,119588922.32424927,NYSE
MLCO,-8.358083380064517,-16.376306742422052,-18.150814649818038,-23.836388694923926,,4.230000019073486,7415075.823435307,NASDAQ
ASYS,11.213993306373894,18.190515555911112,-12.699372182696733,46.27875544987279,,17.829999923706055,3955870.7630729675,NASDAQ
E,-0.2742631472650303,-0.2815564059721054,16.907445684962852,-3.2840380523254664,,54.63999938964844,13112015.293533325,NYSE
SATLW,,,,,,0.49000000953674316,63.70000123977661,NASDAQ
MBBC,-1.4498655348933243,-1.1494420824090579,-1.4278195044282072,8.32248606383943,,15.079999923706055,84432.9195728302,NASDAQ
ONMD,-18.026116890756484,-6.8208486243149125,-23.421277750687874,-38.22883345238077,,5.110000133514404,169943.27444028854,NASDAQ
ONCO,-19.186046989200523,13.555219753668158,-29.66641751717034,-95.29993732263642,,0.6729999780654907,337590.24899721146,NASDAQ
RELY,2.918396499874776,-17.907186178208377,-7.235890056767613,37.98911011884325,,22.90999984741211,83166758.85608292,NASDAQ
ALMR,4.69598140246108,13.18652462404437,32.003078039789415,,,38.130001068115234,21752631.789344788,NASDAQ
WD,-7.803421641714259,-15.177519236048887,-35.46617840970432,-21.98367149205541,,33.060001373291016,22863734.92974472,NYSE
QXO,-4.153870534310567,-10.638939654433043,-26.871378244246447,-37.565802825293815,,11.880000114440918,185299466.02500343,NYSE
SXTC,5.15055547751011,6.6720250794878755,-98.60256951393912,-98.1320382749243,,2.0799999237060547,1970065.6877384186,NASDAQ
ANGO,-0.9549616380228443,-2.761940161424814,17.660586445818517,41.26633555637338,,15.539999961853027,9885941.915732384,NASDAQ
DCO,0.9558701752527377,1.6851468432986128,-7.33470106773998,38.60128175347768,,172.85000610351562,30954497.64303589,NYSE
GIB,1.6509392004818935,-6.340357067913304,5.306492645804228,-4.818187387858663,,71.05999755859375,22180951.877929688,NYSE
RELL,5.924636177394693,6.61687497626664,4.459178672484043,65.32753949438693,,18.780000686645508,5325050.414697647,NASDAQ
BMI,-3.2690575341111305,-6.1624812915379135,-14.482945987859319,-17.768419896811093,,124.88999938964844,56491992.98391724,NYSE
PTN,-8.371631152699733,-20.83549081640268,-16.17620247724181,-48.425551487484185,,9.479999542236328,123306.35404586792,NASDAQ
BCSS,-0.21342764531929737,0.05836895155473254,0.2241055635220146,1.7972348995183962,,10.270000457763672,658348.1093444824,NYSE
ASBP,0.6183143573686323,-5.673836024060619,46.40138263633655,723.151770972883,,8.880000114440918,180068.64232063293,NASDAQ
ALH,-0.8259141555780447,-5.858001591271789,-18.0570499930372,2.082336829137166,,21.309999465942383,33719046.56495476,NYSE
BSVN,-0.27095375797226984,6.303912088973629,9.809459368823049,36.34791824760579,,55.77000045776367,1580354.5029716492,NASDAQ
BWMX,-1.0070736771664923,5.224925976606798,-8.651399211890887,-2.8359612384021182,,16.31999969482422,1049049.5803833008,NYSE
BOF,2.7542358728249505,-1.1464963293379205,-17.34128728314931,10.54131138505776,,3.9600000381469727,218801.88210773468,NASDAQ
HOLO,-6.6706027781816335,-9.085681057140583,1.4762517342732817,-20.949999343752857,,1.5399999618530273,221633.714509964,NASDAQ
CHWY,-3.0403598728477754,-23.83315005986629,-12.170288054957389,-31.856144384122643,,18.219999313354492,147100075.45633316,NYSE
MCHPP,3.585936615552199,7.377386373492545,-8.027553716023961,18.365847687533375,,69.26000213623047,10393987.040588379,NASDAQ
RYTM,-4.751134946728087,-11.116682880423912,-16.40142450133163,10.344461450243214,,92.44999694824219,94072217.044693,NASDAQ
SAX,2.30621636356374,2.957532419316422,,,,25.3700008392334,184287.6860961914,NYSE
SNWV,-1.2350851134871443,3.170784657292458,-55.10942038034492,-72.42225926669515,,4.699999809265137,180954.69265651703,NASDAQ
MRK,-2.9821089858451777,-3.694913904477226,13.01422231981897,20.183042499720514,,139.5399932861328,1322370142.4351044,NYSE
TECH,-0.14610176871096003,0.17699798819790225,2.3219686367900616,36.84031755874131,,72.58000183105469,151490794.32182312,NASDAQ
LKSP,0.058583650032928425,0.4705896652556385,0.9953683213920428,2.0310603855472564,,10.260000228881836,2552688.056945801,NASDAQ
BBLGW,25.07389390514019,-14.511783609562269,-64.97931020013216,-75.81904751913888,,7.699999809265137,43019.89893436432,NASDAQ
AMKR,1.0022828550022345,14.913627507061378,-27.22054484831038,19.236204639965337,,54.630001068115234,236289723.23989105,NASDAQ
CRH,-2.9106618002727735,-11.251769104131037,-22.471930968415997,-21.09349647643913,,82.6500015258789,325632988.9618149,NYSE
SBET,-3.786644261015293,12.363292508241951,79.01515173545334,50.079389827729436,,9.59000015258789,54285317.89374161,NASDAQ
AEM,-5.652357161980525,-8.930967081392572,19.191011402696347,-10.298836120908684,,183.3300018310547,193381435.84144592,NYSE
TRV,-0.47211845832909605,-2.055674236961458,6.6564111328384135,23.153662723508695,,360.70001220703125,324715496.8892212,NYSE
SGA,-4.335793656196218,-7.224337682693904,-8.815124750622239,-29.094017876519086,,8.359999656677246,44717.63816356659,NASDAQ
NPT,-13.157171075345852,-24.95255031940028,2.4534410509104765,-72.06226453203648,,2.259999990463257,45749.17980694771,NASDAQ
SOLV,-0.8161899680297902,-3.5740061774296894,13.693651265740336,37.88446873657554,,88.02999877929688,91903230.69558716,NYSE
CTW,-3.5339042384357144,-21.461896530080825,-21.339563151427942,-8.39001928973968,,2.0299999713897705,8931.99987411499,NASDAQ
BN,-0.7958407304921145,-9.475348343651191,-15.37822069653123,-9.098124807022634,,36.83000183105469,274323222.92836,NYSE
JOBY,-5.378741261318032,-13.070176110043086,-31.32363121905418,-28.653708604667727,,5.78000020980835,123204767.81221247,NYSE
SWIM,-0.679199583004364,-9.668151887808662,0.7369448979736459,19.226390399360405,,6.389999866485596,3566712.6154761314,NASDAQ
GRMN,-2.011021746112107,2.0405089085458794,17.956331341849552,21.27429846249815,,285.5199890136719,208156349.35049438,NYSE
AROC,-1.1576184138855528,-5.134643295877339,-20.758177892384932,-12.631519172613404,,30.100000381469727,59594599.45526695,NYSE
PLBL,-0.5639771667445781,1.3108286970930028,-41.339155856440776,-35.88636354966598,,5.670000076293945,1047056.2340888977,NASDAQ
BLKB,-1.4824176867660799,-12.363243602546847,41.18080448032892,10.33308876303536,,43.310001373291016,25210838.419395447,NASDAQ
IFN,-2.9990802789361504,-8.408618955834335,-9.98804919233538,-5.145735353862335,,10.449999809265137,2842849.2981119156,NYSE
BBW,-0.8322974414615603,-14.842028637697368,-16.96085507657552,-31.735917264452706,,26.0,7670234.0,NYSE
HTFC,0.20901179944938786,-0.32543825232193013,0.5403895557135163,1.4444999495455857,,24.860000610351562,101727.1224975586,NYSE
RYZ,3.8483986034049567,-2.6604080558943255,0.46030669389252044,11.06151179745616,,26.969999313354492,10467164.613510132,NYSE
FGN,-2.163719492680727,-2.3725469192342086,-3.4403237541450693,-3.646086531533177,,23.84000015258789,601435.5238494873,NYSE
CISO,-12.546846318993033,-9.700965278092488,-28.20279767105902,-38.18783684496858,,0.20170000195503235,23402.64612683654,NASDAQ
DGAC,0.08003384532555557,0.08003384532555557,,,,10.0,110190.0,NYSE
AFB,-3.02596513362009,-12.085263256978996,-16.599260769086776,-10.017072417009887,,9.430000305175781,1793972.6880569458,NYSE
PAYS,9.072421725909141,10.262491768828518,66.49951710561035,137.82400409260282,,14.8100004196167,10317771.852336884,NASDAQ
AJG,-0.5880917874020453,-13.743260613955554,-6.939777152140159,5.0914127596671355,,227.24000549316406,260837213.06532288,NYSE
STEP,-0.004489491907233578,-12.24425196834289,6.017383973569945,-5.340816197921095,,46.08000183105469,56322295.998046875,NASDAQ
MDAIW,,,,,,0.5199999809265137,4292.079842567444,NASDAQ
XERS,6.030484925594126,12.888053997704318,15.634788817422907,62.54656166259309,,10.130000114440918,43438797.91073799,NASDAQ
IVT,-1.0535261786533412,-7.0734984007317365,-14.551311870186122,-1.2344856310493535,,29.760000228881836,22528290.41326332,NYSE
RPT,-1.2734215133067717,-14.48156123430766,-25.738914583156426,-19.205001643409293,,10.949999809265137,267059.5453481674,NYSE
GRNQ,-22.722535052028803,-42.20899056757549,-44.46866619862998,-70.85448788903177,,8.6899995803833,1863292.3300266266,NASDAQ
KTN,0.19520574732232454,0.6905233820758472,0.9519306731669674,-1.3226708771099105,,25.700000762939453,60857.601806640625,NYSE
FUTU,-2.8490984621035276,-10.555161528375635,12.66999557244446,-21.40784786308335,,109.69999694824219,219453198.39500427,NASDAQ
FSTR,-1.9293284183112158,-1.1814601573808092,-15.541376491326986,29.675829901976392,,36.95000076293945,4475753.592414856,NASDAQ
DRCT,-13.49010136536829,-35.33765115773668,-49.42112891680798,-54.97294592659312,,0.9100000262260437,1168440.03367424,NASDAQ
SPME,-0.30332750074961723,-0.5840857252814802,-1.2732095192423798,0.7062536334500491,,24.709999084472656,115445.11572265625,NYSE
PTACU,0.0,-0.19860481326166024,0.4999999904632624,,,10.050000190734863,0.0,NASDAQ
LAND,0.2626346369948074,1.165993693133749,11.183597815010371,-7.1956433367858725,,9.680000305175781,5360522.808998108,NASDAQ
CUBE,-0.9655982622596593,-5.531508788799055,-7.079559845997208,2.300102130009507,,37.189998626708984,119430771.50985718,NYSE
MTG,-6.673601838358589,-13.11676410396485,-4.561575292452458,1.8086887191905765,,27.1200008392334,70077729.60856819,NYSE
SAIH,-6.514079800849681,15.484432078224497,137.25810833960614,226.7182697757389,,26.739999771118164,522392.63552856445,NASDAQ
SHLS,5.890054955483448,17.212403873476354,-20.043485023476816,22.16852951673125,,8.149999618530273,24513764.4526062,NASDAQ
GSM,0.7302828330325362,-2.6810930910581954,24.78890285479787,1.6208259330088293,,4.380000114440918,4345582.073541641,NASDAQ
ECO,8.158929465909992,24.287059037908953,62.446201906252206,66.60754692762399,,88.5999984741211,64463675.4897995,NYSE
TRVI,-3.6004636119916222,-16.081836033266594,-23.013968581156373,18.67115293033159,,13.720000267028809,23588933.6591053,NASDAQ
CMP,-3.4855350226753457,-11.136072628113524,-26.346588078862965,-4.219992378522475,,22.65999984741211,6814972.2941093445,NYSE
WES,-1.7066657303283383,-8.006898346117108,2.278019531041431,8.984774816784768,,45.59000015258789,23455553.58850479,NYSE
GLAS,-22.09492719538213,-35.74803272761321,-52.93342155711316,-30.64594528623662,,5.349999904632568,6249152.988604546,NYSE
BLIN,-0.7918662418157862,-15.022541975624016,-33.11451667266879,-2.195754979700959,,0.8769000172615051,249113.26450371742,NASDAQ
CNSP,1.9233761472076338,-10.992763330395938,5.919154028318907,126.41771419176075,,5.300000190734863,10335.000371932983,NASDAQ
AZN,-3.8818312711692893,-2.0757053453429486,-16.293556400735167,-20.171317913133336,,156.52999877929688,316276845.5635071,NYSE
CFFI,5.378993680533806,6.802632315915025,20.705485461291385,35.414313536448816,,99.45999908447266,8059044.80581665,NASDAQ
SIMA,0.3293090057404635,-0.9929559296745882,0.8496098507832617,2.294350788028332,,11.100000381469727,137484.60472488403,NASDAQ
PICS,2.4373863873100143,-15.619820412357955,-17.814855303105038,-14.133083491514874,,11.619999885559082,20242818.340636253,NASDAQ
SVAQ,0.23743546824230854,0.7958588448955028,0.47600113200119143,2.384800605648718,,10.149999618530273,99957.19624328613,NASDAQ
ZETA,7.104713117385653,1.4405543886646166,51.02468762871444,102.97207480105244,,32.880001068115234,291924497.6432419,NYSE
AVIR,-2.6832956807383845,-7.106781403687834,6.58112439739853,-7.173757138311498,,5.130000114440918,1506198.8136005402,NASDAQ
NTRA,2.852875013325251,27.775977311299837,48.859646892166154,106.63183497752522,,425.6400146484375,860291254.0469971,NASDAQ
XRTX,-1.6820279323565335,-25.45422768428274,-18.490923311148187,-19.109002873158587,,1.7000000476837158,15464.900433778763,NASDAQ
ARTL,-24.892030177145664,-38.72910114775691,-60.81925204470606,-94.37683713358625,,3.509999990463257,148058.8195977211,NASDAQ
BGLWW,,,,,,0.03480000048875809,14.407200202345848,NASDAQ
AWF,-1.3306070026674277,-4.5544577117013425,-5.87776055519228,-4.3461033395728705,,9.479999542236328,4166118.5188293457,NYSE
GRC,1.26214405370364,1.2918734679227883,-11.67461634257706,21.678210912370343,,77.55000305175781,8476758.183578491,NYSE
AIR,-12.92086042969669,-19.42214358115474,-27.35963860070826,-6.37128744795592,,102.23999786376953,79699350.01473999,NYSE
BMA,-5.914893184147818,-15.263548997626142,-27.667879544786167,-12.627115954472934,,68.77999877929688,31825881.03515625,NYSE
HCICU,0.1181790579336317,-0.177731200092901,0.1686612901370621,1.4829712013663787,,10.149999618530273,0.0,NASDAQ
CMI,-0.3105480815680406,-6.128278628384809,-23.235295888686135,-3.5110396954216028,,523.3699951171875,420004944.4515381,NYSE
CCZ,-1.6421803245849187,-4.276895253058244,-4.276899649201704,-1.5477959341968606,,62.900001525878906,0.0,NYSE
TMUSI,-1.6092874993409723,-5.662317921972981,-8.323782697775195,-11.64037890314431,,18.8700008392334,399628.8777732849,NASDAQ
BGX,-0.416113693705944,-1.937042396410038,-3.0565252824748756,-2.3009795468799332,,10.520000457763672,1099550.447845459,NYSE
SCNI,-23.261118420741433,-42.77210964862353,-49.09228528517865,-77.3705448834603,,1.2599999904632568,47365.91964149475,NASDAQ
NOK,-1.3743085747480288,3.56784672884749,-17.48642578932731,23.08241892785883,,10.199999809265137,450141342.5825834,NYSE
EOSE,-7.739483634089139,-5.021045135017244,-40.30612224670242,-34.60981059447489,,3.2699999809265137,77558382.747612,NASDAQ
SAFE,-5.837683243405156,-21.74598983776389,-25.357410799339096,-11.900531485693321,,11.899999618530273,10181104.173631668,NYSE
BHAV,-0.009974295500458918,-0.04984588603620388,0.875428486499108,,,10.024999618530273,69904.3223400116,NASDAQ
NTCT,2.6206011747140323,5.652764472347127,-4.83223909732573,26.067386410070313,,41.20000076293945,27089330.101638794,NASDAQ
UZX,-12.168283949644342,-51.239668670993325,-80.69371680065002,-96.01620527342273,,1.225000023841858,28194.6005487442,NASDAQ
KMB,-2.1383622235103927,-11.31187496771039,-14.751277583178679,-0.6163255695631698,,95.41000366210938,301213770.42144775,NASDAQ
DCBO,2.3591551902960584,-9.17399000136646,26.2814952030741,35.02090653058965,,23.68000030517578,493633.28636169434,NASDAQ
FULC,-2.1963467787952773,-4.248701909643893,-0.8051522062663907,-50.85106302030813,,3.7100000381469727,3940806.560520172,NASDAQ
INMD,-0.8906632012731786,-5.319575649560127,-3.5226650712370966,3.4704947145369536,,14.130000114440918,6565292.603173256,NASDAQ
SBI,-1.162132431437124,-8.115943023249839,-11.045919308521901,-8.57367476774754,,6.929999828338623,752792.021352768,NYSE
EEA,-2.224317249638519,-6.4731356690592605,-5.998550926623003,4.639901567421534,,10.300000190734863,23957.800443649292,NYSE
DUK,-0.09466028779188118,-5.407380681637653,-10.408088410210558,-13.276425668060766,,113.83999633789062,481019634.3661194,NYSE
DGX,-1.4096687102670646,-3.1513645852877525,8.616949967644683,17.60156233092678,,232.22000122070312,235501734.2779541,NYSE
RBC,0.9350543844501402,2.9433238527606376,-17.57579504192206,-6.6985287385828425,,512.5800170898438,153802197.02789307,NYSE
DOCN,-2.741126404394423,25.759048049089127,-2.092407916045824,59.842372574826186,,137.22999572753906,241664080.9261322,NYSE
ELVA,0.7488307335343114,-2.329098554928122,-34.54287322918983,-17.837151619957158,,6.360000133514404,1691842.7155165672,NASDAQ
RBLX,-8.788508636363657,5.924907736078966,-23.529202660915338,-24.049963932597084,,44.58000183105469,450443114.6612549,NYSE
CRNT,-0.8482555613493648,1.8393059189502736,-14.748784002445547,-2.321264933398315,,2.140000104904175,681842.5534243584,NASDAQ
ARBB,4.700463083606676,5.42923476485897,-4.513742525646592,9.944345733118066,,4.480000019073486,18618.88007926941,NASDAQ
CELZ,-4.384824815753152,-15.325538918188553,-23.69692172636998,-53.76887958393974,,0.9200000166893005,65267.56118398905,NASDAQ
BHFAP,-2.941589333365413,-3.641393884176669,-6.659447846064992,-10.260915090744016,,13.609999656677246,175283.18557834625,NASDAQ
LOW,-4.055119190202161,-9.887239361918688,-17.97611689218965,-21.93207904549743,,179.5,497891356.0,NYSE
SKWD,-1.0000020048044012,-5.658541488378588,-10.146080200432017,23.98189742298449,,55.189998626708984,12072315.48960495,NASDAQ
FRD,0.9190563729928325,-9.684560845653278,19.85726800044567,128.47834420069958,,42.20000076293945,1554774.6281089783,NASDAQ
CRVO,18.32419855977254,16.40986218267324,-12.810154644922223,-23.22154336731016,,3.309999942779541,2120458.783343315,NASDAQ
ELDN,-8.284244798639017,-17.57114617040596,-36.74454171306133,-16.688962658132134,,2.5,1796370.0,NASDAQ
CHH,0.6538922955421356,0.17838162469012708,-7.171269273755998,-1.2139236503372675,,99.58000183105469,87276195.54481506,NYSE
VNOM,-1.2841802138245706,-9.894371292339777,-2.0826284817819007,-12.812664347183379,,40.869998931884766,89894012.2206688,NASDAQ
QURE,-41.92439812990316,-49.94711314091775,-45.183263757811396,43.3591872457268,,22.799999237060547,64889550.22864914,NASDAQ
BGIN,27.45719804394964,21.695257148332136,30.237580509718832,-20.406548360050138,,2.450000047683716,142521.40277385712,NASDAQ
SOJE,-0.7038682281960917,0.13943663778319682,-7.015064753879196,-7.753385437981386,,16.040000915527344,1999241.7541122437,NYSE
VIVK,141.61748949465346,52.59631967647249,-80.32217800715348,-97.59371273113138,,4.840000152587891,728778.182975769,NASDAQ
WBD,0.2918494511508163,8.610761373969389,16.9831322941133,13.065734330137868,,30.950000762939453,13416194476.868702,NASDAQ
KGC,-7.544267079785561,-21.621094212652704,-0.24916880628204074,-22.018052848355964,,23.579999923706055,240976139.34031296,NYSE
MBUU,-2.553442774824022,-14.563033233929424,-11.393087488393183,-8.855034346274238,,22.780000686645508,6698163.061899185,NASDAQ
TH,-6.257232551180647,5.604431263729204,3.139918359326477,65.66706464031861,,18.90999984741211,46854138.66192627,NASDAQ
SON,-2.952528004615229,-10.70879389941174,-13.944460909757584,-10.156190957455857,,48.220001220703125,51500793.663757324,NYSE
BZAIW,,,,,,0.05400000140070915,7787.664202004671,NASDAQ
NDAQ,-2.679218105898551,-6.499417497307547,9.815155235613604,6.99353026061551,,92.19000244140625,337612972.1107788,NASDAQ
ONC,-0.6150811271663836,0.015197861107241195,21.31145478499672,20.424282819038186,,361.6499938964844,76198930.41400146,NASDAQ
IMXI,1.8791705351414167,-19.64817680708204,-19.753770499627855,-26.588207746082514,,11.779999732971191,8086840.23668766,NASDAQ
AVR,-1.545195542040434,-11.319877521759015,-24.326997483806178,43.50600601810013,,7.550000190734863,14290338.36101532,NASDAQ
TRBG,1.5817698582127893,-67.99831133599781,,,,3.799999952316284,516343.9935207367,NASDAQ
GCBC,-2.117471676280558,-2.1287634841702596,-0.9400892277434125,49.45820106993673,,34.33000183105469,1009542.3638458252,NASDAQ
NVST,-2.496869877634067,-14.077562377803687,-14.01428737435909,-8.17145208664467,,23.34000015258789,63062906.572280884,NYSE
ESS,-0.8127516553968817,-3.4609423628254476,-8.641032301763552,10.686654364943472,,271.92999267578125,117479467.36578369,NYSE
BUR,-1.4128727317641365,-11.424542796795379,-11.006140365182027,-12.044817528088647,,3.549999952316284,6946384.306695938,NYSE
COPL,0.26534956943937704,0.6277306568386765,1.3215850984086508,2.4995174345010973,,10.579999923706055,3724.1599731445312,NYSE
KPLT,-27.31691484810047,-23.053174082482286,-39.19761556088316,-36.78128574892725,,4.5,822906.0,NASDAQ
DGICB,-6.280031176592837,-28.833262949444606,-25.968754704079057,-4.844566994104937,,17.489999771118164,23436.59969329834,NASDAQ
TWI,-3.8751041843331557,-6.482234537303844,-7.708779722025138,-3.0916229479936552,,6.980000019073486,2424265.686624527,NYSE
STLA,-3.327569249780571,-17.20947336740889,-22.353349774422593,-38.374656286451604,,4.489999771118164,97517716.83894539,NYSE
MEGL,-13.187943020242187,-18.73526936738924,-23.972050345710638,-6.596718497086041,,0.8191999793052673,35971.07109129429,NASDAQ
UFPT,2.10310083595302,1.749807680670079,11.503792917518352,56.177676008291776,,307.3299865722656,41473874.357940674,NASDAQ
FTHM,-31.272928027435455,-43.381685868314946,-63.69186043355172,-37.38302140169327,,0.226500004529953,906051.2071208358,NASDAQ
APYX,-10.500354065870132,-17.101827269906767,-42.63775899107285,-30.752455269346946,,2.5999999046325684,177806.19347810745,NASDAQ
DBVT,-6.862417809797039,-18.475545774764022,-31.392904476756634,-45.775128643092756,,10.4399995803833,2343132.6258220673,NASDAQ
IMCC,-30.22507925194583,-25.48076917566138,-53.9278129291914,-79.35692493664943,,1.940000057220459,207642.08612442017,NASDAQ
AMN,4.841994765852675,6.4527577930514335,6.35848411255624,94.98863807337928,,36.84000015258789,23397968.25691223,NYSE
BRTMU,0.4426545642259194,0.16050774660407718,,,,9.979999542236328,56885.99739074707,NASDAQ
NEGG,-10.940859451064632,-24.44417739143766,-18.939000021753515,-68.16157310281596,,11.9399995803833,482674.48303699493,NASDAQ
BALL,-2.3323325832848463,-10.476975250269893,-9.736548468752638,-4.895528172632291,,57.11000061035156,122873137.18318176,NYSE
ADAMG,-0.7005324007764546,-1.8050832569523112,-1.3364079310017818,1.6389412347343146,,24.6200008392334,575024.7396011353,NASDAQ
TNC,0.48681567094934763,-3.5848359722813528,-22.856815795629693,-1.1632686404361547,,68.06999969482422,12900149.852165222,NYSE
ALTG,3.819326198544659,7.238422508153675,-0.19157070039645951,18.140590590762873,,6.449999809265137,1396489.4587039948,NYSE
DIBS,-1.383396711564644,-12.03172814405602,-17.893868523382817,-27.04678209948438,,4.03000020980835,410673.14138031006,NASDAQ
ADSE,-2.782862517894702,-8.195021843246986,-14.022019098718165,-5.24625193145003,,10.0600004196167,255051.19063854218,NASDAQ
DYORW,,,,,,0.21060000360012054,8.424000144004822,NASDAQ
YMM,0.024227671077636792,-3.9767441865622866,-1.760646583461245,0.38901240126729686,,8.40999984741211,55575953.371650696,NYSE
AGEN,3.8329127564633136,14.271280984192858,168.16834284913648,164.87119422247568,,8.729999542236328,8346377.172351837,NASDAQ
YSWY,2.95652111472986,-17.420201631495978,-2.3102302409778175,,,20.059999465942383,5920708.842372894,NASDAQ
WAL,-1.2533581999201515,-3.8270250292893326,-7.918844448980932,6.344883703598225,,76.0199966430664,121184084.8086853,NYSE
RGTI,-5.065229699999064,1.5860520187150229,-14.317302347278781,12.596251933795365,,15.149999618530273,186935845.29304504,NASDAQ
SPSC,0.9392516517834348,-2.065289885406596,39.28462685254892,46.362277465141965,,80.45999908447266,54675707.317863464,NASDAQ
ITW,-3.793143156377654,-3.9375134999553363,-3.3339211032618277,1.4369523326057676,,264.19000244140625,310518097.0795288,NYSE
BCCQ,-0.3007850936898482,-0.857432118879653,,,,9.949999809265137,2398706.154018402,NASDAQ
VMD,2.645740628508597,2.992125825451275,-22.87735849435516,-3.7021479778333477,,9.239999771118164,2012536.630147934,NASDAQ
CZR,0.10808480528254893,-0.18859074853059266,-2.1654445066123906,12.512337269862805,,29.649999618530273,163561346.84565926,NASDAQ
ICE,-1.9963025209288165,-5.8479407581362715,15.866946692191197,-5.448626995439221,,152.14999389648438,419794005.1599121,NYSE
IRTC,0.41902123344230713,-8.077140638255486,-10.093705765422257,-4.462161299500478,,109.08999633789062,68319137.46655273,NASDAQ
MAAS,-3.0009038010058275,-9.911096104068474,-0.6886485880530424,158.14114005542734,,13.020000457763672,3024064.3663215637,NASDAQ
PTOR,-0.08025483310919457,-0.30029763421940414,0.24154758615102523,1.6741520753816186,,9.960000038146973,608675.5223312378,NASDAQ
RFAI,11.586492390574143,-13.905683675178516,245.9383649698728,250.0642391542291,,37.54999923706055,259508.04472732544,NASDAQ
RCT,-0.4916307690523647,-10.507994746380422,-25.0944862699056,-72.60869528281151,,0.18330000340938568,54605.62091566622,NASDAQ
PVH,-0.7180762993027612,2.312482575083452,-0.8175788229891179,1.4157812427378902,,74.9000015258789,77490867.47866058,NYSE
ZJK,-5.764986201326227,-11.094256301725093,1.5388557878261322,0.48802754586099173,,1.9541000127792358,11140.324172854424,NASDAQ
JCTC,0.3077964210665307,-0.7109005925129197,17.41393265872011,78.8414648169921,,2.9649999141693115,12728.744631528854,NASDAQ
DH,-1.6729561854626707,-0.9252204821054044,12.393962684977765,-17.134277383837194,,0.9861999750137329,162206.22709035873,NASDAQ
BFRI,-12.248711721753502,-33.43005754372833,-3.2179314770286016,14.219691966551506,,0.8909000158309937,639700.065567255,NASDAQ
DLTR,-0.8202302951262341,-12.688024680188814,-7.072394697609575,4.3460680359278525,,113.19000244140625,248083508.7109375,NASDAQ
WGO,-4.424131069148485,-13.098403527631152,-15.68285776519277,-15.475650603184354,,25.0,22500050.0,NYSE
RMM,-2.409077070343335,-11.675340175256876,-15.370515465889323,-7.607414938592694,,12.550000190734863,1070125.966263771,NYSE
ZTG,-37.54369569187808,17.350214452702485,-50.516913403852136,-39.34041717968215,,0.7890999913215637,376129.2454633713,NASDAQ
IMTX,-3.6794004425924953,-13.236225450863781,-18.094859197533065,-17.48645097072594,,7.730000019073486,4283332.150568962,NASDAQ
UONE,-6.442577542136418,-17.121589293100946,-23.48224683770853,-32.77423683220424,,3.9000000953674316,7254.000177383423,NASDAQ
FCHL,-6.325302329598459,-10.460649881479412,-24.99999952086297,-98.38860104944628,,0.9300000071525574,37771.020290493965,NASDAQ
ABT,-3.2222056804766197,-10.33537877682511,5.168268110364638,-3.520796491509459,,100.0999984741211,1196645031.3588867,NYSE
LYTS,0.7900583967711983,5.730745952788019,-18.99488841198117,12.799224572491363,,20.84000015258789,6882472.570392609,NASDAQ
PRAA,-5.470823186565699,2.158658672271563,3.568349897718548,8.750282275284228,,19.40999984741211,8097890.756340027,NASDAQ
ARM,-5.089573842657257,24.540950518853567,-8.830115125742921,100.49649375603056,,302.8999938964844,875823216.3519287,NASDAQ
CENN,-12.111041997446481,-4.49040980271127,7.058565298274111,-44.14096347415908,,3.7899999618530273,15095.569848060608,NASDAQ
CTO,-0.05860095023895173,-4.605629886413876,-4.854005443694353,9.726543273107623,,20.290000915527344,6248102.88192749,NYSE
MBINM,0.6396079103337726,-0.5423541241105889,0.9025408734493867,2.5960945177711414,,25.420000076293945,344644.3610343933,NASDAQ
LTM,-5.399204231863408,-2.039199258261537,-13.429910216725215,1.497438111876459,,50.790000915527344,82867898.90375519,NYSE
UCAR,-8.636733252508733,547.4296995203242,235.4271503534076,614.4131560104704,,3.865000009536743,25076.12006187439,NASDAQ
WU,-2.1214102421665215,-16.717578512576058,-24.056723360500055,-30.930445930168425,,6.099999904632568,50573629.10933161,NYSE
BBUC,0.09403867079518236,-6.636940320007678,-16.308478084643063,-22.8170876631563,,25.950000762939453,6304552.68535614,NYSE
KITT,-40.28035975525724,-63.68302023992467,-75.88099382889808,-93.09689146243245,,1.4800000190734863,331374.96427059174,NASDAQ
FLEX,0.5468623245366677,5.46211572562707,-21.1256109808042,72.42558645490693,,116.76000213623047,304071067.96325684,NASDAQ
MTEN,-2.589841663982906,-4.272549193053743,-31.49175803671207,-18.373160616310834,,0.9624000191688538,144027.01246869564,NASDAQ
OPTXW,,,,,,2.450000047683716,175150.50340890884,NASDAQ
OBA,0.15489222003011172,0.34917428550047536,1.0548971940382623,2.1322820635327755,,10.350000381469727,0.0,NASDAQ
CVNA,-0.7428066575828507,-13.771884783035993,-6.899692457972428,2.2880704739343116,,63.720001220703125,444789057.48095703,NYSE
ASTL,-1.482168454839139,-0.3747069042782436,10.89676698068267,3.6044800952540923,,4.449999809265137,3473104.701136589,NASDAQ
KTWO,0.009912994425009813,0.08928586464891364,1.4581684335408074,2.156744697426949,,10.085000038146973,507678.9019203186,NASDAQ
LGND,1.5632715476728842,7.694031862302508,-3.294491264763777,54.27439918910111,,306.7699890136719,50252912.21029663,NASDAQ
CWBC,0.7655209307382282,1.160468912254542,-2.856087772608684,13.709399453917648,,26.579999923706055,3616873.4896183014,NASDAQ
BHST,0.6139148170443143,-21.291353155985192,-48.89119830152126,-65.79313554883315,,1.465000033378601,26815.360610961914,NASDAQ
AOS,-2.012870662089572,-4.368851236184046,-8.530868134368996,-12.031632586952966,,56.970001220703125,82944447.81726074,NYSE
AREC,-6.246720727652,-25.271968261878484,-9.979841132472867,-24.768325736578333,,1.7400000095367432,2948800.6361620426,NASDAQ
USEA,-8.402489149357628,-7.312806711571462,-0.037740310174472214,28.592232493947932,,2.6649999618530273,199139.45714950562,NASDAQ
FORR,-1.1585667206510442,-7.192725132523792,23.349160197551775,105.53757628558667,,11.229999542236328,995449.6194229126,NASDAQ
CCHH,-2.695617419619345,-21.322008630983944,-77.43712304556229,-85.02525445290566,,0.9922999739646912,4029.730194270611,NASDAQ
TLS,2.9469543256284814,-12.337933199880101,-12.956810197028013,-1.3647079161541176,,4.429999828338623,4851252.942015171,NASDAQ
CSCO,2.8259075400015377,0.021889124549412387,-4.290229019258551,39.87806825410309,,112.81999969482422,1994527964.4248428,NASDAQ
CCID,-0.021668362572468958,-0.36155482075331813,-1.9227584857978153,-0.7584732992768628,,24.8700008392334,52326.48176574707,NYSE
METCZ,-1.1113727433662013,-1.2115338290092592,-1.4328791250065698,0.0644207044719014,,25.165000915527344,148775.48541259766,NASDAQ
MLP,-1.9187908646735585,-1.614306635197582,-9.523811701894026,0.609522009840191,,15.6899995803833,150451.40597629547,NYSE
AACG,-5.515589394667087,-13.21586080640278,-23.643411560117634,-14.533624169520465,,0.7699999809265137,2229.9199447631836,NASDAQ
GUACU,0.059619805760879885,-0.49406738236846826,-0.7294931583927688,,,10.109999656677246,64703.997802734375,NASDAQ
FLNC,1.7790774186026592,-27.50141896706846,-57.05803237479628,-42.16958357958168,,7.650000095367432,42760601.1830678,NASDAQ
SHBI,-0.9347424663602499,-1.6137417404902377,-1.2711135156390552,20.8697481155276,,22.829999923706055,5205239.9826049805,NASDAQ
URGN,-0.9910028234852541,-6.194164302490323,9.520010312187255,125.2983037918404,,42.779998779296875,54284609.95101929,NASDAQ
CX,-2.297437618940301,-10.988600624342105,-21.725555285691755,-15.444700813670597,,9.539999961853027,35731869.517121315,NYSE
SSTK,-4.766400312196684,-29.8818623503327,-60.86872222657009,-75.67502460573971,,4.010000228881836,3620998.126678467,NYSE
JFIN,-9.881424452055443,-28.935064066479775,-53.40599459023691,-68.17124320498738,,1.409999966621399,47153.21888375282,NASDAQ
CDROW,,,,,,0.36000001430511475,565.5600224733353,NASDAQ
VYX,-4.676057188597427,-22.810217219560293,-20.656507154558533,8.392057591298773,,6.840000152587891,17021819.179725647,NYSE
BHP,-0.04913178732214307,-8.721663098794908,3.508345797438084,18.22609932431034,,86.83000183105469,229545703.10061646,NYSE
TD,-2.061447090590096,-2.8560133326449355,-2.632841559246746,25.166251813170582,,117.0999984741211,297289260.52615356,NYSE
DLB,1.1247163922699643,-4.604152690325137,14.995891371055613,-2.71012528326684,,59.36000061035156,45027587.82298279,NYSE
ENGS,4.683194416197445,14.71697762836639,14.371704892483717,156.32377645383318,,3.069999933242798,1226903.9833209515,NASDAQ
HCAT,-1.9187354041780846,4.196641465575568,-18.785044746488854,46.41955038834209,,1.7599999904632568,405232.95780420303,NASDAQ
SDA,-11.238212701803663,-34.75286428789525,-49.22842458283982,-74.82674419687785,,0.40790000557899475,106744.1682599783,NASDAQ
EFSC,-1.4370373040663686,-6.304689559709131,-9.605223436072595,9.040622731185133,,59.81999969482422,13133540.752998352,NASDAQ
GIXI,-13.338690742734494,-64.0499997138977,,,,4.269999980926514,43494.21980571747,NASDAQ
QSEA,0.47896340258672954,0.8388343384964969,1.5470758839445597,3.2124270665913945,,10.720000267028809,2047.5200510025024,NASDAQ
MLAA,-0.11973741317895525,0.059977381789178,0.7042299735968482,1.6243638702096774,,10.010000228881836,304304.0069580078,NASDAQ
TFX,1.7267412824982786,-10.851478748154742,-4.789174010279429,7.002271119205017,,125.23999786376953,70339166.2002182,NYSE
FCEL,2.8194134510374003,6.51959458709781,-43.02570854545515,166.02030698127308,,18.06999969482422,99113641.13611603,NASDAQ
ABEO,-6.953039056590793,-13.736075827762683,-18.83137434628527,11.762133863554558,,5.110000133514404,7170137.5673418045,NASDAQ
GOOD,1.320182851840812,-1.9849221436233022,1.7571875736298148,10.417748690536888,,12.789999961853027,9003264.673147202,NASDAQ
TNON,16.677317045429252,-18.079855270830446,-64.48507197815869,-85.37386332707634,,3.700000047683716,1669606.5215170383,NASDAQ
ALISU,2.835958736571542,2.835958736571542,2.7407380785634983,5.57563907520271,,10.5,12715.5,NASDAQ
SNDL,-8.571427355007232,-7.447577563787588,-4.406272741242134,-3.614459713167373,,1.25,1510855.0,NASDAQ
ALHC,1.4876441705010013,-40.58602171207212,-66.52249828250574,-55.15320482698819,,8.5,87392265.5,NASDAQ
TKNO,-1.5158204762589222,24.355062188032093,58.353935219507534,203.31527965934336,,9.0,4321116.0,NASDAQ
TIGO,-3.41752034235534,-5.716713890658253,-4.060332573812064,15.252124728703208,,91.16999816894531,66729509.73980713,NASDAQ
SYF,-0.41742034405714,-8.241238638513348,-6.253275351107657,5.2407139837066685,,71.87999725341797,159056704.84233856,NYSE
DMRC,21.05687888286152,5.520394404017526,-22.314264122332094,14.236775011016988,,6.099999904632568,1273124.8800959587,NASDAQ
T,-3.4963940252942582,-6.398034028718646,17.683454555607135,-14.720102433695603,,24.239999771118164,829842187.5243645,NYSE
PCG,-1.0177692482214673,-13.970795552369442,-27.439600362116146,-30.564369201394804,,12.350000381469727,378591744.04403114,NYSE
DQ,-3.5837352258324295,-13.86794060838814,-10.976773236105686,-46.86669275839389,,11.039999961853027,4237692.945357323,NYSE
SAH,-2.5724974169806014,-21.37121345586972,-27.150730185700144,-5.8769858888112925,,62.630001068115234,22242293.319328308,NYSE
NEOVW,,,,,,0.8438000082969666,22219.78561848402,NASDAQ
PAAS,-5.335443472054024,-12.153864614855603,1.2778802492511065,-16.711829599611704,,45.31999969482422,93841676.08808899,NYSE
TORO,-3.145571287635629,-14.484093765788064,6.516493779950849,42.71086176578209,,5.269999980926514,185630.47932815552,NASDAQ
WENN,0.08455804866605021,0.27726258750551125,1.1655000427652995,2.318267902658522,,10.420000076293945,0.0,NASDAQ
AARD,-4.008829081026777,-11.495423430429607,-8.453175535634394,30.95834779685507,,5.21999979019165,319730.2071490288,NASDAQ
FTK,0.013494298282523687,26.091024906597916,28.898166375969737,81.79811109088013,,29.670000076293945,15157008.54897499,NYSE
HBM,-0.13381785556528802,-4.036290584384061,18.16502592403557,27.532520991971964,,27.260000228881836,116286008.83636665,NYSE
CGBD,-4.476815608095796,-7.9911005409849745,0.9196710346251136,-2.3960768929833787,,10.5600004196167,5117312.843343735,NASDAQ
PXS,11.629316035148406,24.442944888345885,76.95631835004724,71.76141308933077,,7.909999847412109,1558016.8499450684,NASDAQ
KEY,-1.451264511550976,-7.501150158439829,-13.451602416761155,-0.4161694179207309,,20.18000030517578,253194448.0089798,NYSE
KRAQ,-0.0199724956298164,0.09998229190228969,0.05996730057955535,1.4592666924755138,,10.010000228881836,2317875.6129989624,NASDAQ
ITOC,-12.181339845826034,-10.774364209328569,-14.594247759484247,-21.422691558281095,,0.25360000133514404,49968.58346307278,NASDAQ
AIN,-1.3479143011485784,3.153931560920542,-19.26404582339848,14.10393736818012,,59.47999954223633,20889911.15922928,NYSE
RENX,1.9174035039467352,0.2902708635686757,3.649998946785904,-0.43227853647958003,,1.8899999856948853,111082.85915923119,NASDAQ
BROS,0.4390321231885874,-19.745251829119027,-45.351911985098845,-23.920187634959124,,38.22999954223633,170554120.6777954,NYSE
AIG,0.7086675967839184,-1.8290762864596521,-4.37143001716418,-0.4061584262521456,,75.12000274658203,322828512.28344727,NYSE
ILPT,-5.012060874635161,-14.199251135358448,-19.728199577359195,26.70718572122115,,7.110000133514404,2254573.932337284,NASDAQ
SFB,-1.4942551735884546,-4.216622328529707,-4.546374896139682,-3.2632141484125743,,18.770000457763672,151286.2036895752,NYSE
FOSL,9.46166593245672,32.24280781267146,60.75706935652481,49.91063458076746,,7.21999979019165,11647152.041541576,NASDAQ
CABA,-9.821836950575602,-40.470445881145686,-35.90909105687102,-28.530052454331067,,2.0799999237060547,11207994.308893204,NASDAQ
KRAQU,0.15810638727149495,0.19770924336670603,-0.2950986918770382,1.1374987857828645,,10.140000343322754,0.0,NASDAQ
TIL,0.2521339080564733,-6.38325844380685,-7.244687814044493,-12.140927592176364,,6.949999809265137,89953.84753131866,NASDAQ
IKT,-6.232425986392077,-17.450495933261678,0.15015000681246615,15.531179809679196,,2.0,814670.0,NASDAQ
LXEH,-0.2496876523136793,0.06261884166069986,15.462428599535283,-16.1594949268691,,1.5499999523162842,37209.29885530472,NASDAQ
CDW,-5.4235048194636875,-12.13172723299868,-3.634957542414763,8.987318756431218,,133.9199981689453,146984161.83032227,NASDAQ
SCAG,-8.464078615918137,-20.021645172906478,-46.57831276226223,-80.29683621387485,,0.2224999964237213,26755.624569952488,NASDAQ
ALFUW,,,,,,0.28110000491142273,77.8647013604641,NASDAQ
ILLR,-34.15814802241468,-74.52653475354558,-90.21582727540184,-88.79120905092793,,0.23000000417232513,248278.33450390399,NASDAQ
SGRX,-12.372449291842846,-47.07241817517392,-77.36408558037672,-87.77580066177192,,1.1200000047683716,1900396.9680908918,NASDAQ
YHGJ,5.581395529359656,-3.4042537865351497,-10.805500059003537,-1.9438426573307854,,2.700000047683716,13475.700237989426,NASDAQ
SCYX,9.431496271177032,-4.6860166121348135,13.819663299386864,-28.636364541516812,,5.03000020980835,1790433.6046814919,NASDAQ
VERI,-27.058548385334024,18.199751934550214,-29.711950709127123,-48.76731532646077,,0.7258999943733215,14478341.793073833,NASDAQ
PTLE,3.6007952243277686,-3.7914693430681656,3.1911878770300994,14.384096933791568,,7.059999942779541,240880.13804769516,NASDAQ
CHCT,-2.913705651785259,-6.3349013056102965,-23.4977465921255,-12.424548406376312,,13.359999656677246,7933127.716135979,NYSE
VRCA,-0.9263324438472664,-17.24391986500272,-26.106268465575532,-16.783993224848835,,4.309999942779541,148026.94803476334,NASDAQ
BALY,4.416403112127076,46.02941107526017,2.130472818579654,42.38017341948308,,13.789999961853027,1175432.0167484283,NYSE
FBIOP,0.01187816702505895,-9.57903594422299,-16.53449498075946,23.94200374307516,,18.100000381469727,542366.5114307404,NASDAQ
BSAA,-0.08849591131133705,1.7300397466831985,-4.624325441427446,9.996100936499964,,11.25,7368.75,NASDAQ
MNSB,-0.032166472099715016,-0.702929357833082,0.9583385207237338,11.149858014744085,,24.860000610351562,1433452.4951934814,NASDAQ
INSW,8.134017076141319,13.332932337005277,39.31885988903452,54.53901386413609,,116.5999984741211,126720528.54167938,NYSE
PRKS,-1.0707539897609752,-19.774039838319624,-31.633381688651095,-1.1609529796363316,,34.38999938964844,35905291.54275513,NYSE
DTSQ,0.45217431109885187,1.7797360861353972,1.9414055496506988,3.4754542655431653,,11.579999923706055,5789.999961853027,NASDAQ
GHC,-0.32193397237568755,1.6841980150432034,-1.9696043948542963,7.865312636405708,,1155.3599853515625,28033654.684570312,NYSE
ASMB,-4.262214225740079,-34.42781691172726,-17.563313386361756,-18.880675704943574,,22.739999771118164,5497190.284669876,NASDAQ
OGN,-0.0582990947891715,-0.3632692553450112,1.3000430696168186,126.7526462097217,,13.699999809265137,39479796.35035229,NYSE
CLDT,2.138555780310547,2.8978922857051392,4.741315285543712,72.08830477311456,,13.720000267028809,3891362.51573658,NYSE
VERX,3.297463792402877,-14.328895294273703,-5.6735354290610935,-0.4349300427730518,,12.279999732971191,19625674.533239365,NASDAQ
STRA,1.025122923931776,-5.6957595226290625,-2.913299122163371,-5.9880828477147485,,79.27999877929688,13652015.789794922,NASDAQ
DNP,-3.4182896249014383,-11.73752704640567,-11.965340619798992,-6.992600497842516,,9.479999542236328,9242061.033725739,NYSE
CCNE,-0.27220942617801613,-0.6953039526634952,-0.18360885317940667,15.336706950813417,,34.0099983215332,3171772.4434661865,NASDAQ
CCD,-2.6924895806770155,-7.248988088747987,-11.587985796586098,4.771592266076929,,22.899999618530273,1427723.3762168884,NASDAQ
STT,-2.55330396517488,-8.06707970964079,1.5545210483911776,37.990991943417754,,176.3699951171875,319207821.28271484,NYSE
YHC,-3.898050926281238,-18.13537915351692,-74.96093846915754,-98.72463194053468,,1.2599999904632568,31395.41976237297,NASDAQ
CHDN,-3.690006868870399,-14.25285762960604,-14.576453611981066,-14.247055609574033,,77.56999969482422,103864135.20137787,NASDAQ
ROG,11.345932095549838,22.681489006428833,3.6336601704587634,44.35713427310111,,159.10000610351562,44246825.39743042,NYSE
LOBO,-11.011429722406696,-12.047244465644457,-24.54919327083347,15.517085635190874,,0.5220999717712402,94159.16360902786,NASDAQ
MOBXW,,,,,,0.07000000029802322,138.81000059098005,NASDAQ
SCOR,-7.676518371550989,-11.838492879041663,-37.31884092158481,-35.998860747279274,,4.300000190734863,147782.40655517578,NASDAQ
CHAR,-0.12741116516885587,0.2558053248344905,1.6111108707302257,3.7240098958583934,,10.970000267028809,13164.00032043457,NASDAQ
FXACU,1.2319144776804514,1.5496328849511132,3.0658986667792654,,,10.369999885559082,5184.999942779541,NASDAQ
FORTY,0.5498438173639375,-8.981928858902998,6.992036200294693,-3.678675593629488,,118.1449966430664,163512.6753540039,NASDAQ
